ISO-10303-21;
HEADER;
/* Generated by software containing ST-Developer
 * from STEP Tools, Inc. (www.steptools.com) 
 */

FILE_DESCRIPTION(
/* description */ ('STEP AP214'),
/* implementation_level */ '2;1');

FILE_NAME(
/* name */ 'Case Lid.step',
/* time_stamp */ '2026-08-29T00:00:00-04:00',
/* author */ (''),
/* organization */ (''),
/* preprocessor_version */ 'Named STEP solid extractor',
/* originating_system */ 'ESP32-Walkie-Talkie-V2',
/* authorisation */ '');

FILE_SCHEMA (('AUTOMOTIVE_DESIGN { 1 0 10303 214 3 1 1 }'));
ENDSEC;

DATA;
#1090=B_SPLINE_SURFACE_WITH_KNOTS('',3,3,((#438384,#438385,#438386,#438387),
(#438388,#438389,#438390,#438391),(#438392,#438393,#438394,#438395),(#438396,
#438397,#438398,#438399),(#438400,#438401,#438402,#438403),(#438404,#438405,
#438406,#438407),(#438408,#438409,#438410,#438411)),.UNSPECIFIED.,.F.,.F.,
 .F.,(4,1,1,1,4),(4,4),(0.,0.285714285714286,0.571428571428571,0.785714285714286,
1.),(0.,0.162491678982706),.UNSPECIFIED.);
#1091=B_SPLINE_SURFACE_WITH_KNOTS('',3,3,((#438432,#438433,#438434,#438435),
(#438436,#438437,#438438,#438439),(#438440,#438441,#438442,#438443),(#438444,
#438445,#438446,#438447),(#438448,#438449,#438450,#438451),(#438452,#438453,
#438454,#438455),(#438456,#438457,#438458,#438459)),.UNSPECIFIED.,.F.,.F.,
 .F.,(4,1,1,1,4),(4,4),(0.,0.285714285714286,0.571428571428571,0.785714285714286,
1.),(0.,0.162491678984799),.UNSPECIFIED.);
#1092=B_SPLINE_SURFACE_WITH_KNOTS('',3,3,((#438471,#438472,#438473,#438474,
#438475),(#438476,#438477,#438478,#438479,#438480),(#438481,#438482,#438483,
#438484,#438485),(#438486,#438487,#438488,#438489,#438490),(#438491,#438492,
#438493,#438494,#438495),(#438496,#438497,#438498,#438499,#438500),(#438501,
#438502,#438503,#438504,#438505)),.UNSPECIFIED.,.F.,.F.,.F.,(4,1,1,1,4),
(4,1,4),(0.,0.285714285714286,0.571428571428571,0.785714285714286,1.),(6.26232140816208E-15,
0.322870575917381,0.753364677140548),.UNSPECIFIED.);
#1093=B_SPLINE_SURFACE_WITH_KNOTS('',3,3,((#438519,#438520,#438521,#438522),
(#438523,#438524,#438525,#438526),(#438527,#438528,#438529,#438530),(#438531,
#438532,#438533,#438534),(#438535,#438536,#438537,#438538),(#438539,#438540,
#438541,#438542)),.UNSPECIFIED.,.F.,.F.,.F.,(4,1,1,4),(4,4),(0.,0.285714285714286,
0.571428571428571,1.),(1.19469383877689E-15,0.028186377156418),
 .UNSPECIFIED.);
#1094=B_SPLINE_SURFACE_WITH_KNOTS('',3,3,((#438560,#438561,#438562,#438563),
(#438564,#438565,#438566,#438567),(#438568,#438569,#438570,#438571),(#438572,
#438573,#438574,#438575),(#438576,#438577,#438578,#438579),(#438580,#438581,
#438582,#438583)),.UNSPECIFIED.,.F.,.F.,.F.,(4,1,1,4),(4,4),(0.,0.285714285714286,
0.571428571428571,1.),(0.,0.0281863771564215),.UNSPECIFIED.);
#1095=B_SPLINE_SURFACE_WITH_KNOTS('',3,3,((#438595,#438596,#438597,#438598,
#438599),(#438600,#438601,#438602,#438603,#438604),(#438605,#438606,#438607,
#438608,#438609),(#438610,#438611,#438612,#438613,#438614),(#438615,#438616,
#438617,#438618,#438619),(#438620,#438621,#438622,#438623,#438624),(#438625,
#438626,#438627,#438628,#438629)),.UNSPECIFIED.,.F.,.F.,.F.,(4,1,1,1,4),
(4,1,4),(0.,0.285714285714286,0.571428571428571,0.785714285714286,1.),(0.,
0.32286911071142,0.753361258326647),.UNSPECIFIED.);
#1096=B_SPLINE_SURFACE_WITH_KNOTS('',3,3,((#438643,#438644,#438645,#438646),
(#438647,#438648,#438649,#438650),(#438651,#438652,#438653,#438654),(#438655,
#438656,#438657,#438658),(#438659,#438660,#438661,#438662),(#438663,#438664,
#438665,#438666),(#438667,#438668,#438669,#438670)),.UNSPECIFIED.,.F.,.F.,
 .F.,(4,1,1,1,4),(4,4),(0.,0.285714285714286,0.571428571428571,0.785714285714286,
1.),(0.,0.162491678930951),.UNSPECIFIED.);
#1097=B_SPLINE_SURFACE_WITH_KNOTS('',3,3,((#438688,#438689,#438690,#438691),
(#438692,#438693,#438694,#438695),(#438696,#438697,#438698,#438699),(#438700,
#438701,#438702,#438703),(#438704,#438705,#438706,#438707),(#438708,#438709,
#438710,#438711),(#438712,#438713,#438714,#438715)),.UNSPECIFIED.,.F.,.F.,
 .F.,(4,1,1,1,4),(4,4),(0.,0.285714285714286,0.571428571428571,0.785714285714286,
1.),(0.,0.162491679160382),.UNSPECIFIED.);
#1098=B_SPLINE_SURFACE_WITH_KNOTS('',3,3,((#438727,#438728,#438729,#438730,
#438731),(#438732,#438733,#438734,#438735,#438736),(#438737,#438738,#438739,
#438740,#438741),(#438742,#438743,#438744,#438745,#438746),(#438747,#438748,
#438749,#438750,#438751),(#438752,#438753,#438754,#438755,#438756),(#438757,
#438758,#438759,#438760,#438761)),.UNSPECIFIED.,.F.,.F.,.F.,(4,1,1,1,4),
(4,1,4),(0.,0.285714285714286,0.571428571428571,0.785714285714286,1.),(6.35640253211822E-17,
0.430493849866686,0.753364237266701),.UNSPECIFIED.);
#1099=B_SPLINE_SURFACE_WITH_KNOTS('',3,3,((#438775,#438776,#438777,#438778),
(#438779,#438780,#438781,#438782),(#438783,#438784,#438785,#438786),(#438787,
#438788,#438789,#438790),(#438791,#438792,#438793,#438794),(#438795,#438796,
#438797,#438798)),.UNSPECIFIED.,.F.,.F.,.F.,(4,1,1,4),(4,4),(0.,0.285714285714286,
0.571428571428571,1.),(0.,0.0281863771573179),.UNSPECIFIED.);
#1100=B_SPLINE_SURFACE_WITH_KNOTS('',3,3,((#438816,#438817,#438818,#438819),
(#438820,#438821,#438822,#438823),(#438824,#438825,#438826,#438827),(#438828,
#438829,#438830,#438831),(#438832,#438833,#438834,#438835),(#438836,#438837,
#438838,#438839)),.UNSPECIFIED.,.F.,.F.,.F.,(4,1,1,4),(4,4),(0.,0.285714285714286,
0.571428571428571,1.),(0.,0.0281863773559647),.UNSPECIFIED.);
#1101=B_SPLINE_SURFACE_WITH_KNOTS('',3,3,((#438851,#438852,#438853,#438854,
#438855),(#438856,#438857,#438858,#438859,#438860),(#438861,#438862,#438863,
#438864,#438865),(#438866,#438867,#438868,#438869,#438870),(#438871,#438872,
#438873,#438874,#438875),(#438876,#438877,#438878,#438879,#438880),(#438881,
#438882,#438883,#438884,#438885)),.UNSPECIFIED.,.F.,.F.,.F.,(4,1,1,1,4),
(4,1,4),(0.,0.285714285714286,0.571428571428571,0.785714285714286,1.),(0.,
0.322869292627975,0.753361682798607),.UNSPECIFIED.);
#1102=B_SPLINE_SURFACE_WITH_KNOTS('',3,3,((#438896,#438897,#438898,#438899,
#438900,#438901),(#438902,#438903,#438904,#438905,#438906,#438907),(#438908,
#438909,#438910,#438911,#438912,#438913),(#438914,#438915,#438916,#438917,
#438918,#438919),(#438920,#438921,#438922,#438923,#438924,#438925)),
 .UNSPECIFIED.,.F.,.F.,.F.,(4,1,4),(4,1,1,4),(0.209498835774985,0.661213786760708,
1.),(-2.3641315456248,-2.1631142411605,-2.02910270485097,-1.89509116854143),
 .UNSPECIFIED.);
#1103=B_SPLINE_SURFACE_WITH_KNOTS('',3,3,((#438936,#438937,#438938,#438939),
(#438940,#438941,#438942,#438943),(#438944,#438945,#438946,#438947),(#438948,
#438949,#438950,#438951),(#438952,#438953,#438954,#438955)),
 .UNSPECIFIED.,.F.,.F.,.F.,(4,1,4),(4,4),(0.212489301569341,0.549993886611052,
1.),(-4.71029827660959,-4.685297100206),.UNSPECIFIED.);
#1104=B_SPLINE_SURFACE_WITH_KNOTS('',3,3,((#438966,#438967,#438968,#438969),
(#438970,#438971,#438972,#438973),(#438974,#438975,#438976,#438977),(#438978,
#438979,#438980,#438981),(#438982,#438983,#438984,#438985)),
 .UNSPECIFIED.,.F.,.F.,.F.,(4,1,4),(4,4),(0.212489301569338,0.54999388661105,
1.),(-4.685297100206,-4.66029655584133),.UNSPECIFIED.);
#1105=B_SPLINE_SURFACE_WITH_KNOTS('',3,3,((#438992,#438993,#438994,#438995,
#438996,#438997),(#438998,#438999,#439000,#439001,#439002,#439003),(#439004,
#439005,#439006,#439007,#439008,#439009),(#439010,#439011,#439012,#439013,
#439014,#439015),(#439016,#439017,#439018,#439019,#439020,#439021)),
 .UNSPECIFIED.,.F.,.F.,.F.,(4,1,4),(4,1,1,4),(0.210253153378261,0.54871608764472,
1.),(-1.89507377347297,-1.76099413106859,-1.62691448866422,-1.42579502505766),
 .UNSPECIFIED.);
#1106=B_SPLINE_SURFACE_WITH_KNOTS('',3,3,((#439100,#439101,#439102,#439103),
(#439104,#439105,#439106,#439107),(#439108,#439109,#439110,#439111),(#439112,
#439113,#439114,#439115)),.UNSPECIFIED.,.F.,.F.,.F.,(4,4),(4,4),(0.310250444840624,
1.),(-4.8786178782605,-4.75346158898034),.UNSPECIFIED.);
#1107=B_SPLINE_SURFACE_WITH_KNOTS('',3,3,((#439126,#439127,#439128,#439129),
(#439130,#439131,#439132,#439133),(#439134,#439135,#439136,#439137),(#439138,
#439139,#439140,#439141)),.UNSPECIFIED.,.F.,.F.,.F.,(4,4),(4,4),(0.31025044484062,
1.),(-4.87785530183364,-4.75252882626357),.UNSPECIFIED.);
#1108=B_SPLINE_SURFACE_WITH_KNOTS('',3,3,((#439166,#439167,#439168,#439169),
(#439170,#439171,#439172,#439173),(#439174,#439175,#439176,#439177),(#439178,
#439179,#439180,#439181)),.UNSPECIFIED.,.F.,.F.,.F.,(4,4),(4,4),(0.310250444840274,
1.),(-5.00349399255467,-4.87838933704521),.UNSPECIFIED.);
#1109=B_SPLINE_SURFACE_WITH_KNOTS('',3,3,((#439192,#439193,#439194,#439195),
(#439196,#439197,#439198,#439199),(#439200,#439201,#439202,#439203),(#439204,
#439205,#439206,#439207)),.UNSPECIFIED.,.F.,.F.,.F.,(4,4),(4,4),(0.310250444840624,
1.),(-5.00310097890579,-4.87785530183364),.UNSPECIFIED.);
#1110=B_SPLINE_SURFACE_WITH_KNOTS('',3,3,((#439214,#439215,#439216,#439217,
#439218,#439219),(#439220,#439221,#439222,#439223,#439224,#439225),(#439226,
#439227,#439228,#439229,#439230,#439231),(#439232,#439233,#439234,#439235,
#439236,#439237),(#439238,#439239,#439240,#439241,#439242,#439243)),
 .UNSPECIFIED.,.F.,.F.,.F.,(4,1,4),(4,1,1,4),(0.209525191640509,0.548300109508862,
1.),(-1.89502690959012,-1.69387188409101,-1.55976853375828,-1.42566518342554),
 .UNSPECIFIED.);
#1111=B_SPLINE_SURFACE_WITH_KNOTS('',3,3,((#439337,#439338,#439339,#439340,
#439341,#439342,#439343),(#439344,#439345,#439346,#439347,#439348,#439349,
#439350),(#439351,#439352,#439353,#439354,#439355,#439356,#439357),(#439358,
#439359,#439360,#439361,#439362,#439363,#439364),(#439365,#439366,#439367,
#439368,#439369,#439370,#439371)),.UNSPECIFIED.,.F.,.F.,.F.,(4,1,4),(4,
1,1,1,4),(0.210258481581762,0.661539349249327,1.),(-2.36389044743615,-2.26343249724297,
-2.16297454704978,-2.02903061345886,-1.89508667986794),.UNSPECIFIED.);
#1112=B_SPLINE_SURFACE_WITH_KNOTS('',3,3,((#439381,#439382,#439383,#439384),
(#439385,#439386,#439387,#439388),(#439389,#439390,#439391,#439392),(#439393,
#439394,#439395,#439396),(#439397,#439398,#439399,#439400)),
 .UNSPECIFIED.,.F.,.F.,.F.,(4,1,4),(4,4),(0.212489301564708,0.549993886608404,
1.),(-4.68537674191299,-4.66037644967306),.UNSPECIFIED.);
#1113=B_SPLINE_SURFACE_WITH_KNOTS('',3,3,((#439407,#439408,#439409,#439410),
(#439411,#439412,#439413,#439414),(#439415,#439416,#439417,#439418),(#439419,
#439420,#439421,#439422),(#439423,#439424,#439425,#439426)),
 .UNSPECIFIED.,.F.,.F.,.F.,(4,1,4),(4,4),(0.212489301569289,0.549993886611022,
1.),(-4.71051591734318,-4.6855149992617),.UNSPECIFIED.);
#1896=B_SPLINE_CURVE_WITH_KNOTS('',3,(#438416,#438417,#438418,#438419),
 .UNSPECIFIED.,.F.,.F.,(4,4),(-0.162491678982706,0.),.UNSPECIFIED.);
#1897=B_SPLINE_CURVE_WITH_KNOTS('',3,(#438422,#438423,#438424,#438425),
 .UNSPECIFIED.,.F.,.F.,(4,4),(0.,0.162491678982706),.UNSPECIFIED.);
#1898=B_SPLINE_CURVE_WITH_KNOTS('',3,(#438463,#438464,#438465,#438466),
 .UNSPECIFIED.,.F.,.F.,(4,4),(-0.162491678984799,0.),.UNSPECIFIED.);
#1899=B_SPLINE_CURVE_WITH_KNOTS('',3,(#438467,#438468,#438469,#438470),
 .UNSPECIFIED.,.F.,.F.,(4,4),(0.,0.162491678984799),.UNSPECIFIED.);
#1900=B_SPLINE_CURVE_WITH_KNOTS('',3,(#438509,#438510,#438511,#438512,#438513),
 .UNSPECIFIED.,.F.,.F.,(4,1,4),(-0.753364677140548,-0.322870575917381,-6.26232140816208E-15),
 .UNSPECIFIED.);
#1901=B_SPLINE_CURVE_WITH_KNOTS('',3,(#438514,#438515,#438516,#438517,#438518),
 .UNSPECIFIED.,.F.,.F.,(4,1,4),(6.26232140816208E-15,0.322870575917381,
0.753364677140548),.UNSPECIFIED.);
#1902=B_SPLINE_CURVE_WITH_KNOTS('',3,(#438546,#438547,#438548,#438549),
 .UNSPECIFIED.,.F.,.F.,(4,4),(-0.028186377156418,-1.19469383877689E-15),
 .UNSPECIFIED.);
#1903=B_SPLINE_CURVE_WITH_KNOTS('',3,(#438550,#438551,#438552,#438553),
 .UNSPECIFIED.,.F.,.F.,(4,4),(1.19469383877689E-15,0.028186377156418),
 .UNSPECIFIED.);
#1904=B_SPLINE_CURVE_WITH_KNOTS('',3,(#438587,#438588,#438589,#438590),
 .UNSPECIFIED.,.F.,.F.,(4,4),(-0.0281863771564215,0.),.UNSPECIFIED.);
#1905=B_SPLINE_CURVE_WITH_KNOTS('',3,(#438591,#438592,#438593,#438594),
 .UNSPECIFIED.,.F.,.F.,(4,4),(0.,0.0281863771564215),.UNSPECIFIED.);
#1906=B_SPLINE_CURVE_WITH_KNOTS('',3,(#438633,#438634,#438635,#438636,#438637),
 .UNSPECIFIED.,.F.,.F.,(4,1,4),(-0.753361258326647,-0.32286911071142,0.),
 .UNSPECIFIED.);
#1907=B_SPLINE_CURVE_WITH_KNOTS('',3,(#438638,#438639,#438640,#438641,#438642),
 .UNSPECIFIED.,.F.,.F.,(4,1,4),(0.,0.32286911071142,0.753361258326647),
 .UNSPECIFIED.);
#1908=B_SPLINE_CURVE_WITH_KNOTS('',3,(#438674,#438675,#438676,#438677),
 .UNSPECIFIED.,.F.,.F.,(4,4),(-0.162491678930951,0.),.UNSPECIFIED.);
#1909=B_SPLINE_CURVE_WITH_KNOTS('',3,(#438678,#438679,#438680,#438681),
 .UNSPECIFIED.,.F.,.F.,(4,4),(0.,0.162491678930951),.UNSPECIFIED.);
#1910=B_SPLINE_CURVE_WITH_KNOTS('',3,(#438719,#438720,#438721,#438722),
 .UNSPECIFIED.,.F.,.F.,(4,4),(-0.162491679160382,0.),.UNSPECIFIED.);
#1911=B_SPLINE_CURVE_WITH_KNOTS('',3,(#438723,#438724,#438725,#438726),
 .UNSPECIFIED.,.F.,.F.,(4,4),(0.,0.162491679160382),.UNSPECIFIED.);
#1912=B_SPLINE_CURVE_WITH_KNOTS('',3,(#438765,#438766,#438767,#438768,#438769),
 .UNSPECIFIED.,.F.,.F.,(4,1,4),(-0.753364237266701,-0.430493849866686,-6.35640253211822E-17),
 .UNSPECIFIED.);
#1913=B_SPLINE_CURVE_WITH_KNOTS('',3,(#438770,#438771,#438772,#438773,#438774),
 .UNSPECIFIED.,.F.,.F.,(4,1,4),(6.35640253211822E-17,0.430493849866686,
0.753364237266701),.UNSPECIFIED.);
#1914=B_SPLINE_CURVE_WITH_KNOTS('',3,(#438802,#438803,#438804,#438805),
 .UNSPECIFIED.,.F.,.F.,(4,4),(-0.0281863771573179,0.),.UNSPECIFIED.);
#1915=B_SPLINE_CURVE_WITH_KNOTS('',3,(#438806,#438807,#438808,#438809),
 .UNSPECIFIED.,.F.,.F.,(4,4),(0.,0.0281863771573179),.UNSPECIFIED.);
#1916=B_SPLINE_CURVE_WITH_KNOTS('',3,(#438843,#438844,#438845,#438846),
 .UNSPECIFIED.,.F.,.F.,(4,4),(-0.0281863773559647,0.),.UNSPECIFIED.);
#1917=B_SPLINE_CURVE_WITH_KNOTS('',3,(#438847,#438848,#438849,#438850),
 .UNSPECIFIED.,.F.,.F.,(4,4),(0.,0.0281863773559647),.UNSPECIFIED.);
#1918=B_SPLINE_CURVE_WITH_KNOTS('',3,(#438886,#438887,#438888,#438889,#438890),
 .UNSPECIFIED.,.F.,.F.,(4,1,4),(-0.753361682798607,-0.322869292627975,0.),
 .UNSPECIFIED.);
#1919=B_SPLINE_CURVE_WITH_KNOTS('',3,(#438891,#438892,#438893,#438894,#438895),
 .UNSPECIFIED.,.F.,.F.,(4,1,4),(0.,0.322869292627975,0.753361682798607),
 .UNSPECIFIED.);
#1920=B_SPLINE_CURVE_WITH_KNOTS('',3,(#438929,#438930,#438931,#438932,#438933,
#438934),.UNSPECIFIED.,.F.,.F.,(4,1,1,4),(1.89509116854143,2.02910270485097,
2.1631142411605,2.3641315456248),.UNSPECIFIED.);
#1921=B_SPLINE_CURVE_WITH_KNOTS('',3,(#438958,#438959,#438960,#438961),
 .UNSPECIFIED.,.F.,.F.,(4,4),(4.685297100206,4.71029827660959),
 .UNSPECIFIED.);
#1922=B_SPLINE_CURVE_WITH_KNOTS('',3,(#438988,#438989,#438990,#438991),
 .UNSPECIFIED.,.F.,.F.,(4,4),(4.66029655584133,4.685297100206),
 .UNSPECIFIED.);
#1923=B_SPLINE_CURVE_WITH_KNOTS('',3,(#439024,#439025,#439026,#439027,#439028,
#439029,#439030,#439031,#439032,#439033,#439034,#439035,#439036,#439037,
#439038,#439039,#439040,#439041,#439042,#439043,#439044,#439045,#439046,
#439047,#439048,#439049,#439050,#439051,#439052,#439053,#439054,#439055,
#439056,#439057,#439058,#439059,#439060,#439061,#439062,#439063,#439064,
#439065,#439066,#439067,#439068,#439069,#439070,#439071,#439072,#439073,
#439074,#439075,#439076,#439077,#439078,#439079,#439080,#439081,#439082,
#439083,#439084,#439085,#439086,#439087,#439088,#439089,#439090,#439091,
#439092,#439093,#439094,#439095,#439096,#439097,#439098,#439099),
 .UNSPECIFIED.,.F.,.F.,(4,3,3,3,3,3,3,3,3,3,3,3,3,3,3,3,3,3,3,3,3,3,3,3,
3,4),(1.42579502505766,1.44477330412158,1.46392695827526,1.47186345907425,
1.49157141386614,1.51143844306388,1.5314190597801,1.55137333354174,1.57116238646513,
1.58969226788992,1.60966721469575,1.62705218061444,1.64740490943847,1.6672693763387,
1.68786623612462,1.70846309591054,1.72846599464304,1.74846278951641,1.76117381963917,
1.78127791956573,1.8013820194923,1.82118168292761,1.84110685920071,1.86101546937761,
1.88077804058173,1.89507377347297),.UNSPECIFIED.);
#1924=B_SPLINE_CURVE_WITH_KNOTS('',3,(#439118,#439119,#439120,#439121),
 .UNSPECIFIED.,.F.,.F.,(4,4),(4.75346158898034,4.8786178782605),
 .UNSPECIFIED.);
#1925=B_SPLINE_CURVE_WITH_KNOTS('',3,(#439144,#439145,#439146,#439147),
 .UNSPECIFIED.,.F.,.F.,(4,4),(4.75252882626357,4.87785530183364),
 .UNSPECIFIED.);
#1926=B_SPLINE_CURVE_WITH_KNOTS('',3,(#439183,#439184,#439185,#439186),
 .UNSPECIFIED.,.F.,.F.,(4,4),(4.87838933704521,5.00349399255467),
 .UNSPECIFIED.);
#1927=B_SPLINE_CURVE_WITH_KNOTS('',3,(#439209,#439210,#439211,#439212),
 .UNSPECIFIED.,.F.,.F.,(4,4),(4.87785530183364,5.00310097890579),
 .UNSPECIFIED.);
#1928=B_SPLINE_CURVE_WITH_KNOTS('',3,(#439246,#439247,#439248,#439249,#439250,
#439251,#439252,#439253,#439254,#439255,#439256,#439257,#439258,#439259,
#439260,#439261,#439262,#439263,#439264,#439265,#439266,#439267,#439268,
#439269,#439270,#439271,#439272,#439273,#439274,#439275,#439276,#439277,
#439278,#439279,#439280,#439281,#439282,#439283,#439284,#439285,#439286,
#439287,#439288,#439289,#439290,#439291,#439292,#439293,#439294,#439295,
#439296,#439297,#439298,#439299,#439300,#439301,#439302,#439303,#439304,
#439305,#439306,#439307,#439308,#439309,#439310,#439311,#439312,#439313,
#439314,#439315,#439316,#439317,#439318,#439319,#439320,#439321,#439322,
#439323,#439324,#439325,#439326,#439327,#439328,#439329,#439330,#439331,
#439332,#439333,#439334,#439335,#439336),.UNSPECIFIED.,.F.,.F.,(4,3,3,3,
3,3,3,3,3,3,3,3,3,3,3,3,3,3,3,3,3,3,3,3,3,3,3,3,3,3,4),(1.42566518342554,
1.44452567823889,1.46346227643743,1.48244264400658,1.48571022490045,1.50500395692496,
1.52432162764772,1.5435899731087,1.55969186892179,1.57904433189458,1.59838111601964,
1.60119308286411,1.62115243159346,1.64122155028305,1.66124819669432,1.68107379210398,
1.69381607473755,1.71402406064516,1.71514904058994,1.73523785008172,1.75565019274899,
1.77614844704713,1.79662814206373,1.80277806503413,1.80595101535683,1.80911732685305,
1.8290297059026,1.84891527031048,1.86869089791149,1.88821471979634,1.89502690959012),
 .UNSPECIFIED.);
#1929=B_SPLINE_CURVE_WITH_KNOTS('',3,(#439373,#439374,#439375,#439376,#439377,
#439378,#439379),.UNSPECIFIED.,.F.,.F.,(4,1,1,1,4),(1.89508667986794,2.02903061345886,
2.16297454704978,2.26343249724297,2.36389044743615),.UNSPECIFIED.);
#1930=B_SPLINE_CURVE_WITH_KNOTS('',3,(#439403,#439404,#439405,#439406),
 .UNSPECIFIED.,.F.,.F.,(4,4),(4.66037644967306,4.68537674191299),
 .UNSPECIFIED.);
#1931=B_SPLINE_CURVE_WITH_KNOTS('',3,(#439428,#439429,#439430,#439431),
 .UNSPECIFIED.,.F.,.F.,(4,4),(4.6855149992617,4.71051591734318),
 .UNSPECIFIED.);
#7424=MANIFOLD_SOLID_BREP('Case Lid',#262445);
#35046=LINE('',#438276,#63118);
#35047=LINE('',#438278,#63119);
#35048=LINE('',#438280,#63120);
#35049=LINE('',#438281,#63121);
#35050=LINE('',#438284,#63122);
#35051=LINE('',#438286,#63123);
#35052=LINE('',#438287,#63124);
#35053=LINE('',#438290,#63125);
#35054=LINE('',#438292,#63126);
#35055=LINE('',#438293,#63127);
#35056=LINE('',#438295,#63128);
#35057=LINE('',#438296,#63129);
#35058=LINE('',#438303,#63130);
#35059=LINE('',#438305,#63131);
#35060=LINE('',#438307,#63132);
#35061=LINE('',#438308,#63133);
#35062=LINE('',#438311,#63134);
#35063=LINE('',#438313,#63135);
#35064=LINE('',#438315,#63136);
#35065=LINE('',#438316,#63137);
#35066=LINE('',#438320,#63138);
#35067=LINE('',#438322,#63139);
#35068=LINE('',#438323,#63140);
#35069=LINE('',#438324,#63141);
#35070=LINE('',#438326,#63142);
#35071=LINE('',#438329,#63143);
#35072=LINE('',#438331,#63144);
#35073=LINE('',#438333,#63145);
#35074=LINE('',#438334,#63146);
#35075=LINE('',#438336,#63147);
#35076=LINE('',#438338,#63148);
#35077=LINE('',#438344,#63149);
#35078=LINE('',#438347,#63150);
#35079=LINE('',#438350,#63151);
#35080=LINE('',#438352,#63152);
#35081=LINE('',#438353,#63153);
#35082=LINE('',#438358,#63154);
#35083=LINE('',#438362,#63155);
#35084=LINE('',#438364,#63156);
#35085=LINE('',#438365,#63157);
#35086=LINE('',#438371,#63158);
#35087=LINE('',#438377,#63159);
#35088=LINE('',#438380,#63160);
#35089=LINE('',#438382,#63161);
#35090=LINE('',#438383,#63162);
#35091=LINE('',#438430,#63163);
#35092=LINE('',#438431,#63164);
#35093=LINE('',#438558,#63165);
#35094=LINE('',#438559,#63166);
#35095=LINE('',#438686,#63167);
#35096=LINE('',#438687,#63168);
#35097=LINE('',#438814,#63169);
#35098=LINE('',#438815,#63170);
#35099=LINE('',#438965,#63171);
#35100=LINE('',#439125,#63172);
#35101=LINE('',#439150,#63173);
#35102=LINE('',#439152,#63174);
#35103=LINE('',#439153,#63175);
#35104=LINE('',#439156,#63176);
#35105=LINE('',#439160,#63177);
#35106=LINE('',#439161,#63178);
#35107=LINE('',#439164,#63179);
#35108=LINE('',#439190,#63180);
#35109=LINE('',#439434,#63181);
#35110=LINE('',#439437,#63182);
#35111=LINE('',#439440,#63183);
#35112=LINE('',#439443,#63184);
#35113=LINE('',#439444,#63185);
#35114=LINE('',#439447,#63186);
#35115=LINE('',#439451,#63187);
#35116=LINE('',#439452,#63188);
#35117=LINE('',#439455,#63189);
#35118=LINE('',#439458,#63190);
#35119=LINE('',#439461,#63191);
#35120=LINE('',#439463,#63192);
#35121=LINE('',#439464,#63193);
#35122=LINE('',#439469,#63194);
#35123=LINE('',#439471,#63195);
#35124=LINE('',#439473,#63196);
#35125=LINE('',#439475,#63197);
#35126=LINE('',#439477,#63198);
#35127=LINE('',#439478,#63199);
#35128=LINE('',#439481,#63200);
#35129=LINE('',#439483,#63201);
#35130=LINE('',#439485,#63202);
#35131=LINE('',#439487,#63203);
#35132=LINE('',#439489,#63204);
#35133=LINE('',#439490,#63205);
#35134=LINE('',#439493,#63206);
#35135=LINE('',#439495,#63207);
#35136=LINE('',#439497,#63208);
#35137=LINE('',#439499,#63209);
#35138=LINE('',#439501,#63210);
#35139=LINE('',#439502,#63211);
#35140=LINE('',#439505,#63212);
#35141=LINE('',#439507,#63213);
#35142=LINE('',#439509,#63214);
#35143=LINE('',#439510,#63215);
#35144=LINE('',#439513,#63216);
#35145=LINE('',#439515,#63217);
#35146=LINE('',#439517,#63218);
#35147=LINE('',#439519,#63219);
#35148=LINE('',#439521,#63220);
#35149=LINE('',#439522,#63221);
#35150=LINE('',#439524,#63222);
#35151=LINE('',#439529,#63223);
#35152=LINE('',#439533,#63224);
#35153=LINE('',#439534,#63225);
#35154=LINE('',#439537,#63226);
#35155=LINE('',#439540,#63227);
#35156=LINE('',#439544,#63228);
#35157=LINE('',#439546,#63229);
#35158=LINE('',#439548,#63230);
#35159=LINE('',#439549,#63231);
#35160=LINE('',#439552,#63232);
#35161=LINE('',#439554,#63233);
#35162=LINE('',#439556,#63234);
#35163=LINE('',#439557,#63235);
#35164=LINE('',#439560,#63236);
#35165=LINE('',#439562,#63237);
#35166=LINE('',#439563,#63238);
#35167=LINE('',#439566,#63239);
#35168=LINE('',#439567,#63240);
#35169=LINE('',#439569,#63241);
#35170=LINE('',#439570,#63242);
#35171=LINE('',#439572,#63243);
#35172=LINE('',#439576,#63244);
#35173=LINE('',#439578,#63245);
#35174=LINE('',#439580,#63246);
#35175=LINE('',#439582,#63247);
#35176=LINE('',#439584,#63248);
#35177=LINE('',#439585,#63249);
#35178=LINE('',#439588,#63250);
#35179=LINE('',#439590,#63251);
#35180=LINE('',#439592,#63252);
#35181=LINE('',#439594,#63253);
#35182=LINE('',#439596,#63254);
#35183=LINE('',#439597,#63255);
#35184=LINE('',#439600,#63256);
#35185=LINE('',#439602,#63257);
#35186=LINE('',#439603,#63258);
#35187=LINE('',#439606,#63259);
#35188=LINE('',#439607,#63260);
#35189=LINE('',#439610,#63261);
#35190=LINE('',#439611,#63262);
#35191=LINE('',#439613,#63263);
#35192=LINE('',#439614,#63264);
#35193=LINE('',#439616,#63265);
#35194=LINE('',#439618,#63266);
#35195=LINE('',#439622,#63267);
#35196=LINE('',#439624,#63268);
#35197=LINE('',#439626,#63269);
#35198=LINE('',#439628,#63270);
#35199=LINE('',#439630,#63271);
#35200=LINE('',#439631,#63272);
#35201=LINE('',#439634,#63273);
#35202=LINE('',#439636,#63274);
#35203=LINE('',#439638,#63275);
#35204=LINE('',#439640,#63276);
#35205=LINE('',#439642,#63277);
#35206=LINE('',#439643,#63278);
#35207=LINE('',#439646,#63279);
#35208=LINE('',#439648,#63280);
#35209=LINE('',#439649,#63281);
#35210=LINE('',#439652,#63282);
#35211=LINE('',#439653,#63283);
#35212=LINE('',#439656,#63284);
#35213=LINE('',#439657,#63285);
#35214=LINE('',#439659,#63286);
#35215=LINE('',#439660,#63287);
#35216=LINE('',#439662,#63288);
#35217=LINE('',#439664,#63289);
#35218=LINE('',#439668,#63290);
#35219=LINE('',#439670,#63291);
#35220=LINE('',#439672,#63292);
#35221=LINE('',#439674,#63293);
#35222=LINE('',#439676,#63294);
#35223=LINE('',#439677,#63295);
#35224=LINE('',#439680,#63296);
#35225=LINE('',#439682,#63297);
#35226=LINE('',#439684,#63298);
#35227=LINE('',#439686,#63299);
#35228=LINE('',#439688,#63300);
#35229=LINE('',#439689,#63301);
#35230=LINE('',#439692,#63302);
#35231=LINE('',#439694,#63303);
#35232=LINE('',#439695,#63304);
#35233=LINE('',#439698,#63305);
#35234=LINE('',#439699,#63306);
#35235=LINE('',#439702,#63307);
#35236=LINE('',#439703,#63308);
#35237=LINE('',#439705,#63309);
#35238=LINE('',#439706,#63310);
#35239=LINE('',#439708,#63311);
#35240=LINE('',#439710,#63312);
#35241=LINE('',#439714,#63313);
#35242=LINE('',#439716,#63314);
#35243=LINE('',#439718,#63315);
#35244=LINE('',#439720,#63316);
#35245=LINE('',#439722,#63317);
#35246=LINE('',#439723,#63318);
#35247=LINE('',#439726,#63319);
#35248=LINE('',#439728,#63320);
#35249=LINE('',#439730,#63321);
#35250=LINE('',#439732,#63322);
#35251=LINE('',#439734,#63323);
#35252=LINE('',#439735,#63324);
#35253=LINE('',#439738,#63325);
#35254=LINE('',#439740,#63326);
#35255=LINE('',#439741,#63327);
#35256=LINE('',#439744,#63328);
#35257=LINE('',#439745,#63329);
#35258=LINE('',#439748,#63330);
#35259=LINE('',#439749,#63331);
#35260=LINE('',#439751,#63332);
#35261=LINE('',#439752,#63333);
#35262=LINE('',#439754,#63334);
#35263=LINE('',#439756,#63335);
#35264=LINE('',#439759,#63336);
#35265=LINE('',#439760,#63337);
#35266=LINE('',#439853,#63338);
#35267=LINE('',#439855,#63339);
#35268=LINE('',#439856,#63340);
#35269=LINE('',#439919,#63341);
#35270=LINE('',#439921,#63342);
#35271=LINE('',#439922,#63343);
#35272=LINE('',#439985,#63344);
#35273=LINE('',#439987,#63345);
#35274=LINE('',#439988,#63346);
#35275=LINE('',#440051,#63347);
#35276=LINE('',#440053,#63348);
#35277=LINE('',#440054,#63349);
#35278=LINE('',#440117,#63350);
#35279=LINE('',#440120,#63351);
#35280=LINE('',#440122,#63352);
#35281=LINE('',#440124,#63353);
#35282=LINE('',#440127,#63354);
#35283=LINE('',#440129,#63355);
#35284=LINE('',#440132,#63356);
#35285=LINE('',#440134,#63357);
#35286=LINE('',#440137,#63358);
#35287=LINE('',#440139,#63359);
#35288=LINE('',#440142,#63360);
#35289=LINE('',#440145,#63361);
#35290=LINE('',#440148,#63362);
#35291=LINE('',#440150,#63363);
#35292=LINE('',#440153,#63364);
#35293=LINE('',#440155,#63365);
#35294=LINE('',#440158,#63366);
#35295=LINE('',#440160,#63367);
#35296=LINE('',#440163,#63368);
#35297=LINE('',#440165,#63369);
#35298=LINE('',#440170,#63370);
#35299=LINE('',#440174,#63371);
#35300=LINE('',#440178,#63372);
#35301=LINE('',#440182,#63373);
#35302=LINE('',#440186,#63374);
#35303=LINE('',#440190,#63375);
#35304=LINE('',#440194,#63376);
#35305=LINE('',#440198,#63377);
#35306=LINE('',#440202,#63378);
#35307=LINE('',#440206,#63379);
#35308=LINE('',#440210,#63380);
#35309=LINE('',#440214,#63381);
#35310=LINE('',#440218,#63382);
#35311=LINE('',#440222,#63383);
#35312=LINE('',#440226,#63384);
#35313=LINE('',#440230,#63385);
#35314=LINE('',#440234,#63386);
#35315=LINE('',#440238,#63387);
#35316=LINE('',#440242,#63388);
#35317=LINE('',#440246,#63389);
#35318=LINE('',#440250,#63390);
#35319=LINE('',#440254,#63391);
#35320=LINE('',#440258,#63392);
#35321=LINE('',#440262,#63393);
#35322=LINE('',#440266,#63394);
#35323=LINE('',#440270,#63395);
#35324=LINE('',#440274,#63396);
#35325=LINE('',#440278,#63397);
#35326=LINE('',#440282,#63398);
#35327=LINE('',#440286,#63399);
#35328=LINE('',#440290,#63400);
#35329=LINE('',#440294,#63401);
#35330=LINE('',#440298,#63402);
#35331=LINE('',#440302,#63403);
#35332=LINE('',#440306,#63404);
#35333=LINE('',#440310,#63405);
#35334=LINE('',#440314,#63406);
#35335=LINE('',#440318,#63407);
#35336=LINE('',#440322,#63408);
#35337=LINE('',#440326,#63409);
#35338=LINE('',#440330,#63410);
#35339=LINE('',#440334,#63411);
#35340=LINE('',#440338,#63412);
#35341=LINE('',#440342,#63413);
#35342=LINE('',#440346,#63414);
#35343=LINE('',#440350,#63415);
#35344=LINE('',#440354,#63416);
#35345=LINE('',#440358,#63417);
#35346=LINE('',#440362,#63418);
#35347=LINE('',#440366,#63419);
#35348=LINE('',#440370,#63420);
#35349=LINE('',#440374,#63421);
#35350=LINE('',#440378,#63422);
#35351=LINE('',#440382,#63423);
#35352=LINE('',#440386,#63424);
#35353=LINE('',#440390,#63425);
#35354=LINE('',#440394,#63426);
#35355=LINE('',#440398,#63427);
#35356=LINE('',#440402,#63428);
#35357=LINE('',#440406,#63429);
#35358=LINE('',#440410,#63430);
#35359=LINE('',#440414,#63431);
#35360=LINE('',#440418,#63432);
#35361=LINE('',#440422,#63433);
#35362=LINE('',#440426,#63434);
#35363=LINE('',#440430,#63435);
#35364=LINE('',#440434,#63436);
#35365=LINE('',#440438,#63437);
#35366=LINE('',#440442,#63438);
#35367=LINE('',#440446,#63439);
#35368=LINE('',#440450,#63440);
#35369=LINE('',#440454,#63441);
#35370=LINE('',#440458,#63442);
#35371=LINE('',#440462,#63443);
#35372=LINE('',#440466,#63444);
#35373=LINE('',#440470,#63445);
#35374=LINE('',#440474,#63446);
#35375=LINE('',#440478,#63447);
#35376=LINE('',#440482,#63448);
#35377=LINE('',#440486,#63449);
#35378=LINE('',#440490,#63450);
#35379=LINE('',#440494,#63451);
#35380=LINE('',#440498,#63452);
#35381=LINE('',#440502,#63453);
#35382=LINE('',#440506,#63454);
#35383=LINE('',#440510,#63455);
#35384=LINE('',#440514,#63456);
#35385=LINE('',#440518,#63457);
#35386=LINE('',#440522,#63458);
#35387=LINE('',#440526,#63459);
#35388=LINE('',#440530,#63460);
#35389=LINE('',#440534,#63461);
#35390=LINE('',#440538,#63462);
#35391=LINE('',#440542,#63463);
#35392=LINE('',#440546,#63464);
#35393=LINE('',#440550,#63465);
#35394=LINE('',#440554,#63466);
#35395=LINE('',#440558,#63467);
#35396=LINE('',#440562,#63468);
#35397=LINE('',#440566,#63469);
#35398=LINE('',#440570,#63470);
#35399=LINE('',#440574,#63471);
#35400=LINE('',#440578,#63472);
#35401=LINE('',#440582,#63473);
#35402=LINE('',#440586,#63474);
#35403=LINE('',#440590,#63475);
#35404=LINE('',#440594,#63476);
#35405=LINE('',#440598,#63477);
#35406=LINE('',#440602,#63478);
#35407=LINE('',#440606,#63479);
#35408=LINE('',#440610,#63480);
#35409=LINE('',#440614,#63481);
#35410=LINE('',#440618,#63482);
#35411=LINE('',#440622,#63483);
#35412=LINE('',#440626,#63484);
#35413=LINE('',#440630,#63485);
#35414=LINE('',#440634,#63486);
#35415=LINE('',#440638,#63487);
#35416=LINE('',#440642,#63488);
#35417=LINE('',#440646,#63489);
#35418=LINE('',#440650,#63490);
#35419=LINE('',#440654,#63491);
#35420=LINE('',#440658,#63492);
#35421=LINE('',#440662,#63493);
#35422=LINE('',#440666,#63494);
#35423=LINE('',#440670,#63495);
#35424=LINE('',#440674,#63496);
#35425=LINE('',#440678,#63497);
#35426=LINE('',#440682,#63498);
#35427=LINE('',#440686,#63499);
#35428=LINE('',#440690,#63500);
#35429=LINE('',#440694,#63501);
#35430=LINE('',#440698,#63502);
#35431=LINE('',#440702,#63503);
#35432=LINE('',#440706,#63504);
#35433=LINE('',#440710,#63505);
#35434=LINE('',#440714,#63506);
#35435=LINE('',#440718,#63507);
#35436=LINE('',#440722,#63508);
#35437=LINE('',#440726,#63509);
#35438=LINE('',#440730,#63510);
#35439=LINE('',#440734,#63511);
#35440=LINE('',#440738,#63512);
#35441=LINE('',#440742,#63513);
#35442=LINE('',#440746,#63514);
#35443=LINE('',#440750,#63515);
#35444=LINE('',#440754,#63516);
#35445=LINE('',#440758,#63517);
#35446=LINE('',#440762,#63518);
#35447=LINE('',#440766,#63519);
#35448=LINE('',#440770,#63520);
#35449=LINE('',#440774,#63521);
#35450=LINE('',#440778,#63522);
#35451=LINE('',#440782,#63523);
#35452=LINE('',#440786,#63524);
#35453=LINE('',#440790,#63525);
#35454=LINE('',#440794,#63526);
#35455=LINE('',#440798,#63527);
#35456=LINE('',#440802,#63528);
#35457=LINE('',#440806,#63529);
#35458=LINE('',#440810,#63530);
#35459=LINE('',#440814,#63531);
#35460=LINE('',#440818,#63532);
#35461=LINE('',#440822,#63533);
#35462=LINE('',#440826,#63534);
#35463=LINE('',#440830,#63535);
#35464=LINE('',#440831,#63536);
#35465=LINE('',#440832,#63537);
#35466=LINE('',#440835,#63538);
#35467=LINE('',#440836,#63539);
#35468=LINE('',#440839,#63540);
#35469=LINE('',#440840,#63541);
#35470=LINE('',#440842,#63542);
#35471=LINE('',#440845,#63543);
#63118=VECTOR('',#352304,10.);
#63119=VECTOR('',#352305,10.);
#63120=VECTOR('',#352306,10.);
#63121=VECTOR('',#352307,10.);
#63122=VECTOR('',#352310,10.);
#63123=VECTOR('',#352311,10.);
#63124=VECTOR('',#352312,10.);
#63125=VECTOR('',#352315,10.);
#63126=VECTOR('',#352316,10.);
#63127=VECTOR('',#352317,10.);
#63128=VECTOR('',#352320,10.);
#63129=VECTOR('',#352321,10.);
#63130=VECTOR('',#352328,10.);
#63131=VECTOR('',#352329,10.);
#63132=VECTOR('',#352330,10.);
#63133=VECTOR('',#352331,10.);
#63134=VECTOR('',#352334,10.);
#63135=VECTOR('',#352335,10.);
#63136=VECTOR('',#352336,10.);
#63137=VECTOR('',#352337,10.);
#63138=VECTOR('',#352340,10.);
#63139=VECTOR('',#352341,10.);
#63140=VECTOR('',#352342,10.);
#63141=VECTOR('',#352343,10.);
#63142=VECTOR('',#352346,10.);
#63143=VECTOR('',#352347,10.);
#63144=VECTOR('',#352348,10.);
#63145=VECTOR('',#352349,10.);
#63146=VECTOR('',#352350,10.);
#63147=VECTOR('',#352353,10.);
#63148=VECTOR('',#352356,10.);
#63149=VECTOR('',#352361,10.);
#63150=VECTOR('',#352364,10.);
#63151=VECTOR('',#352367,10.);
#63152=VECTOR('',#352368,10.);
#63153=VECTOR('',#352369,10.);
#63154=VECTOR('',#352374,10.);
#63155=VECTOR('',#352379,10.);
#63156=VECTOR('',#352380,10.);
#63157=VECTOR('',#352381,10.);
#63158=VECTOR('',#352388,10.);
#63159=VECTOR('',#352393,10.);
#63160=VECTOR('',#352396,10.);
#63161=VECTOR('',#352399,10.);
#63162=VECTOR('',#352400,10.);
#63163=VECTOR('',#352409,10.);
#63164=VECTOR('',#352410,10.);
#63165=VECTOR('',#352421,10.);
#63166=VECTOR('',#352422,10.);
#63167=VECTOR('',#352433,10.);
#63168=VECTOR('',#352434,10.);
#63169=VECTOR('',#352445,10.);
#63170=VECTOR('',#352446,10.);
#63171=VECTOR('',#352459,5.);
#63172=VECTOR('',#352470,5.);
#63173=VECTOR('',#352475,10.);
#63174=VECTOR('',#352476,10.);
#63175=VECTOR('',#352477,10.);
#63176=VECTOR('',#352480,10.);
#63177=VECTOR('',#352485,10.);
#63178=VECTOR('',#352486,10.);
#63179=VECTOR('',#352489,10.);
#63180=VECTOR('',#352496,5.);
#63181=VECTOR('',#352511,5.);
#63182=VECTOR('',#352514,10.);
#63183=VECTOR('',#352517,10.);
#63184=VECTOR('',#352520,10.);
#63185=VECTOR('',#352521,10.);
#63186=VECTOR('',#352524,10.);
#63187=VECTOR('',#352529,10.);
#63188=VECTOR('',#352530,10.);
#63189=VECTOR('',#352533,10.);
#63190=VECTOR('',#352536,10.);
#63191=VECTOR('',#352539,10.);
#63192=VECTOR('',#352542,10.);
#63193=VECTOR('',#352543,10.);
#63194=VECTOR('',#352546,10.);
#63195=VECTOR('',#352547,10.);
#63196=VECTOR('',#352548,10.);
#63197=VECTOR('',#352549,10.);
#63198=VECTOR('',#352550,10.);
#63199=VECTOR('',#352551,10.);
#63200=VECTOR('',#352552,10.);
#63201=VECTOR('',#352553,10.);
#63202=VECTOR('',#352554,10.);
#63203=VECTOR('',#352555,10.);
#63204=VECTOR('',#352556,10.);
#63205=VECTOR('',#352557,10.);
#63206=VECTOR('',#352558,10.);
#63207=VECTOR('',#352559,10.);
#63208=VECTOR('',#352560,10.);
#63209=VECTOR('',#352561,10.);
#63210=VECTOR('',#352562,10.);
#63211=VECTOR('',#352563,10.);
#63212=VECTOR('',#352564,10.);
#63213=VECTOR('',#352565,10.);
#63214=VECTOR('',#352566,10.);
#63215=VECTOR('',#352567,10.);
#63216=VECTOR('',#352568,10.);
#63217=VECTOR('',#352569,10.);
#63218=VECTOR('',#352570,10.);
#63219=VECTOR('',#352571,10.);
#63220=VECTOR('',#352572,10.);
#63221=VECTOR('',#352573,10.);
#63222=VECTOR('',#352576,10.);
#63223=VECTOR('',#352583,10.);
#63224=VECTOR('',#352588,10.);
#63225=VECTOR('',#352589,10.);
#63226=VECTOR('',#352592,10.);
#63227=VECTOR('',#352597,10.);
#63228=VECTOR('',#352600,10.);
#63229=VECTOR('',#352601,10.);
#63230=VECTOR('',#352602,10.);
#63231=VECTOR('',#352603,10.);
#63232=VECTOR('',#352604,10.);
#63233=VECTOR('',#352605,10.);
#63234=VECTOR('',#352606,10.);
#63235=VECTOR('',#352607,10.);
#63236=VECTOR('',#352610,10.);
#63237=VECTOR('',#352611,10.);
#63238=VECTOR('',#352612,10.);
#63239=VECTOR('',#352615,10.);
#63240=VECTOR('',#352616,10.);
#63241=VECTOR('',#352619,10.);
#63242=VECTOR('',#352620,10.);
#63243=VECTOR('',#352623,10.);
#63244=VECTOR('',#352626,10.);
#63245=VECTOR('',#352627,10.);
#63246=VECTOR('',#352628,10.);
#63247=VECTOR('',#352629,10.);
#63248=VECTOR('',#352630,10.);
#63249=VECTOR('',#352631,10.);
#63250=VECTOR('',#352632,10.);
#63251=VECTOR('',#352633,10.);
#63252=VECTOR('',#352634,10.);
#63253=VECTOR('',#352635,10.);
#63254=VECTOR('',#352636,10.);
#63255=VECTOR('',#352637,10.);
#63256=VECTOR('',#352640,10.);
#63257=VECTOR('',#352641,10.);
#63258=VECTOR('',#352642,10.);
#63259=VECTOR('',#352645,10.);
#63260=VECTOR('',#352646,10.);
#63261=VECTOR('',#352649,10.);
#63262=VECTOR('',#352650,10.);
#63263=VECTOR('',#352653,10.);
#63264=VECTOR('',#352654,10.);
#63265=VECTOR('',#352657,10.);
#63266=VECTOR('',#352660,10.);
#63267=VECTOR('',#352663,10.);
#63268=VECTOR('',#352664,10.);
#63269=VECTOR('',#352665,10.);
#63270=VECTOR('',#352666,10.);
#63271=VECTOR('',#352667,10.);
#63272=VECTOR('',#352668,10.);
#63273=VECTOR('',#352669,10.);
#63274=VECTOR('',#352670,10.);
#63275=VECTOR('',#352671,10.);
#63276=VECTOR('',#352672,10.);
#63277=VECTOR('',#352673,10.);
#63278=VECTOR('',#352674,10.);
#63279=VECTOR('',#352677,10.);
#63280=VECTOR('',#352678,10.);
#63281=VECTOR('',#352679,10.);
#63282=VECTOR('',#352682,10.);
#63283=VECTOR('',#352683,10.);
#63284=VECTOR('',#352686,10.);
#63285=VECTOR('',#352687,10.);
#63286=VECTOR('',#352690,10.);
#63287=VECTOR('',#352691,10.);
#63288=VECTOR('',#352694,10.);
#63289=VECTOR('',#352697,10.);
#63290=VECTOR('',#352700,10.);
#63291=VECTOR('',#352701,10.);
#63292=VECTOR('',#352702,10.);
#63293=VECTOR('',#352703,10.);
#63294=VECTOR('',#352704,10.);
#63295=VECTOR('',#352705,10.);
#63296=VECTOR('',#352706,10.);
#63297=VECTOR('',#352707,10.);
#63298=VECTOR('',#352708,10.);
#63299=VECTOR('',#352709,10.);
#63300=VECTOR('',#352710,10.);
#63301=VECTOR('',#352711,10.);
#63302=VECTOR('',#352714,10.);
#63303=VECTOR('',#352715,10.);
#63304=VECTOR('',#352716,10.);
#63305=VECTOR('',#352719,10.);
#63306=VECTOR('',#352720,10.);
#63307=VECTOR('',#352723,10.);
#63308=VECTOR('',#352724,10.);
#63309=VECTOR('',#352727,10.);
#63310=VECTOR('',#352728,10.);
#63311=VECTOR('',#352731,10.);
#63312=VECTOR('',#352734,10.);
#63313=VECTOR('',#352737,10.);
#63314=VECTOR('',#352738,10.);
#63315=VECTOR('',#352739,10.);
#63316=VECTOR('',#352740,10.);
#63317=VECTOR('',#352741,10.);
#63318=VECTOR('',#352742,10.);
#63319=VECTOR('',#352743,10.);
#63320=VECTOR('',#352744,10.);
#63321=VECTOR('',#352745,10.);
#63322=VECTOR('',#352746,10.);
#63323=VECTOR('',#352747,10.);
#63324=VECTOR('',#352748,10.);
#63325=VECTOR('',#352751,10.);
#63326=VECTOR('',#352752,10.);
#63327=VECTOR('',#352753,10.);
#63328=VECTOR('',#352756,10.);
#63329=VECTOR('',#352757,10.);
#63330=VECTOR('',#352760,10.);
#63331=VECTOR('',#352761,10.);
#63332=VECTOR('',#352764,10.);
#63333=VECTOR('',#352765,10.);
#63334=VECTOR('',#352768,10.);
#63335=VECTOR('',#352771,10.);
#63336=VECTOR('',#352774,10.);
#63337=VECTOR('',#352775,10.);
#63338=VECTOR('',#352868,10.);
#63339=VECTOR('',#352869,10.);
#63340=VECTOR('',#352870,10.);
#63341=VECTOR('',#352933,10.);
#63342=VECTOR('',#352934,10.);
#63343=VECTOR('',#352935,10.);
#63344=VECTOR('',#352998,10.);
#63345=VECTOR('',#352999,10.);
#63346=VECTOR('',#353000,10.);
#63347=VECTOR('',#353063,10.);
#63348=VECTOR('',#353064,10.);
#63349=VECTOR('',#353065,10.);
#63350=VECTOR('',#353128,1.5);
#63351=VECTOR('',#353133,10.);
#63352=VECTOR('',#353136,10.);
#63353=VECTOR('',#353139,10.);
#63354=VECTOR('',#353144,10.);
#63355=VECTOR('',#353147,10.);
#63356=VECTOR('',#353152,10.);
#63357=VECTOR('',#353155,10.);
#63358=VECTOR('',#353160,10.);
#63359=VECTOR('',#353163,10.);
#63360=VECTOR('',#353168,10.);
#63361=VECTOR('',#353173,10.);
#63362=VECTOR('',#353178,10.);
#63363=VECTOR('',#353181,10.);
#63364=VECTOR('',#353186,10.);
#63365=VECTOR('',#353189,10.);
#63366=VECTOR('',#353194,10.);
#63367=VECTOR('',#353197,10.);
#63368=VECTOR('',#353202,10.);
#63369=VECTOR('',#353205,10.);
#63370=VECTOR('',#353212,0.749999999999993);
#63371=VECTOR('',#353217,0.749999999999993);
#63372=VECTOR('',#353222,0.749999999999993);
#63373=VECTOR('',#353227,0.749999999999993);
#63374=VECTOR('',#353232,0.749999999999993);
#63375=VECTOR('',#353237,0.749999999999993);
#63376=VECTOR('',#353242,0.749999999999993);
#63377=VECTOR('',#353247,0.749999999999993);
#63378=VECTOR('',#353252,0.749999999999993);
#63379=VECTOR('',#353257,0.749999999999993);
#63380=VECTOR('',#353262,0.749999999999993);
#63381=VECTOR('',#353267,0.749999999999993);
#63382=VECTOR('',#353272,0.749999999999993);
#63383=VECTOR('',#353277,0.749999999999993);
#63384=VECTOR('',#353282,0.749999999999993);
#63385=VECTOR('',#353287,0.750000000000011);
#63386=VECTOR('',#353292,0.750000000000011);
#63387=VECTOR('',#353297,0.750000000000011);
#63388=VECTOR('',#353302,0.750000000000011);
#63389=VECTOR('',#353307,0.750000000000011);
#63390=VECTOR('',#353312,0.749999999999993);
#63391=VECTOR('',#353317,0.750000000000011);
#63392=VECTOR('',#353322,0.749999999999993);
#63393=VECTOR('',#353327,0.750000000000011);
#63394=VECTOR('',#353332,0.750000000000011);
#63395=VECTOR('',#353337,0.750000000000011);
#63396=VECTOR('',#353342,0.750000000000011);
#63397=VECTOR('',#353347,0.749999999999993);
#63398=VECTOR('',#353352,0.749999999999993);
#63399=VECTOR('',#353357,0.749999999999993);
#63400=VECTOR('',#353362,0.750000000000011);
#63401=VECTOR('',#353367,0.749999999999993);
#63402=VECTOR('',#353372,0.749999999999993);
#63403=VECTOR('',#353377,0.749999999999993);
#63404=VECTOR('',#353382,0.750000000000011);
#63405=VECTOR('',#353387,0.750000000000011);
#63406=VECTOR('',#353392,0.750000000000011);
#63407=VECTOR('',#353397,0.749999999999993);
#63408=VECTOR('',#353402,0.749999999999993);
#63409=VECTOR('',#353407,0.750000000000011);
#63410=VECTOR('',#353412,0.750000000000011);
#63411=VECTOR('',#353417,0.749999999999993);
#63412=VECTOR('',#353422,0.749999999999993);
#63413=VECTOR('',#353427,0.750000000000011);
#63414=VECTOR('',#353432,0.749999999999993);
#63415=VECTOR('',#353437,0.749999999999993);
#63416=VECTOR('',#353442,0.750000000000011);
#63417=VECTOR('',#353447,0.750000000000011);
#63418=VECTOR('',#353452,0.749999999999993);
#63419=VECTOR('',#353457,0.750000000000011);
#63420=VECTOR('',#353462,0.749999999999993);
#63421=VECTOR('',#353467,0.749999999999993);
#63422=VECTOR('',#353472,0.750000000000011);
#63423=VECTOR('',#353477,0.750000000000011);
#63424=VECTOR('',#353482,0.749999999999993);
#63425=VECTOR('',#353487,0.749999999999993);
#63426=VECTOR('',#353492,0.749999999999993);
#63427=VECTOR('',#353497,0.749999999999993);
#63428=VECTOR('',#353502,0.749999999999993);
#63429=VECTOR('',#353507,0.750000000000011);
#63430=VECTOR('',#353512,0.749999999999993);
#63431=VECTOR('',#353517,0.750000000000011);
#63432=VECTOR('',#353522,0.750000000000011);
#63433=VECTOR('',#353527,0.749999999999993);
#63434=VECTOR('',#353532,0.749999999999993);
#63435=VECTOR('',#353537,0.750000000000011);
#63436=VECTOR('',#353542,0.749999999999993);
#63437=VECTOR('',#353547,0.749999999999993);
#63438=VECTOR('',#353552,0.749999999999993);
#63439=VECTOR('',#353557,0.750000000000011);
#63440=VECTOR('',#353562,0.750000000000011);
#63441=VECTOR('',#353567,0.749999999999993);
#63442=VECTOR('',#353572,0.750000000000011);
#63443=VECTOR('',#353577,0.750000000000011);
#63444=VECTOR('',#353582,0.749999999999993);
#63445=VECTOR('',#353587,0.750000000000011);
#63446=VECTOR('',#353592,0.749999999999993);
#63447=VECTOR('',#353597,0.749999999999993);
#63448=VECTOR('',#353602,0.749999999999993);
#63449=VECTOR('',#353607,0.750000000000011);
#63450=VECTOR('',#353612,0.749999999999993);
#63451=VECTOR('',#353617,0.749999999999993);
#63452=VECTOR('',#353622,0.749999999999993);
#63453=VECTOR('',#353627,0.749999999999993);
#63454=VECTOR('',#353632,0.750000000000011);
#63455=VECTOR('',#353637,0.749999999999993);
#63456=VECTOR('',#353642,0.749999999999993);
#63457=VECTOR('',#353647,0.749999999999993);
#63458=VECTOR('',#353652,0.749999999999993);
#63459=VECTOR('',#353657,0.749999999999993);
#63460=VECTOR('',#353662,0.749999999999993);
#63461=VECTOR('',#353667,0.749999999999993);
#63462=VECTOR('',#353672,0.749999999999993);
#63463=VECTOR('',#353677,0.749999999999993);
#63464=VECTOR('',#353682,0.749999999999993);
#63465=VECTOR('',#353687,0.749999999999993);
#63466=VECTOR('',#353692,0.750000000000011);
#63467=VECTOR('',#353697,0.750000000000011);
#63468=VECTOR('',#353702,0.750000000000011);
#63469=VECTOR('',#353707,0.749999999999993);
#63470=VECTOR('',#353712,0.749999999999993);
#63471=VECTOR('',#353717,0.749999999999993);
#63472=VECTOR('',#353722,0.749999999999993);
#63473=VECTOR('',#353727,0.749999999999993);
#63474=VECTOR('',#353732,0.750000000000011);
#63475=VECTOR('',#353737,0.749999999999993);
#63476=VECTOR('',#353742,0.749999999999993);
#63477=VECTOR('',#353747,0.750000000000011);
#63478=VECTOR('',#353752,0.749999999999993);
#63479=VECTOR('',#353757,0.749999999999993);
#63480=VECTOR('',#353762,0.750000000000011);
#63481=VECTOR('',#353767,0.750000000000011);
#63482=VECTOR('',#353772,0.749999999999993);
#63483=VECTOR('',#353777,0.749999999999993);
#63484=VECTOR('',#353782,0.749999999999993);
#63485=VECTOR('',#353787,0.750000000000011);
#63486=VECTOR('',#353792,0.750000000000011);
#63487=VECTOR('',#353797,0.750000000000011);
#63488=VECTOR('',#353802,0.750000000000011);
#63489=VECTOR('',#353807,0.749999999999993);
#63490=VECTOR('',#353812,0.750000000000011);
#63491=VECTOR('',#353817,0.749999999999993);
#63492=VECTOR('',#353822,0.750000000000011);
#63493=VECTOR('',#353827,0.750000000000011);
#63494=VECTOR('',#353832,0.750000000000011);
#63495=VECTOR('',#353837,0.749999999999993);
#63496=VECTOR('',#353842,0.750000000000011);
#63497=VECTOR('',#353847,0.749999999999993);
#63498=VECTOR('',#353852,0.749999999999993);
#63499=VECTOR('',#353857,0.749999999999993);
#63500=VECTOR('',#353862,0.749999999999993);
#63501=VECTOR('',#353867,0.750000000000011);
#63502=VECTOR('',#353872,0.749999999999993);
#63503=VECTOR('',#353877,0.750000000000011);
#63504=VECTOR('',#353882,0.750000000000011);
#63505=VECTOR('',#353887,0.749999999999993);
#63506=VECTOR('',#353892,0.750000000000011);
#63507=VECTOR('',#353897,0.749999999999993);
#63508=VECTOR('',#353902,0.750000000000011);
#63509=VECTOR('',#353907,0.749999999999993);
#63510=VECTOR('',#353912,0.749999999999993);
#63511=VECTOR('',#353917,0.749999999999993);
#63512=VECTOR('',#353922,0.750000000000011);
#63513=VECTOR('',#353927,0.750000000000011);
#63514=VECTOR('',#353932,0.750000000000011);
#63515=VECTOR('',#353937,0.750000000000011);
#63516=VECTOR('',#353942,0.749999999999993);
#63517=VECTOR('',#353947,0.750000000000011);
#63518=VECTOR('',#353952,0.749999999999993);
#63519=VECTOR('',#353957,0.749999999999993);
#63520=VECTOR('',#353962,0.749999999999993);
#63521=VECTOR('',#353967,0.750000000000011);
#63522=VECTOR('',#353972,0.750000000000011);
#63523=VECTOR('',#353977,0.750000000000011);
#63524=VECTOR('',#353982,0.749999999999993);
#63525=VECTOR('',#353987,0.749999999999993);
#63526=VECTOR('',#353992,0.749999999999993);
#63527=VECTOR('',#353997,0.749999999999993);
#63528=VECTOR('',#354002,0.749999999999993);
#63529=VECTOR('',#354007,0.749999999999993);
#63530=VECTOR('',#354012,0.749999999999993);
#63531=VECTOR('',#354017,0.749999999999993);
#63532=VECTOR('',#354022,0.749999999999993);
#63533=VECTOR('',#354027,0.750000000000011);
#63534=VECTOR('',#354032,0.750000000000011);
#63535=VECTOR('',#354035,10.);
#63536=VECTOR('',#354036,10.);
#63537=VECTOR('',#354037,10.);
#63538=VECTOR('',#354040,10.);
#63539=VECTOR('',#354041,10.);
#63540=VECTOR('',#354044,10.);
#63541=VECTOR('',#354045,10.);
#63542=VECTOR('',#354048,10.);
#63543=VECTOR('',#354051,15.);
#66585=CYLINDRICAL_SURFACE('',#283194,1.5);
#66586=CYLINDRICAL_SURFACE('',#283198,1.5);
#66587=CYLINDRICAL_SURFACE('',#283202,1.5);
#66588=CYLINDRICAL_SURFACE('',#283205,1.5);
#66589=CYLINDRICAL_SURFACE('',#283211,1.);
#66590=CYLINDRICAL_SURFACE('',#283216,1.);
#66591=CYLINDRICAL_SURFACE('',#283221,1.);
#66592=CYLINDRICAL_SURFACE('',#283226,1.);
#66593=CYLINDRICAL_SURFACE('',#283232,5.);
#66594=CYLINDRICAL_SURFACE('',#283237,5.);
#66595=CYLINDRICAL_SURFACE('',#283241,5.);
#66596=CYLINDRICAL_SURFACE('',#283244,5.);
#66597=CYLINDRICAL_SURFACE('',#283247,5.);
#66598=CYLINDRICAL_SURFACE('',#283254,5.);
#66599=CYLINDRICAL_SURFACE('',#283255,8.);
#66600=CYLINDRICAL_SURFACE('',#283258,8.);
#66601=CYLINDRICAL_SURFACE('',#283261,5.);
#66602=CYLINDRICAL_SURFACE('',#283267,5.);
#66603=CYLINDRICAL_SURFACE('',#283269,8.);
#66604=CYLINDRICAL_SURFACE('',#283272,8.);
#66605=CYLINDRICAL_SURFACE('',#283478,1.5);
#66606=CYLINDRICAL_SURFACE('',#283509,0.749999999999993);
#66607=CYLINDRICAL_SURFACE('',#283511,0.749999999999993);
#66608=CYLINDRICAL_SURFACE('',#283513,0.749999999999993);
#66609=CYLINDRICAL_SURFACE('',#283515,0.749999999999993);
#66610=CYLINDRICAL_SURFACE('',#283517,0.749999999999993);
#66611=CYLINDRICAL_SURFACE('',#283519,0.749999999999993);
#66612=CYLINDRICAL_SURFACE('',#283521,0.749999999999993);
#66613=CYLINDRICAL_SURFACE('',#283523,0.749999999999993);
#66614=CYLINDRICAL_SURFACE('',#283525,0.749999999999993);
#66615=CYLINDRICAL_SURFACE('',#283527,0.749999999999993);
#66616=CYLINDRICAL_SURFACE('',#283529,0.749999999999993);
#66617=CYLINDRICAL_SURFACE('',#283531,0.749999999999993);
#66618=CYLINDRICAL_SURFACE('',#283533,0.749999999999993);
#66619=CYLINDRICAL_SURFACE('',#283535,0.749999999999993);
#66620=CYLINDRICAL_SURFACE('',#283537,0.749999999999993);
#66621=CYLINDRICAL_SURFACE('',#283539,0.750000000000011);
#66622=CYLINDRICAL_SURFACE('',#283541,0.750000000000011);
#66623=CYLINDRICAL_SURFACE('',#283543,0.750000000000011);
#66624=CYLINDRICAL_SURFACE('',#283545,0.750000000000011);
#66625=CYLINDRICAL_SURFACE('',#283547,0.750000000000011);
#66626=CYLINDRICAL_SURFACE('',#283549,0.749999999999993);
#66627=CYLINDRICAL_SURFACE('',#283551,0.750000000000011);
#66628=CYLINDRICAL_SURFACE('',#283553,0.749999999999993);
#66629=CYLINDRICAL_SURFACE('',#283555,0.750000000000011);
#66630=CYLINDRICAL_SURFACE('',#283557,0.750000000000011);
#66631=CYLINDRICAL_SURFACE('',#283559,0.750000000000011);
#66632=CYLINDRICAL_SURFACE('',#283561,0.750000000000011);
#66633=CYLINDRICAL_SURFACE('',#283563,0.749999999999993);
#66634=CYLINDRICAL_SURFACE('',#283565,0.749999999999993);
#66635=CYLINDRICAL_SURFACE('',#283567,0.749999999999993);
#66636=CYLINDRICAL_SURFACE('',#283569,0.750000000000011);
#66637=CYLINDRICAL_SURFACE('',#283571,0.749999999999993);
#66638=CYLINDRICAL_SURFACE('',#283573,0.749999999999993);
#66639=CYLINDRICAL_SURFACE('',#283575,0.749999999999993);
#66640=CYLINDRICAL_SURFACE('',#283577,0.750000000000011);
#66641=CYLINDRICAL_SURFACE('',#283579,0.750000000000011);
#66642=CYLINDRICAL_SURFACE('',#283581,0.750000000000011);
#66643=CYLINDRICAL_SURFACE('',#283583,0.749999999999993);
#66644=CYLINDRICAL_SURFACE('',#283585,0.749999999999993);
#66645=CYLINDRICAL_SURFACE('',#283587,0.750000000000011);
#66646=CYLINDRICAL_SURFACE('',#283589,0.750000000000011);
#66647=CYLINDRICAL_SURFACE('',#283591,0.749999999999993);
#66648=CYLINDRICAL_SURFACE('',#283593,0.749999999999993);
#66649=CYLINDRICAL_SURFACE('',#283595,0.750000000000011);
#66650=CYLINDRICAL_SURFACE('',#283597,0.749999999999993);
#66651=CYLINDRICAL_SURFACE('',#283599,0.749999999999993);
#66652=CYLINDRICAL_SURFACE('',#283601,0.750000000000011);
#66653=CYLINDRICAL_SURFACE('',#283603,0.750000000000011);
#66654=CYLINDRICAL_SURFACE('',#283605,0.749999999999993);
#66655=CYLINDRICAL_SURFACE('',#283607,0.750000000000011);
#66656=CYLINDRICAL_SURFACE('',#283609,0.749999999999993);
#66657=CYLINDRICAL_SURFACE('',#283611,0.749999999999993);
#66658=CYLINDRICAL_SURFACE('',#283613,0.750000000000011);
#66659=CYLINDRICAL_SURFACE('',#283615,0.750000000000011);
#66660=CYLINDRICAL_SURFACE('',#283617,0.749999999999993);
#66661=CYLINDRICAL_SURFACE('',#283619,0.749999999999993);
#66662=CYLINDRICAL_SURFACE('',#283621,0.749999999999993);
#66663=CYLINDRICAL_SURFACE('',#283623,0.749999999999993);
#66664=CYLINDRICAL_SURFACE('',#283625,0.749999999999993);
#66665=CYLINDRICAL_SURFACE('',#283627,0.750000000000011);
#66666=CYLINDRICAL_SURFACE('',#283629,0.749999999999993);
#66667=CYLINDRICAL_SURFACE('',#283631,0.750000000000011);
#66668=CYLINDRICAL_SURFACE('',#283633,0.750000000000011);
#66669=CYLINDRICAL_SURFACE('',#283635,0.749999999999993);
#66670=CYLINDRICAL_SURFACE('',#283637,0.749999999999993);
#66671=CYLINDRICAL_SURFACE('',#283639,0.750000000000011);
#66672=CYLINDRICAL_SURFACE('',#283641,0.749999999999993);
#66673=CYLINDRICAL_SURFACE('',#283643,0.749999999999993);
#66674=CYLINDRICAL_SURFACE('',#283645,0.749999999999993);
#66675=CYLINDRICAL_SURFACE('',#283647,0.750000000000011);
#66676=CYLINDRICAL_SURFACE('',#283649,0.750000000000011);
#66677=CYLINDRICAL_SURFACE('',#283651,0.749999999999993);
#66678=CYLINDRICAL_SURFACE('',#283653,0.750000000000011);
#66679=CYLINDRICAL_SURFACE('',#283655,0.750000000000011);
#66680=CYLINDRICAL_SURFACE('',#283657,0.749999999999993);
#66681=CYLINDRICAL_SURFACE('',#283659,0.750000000000011);
#66682=CYLINDRICAL_SURFACE('',#283661,0.749999999999993);
#66683=CYLINDRICAL_SURFACE('',#283663,0.749999999999993);
#66684=CYLINDRICAL_SURFACE('',#283665,0.749999999999993);
#66685=CYLINDRICAL_SURFACE('',#283667,0.750000000000011);
#66686=CYLINDRICAL_SURFACE('',#283669,0.749999999999993);
#66687=CYLINDRICAL_SURFACE('',#283671,0.749999999999993);
#66688=CYLINDRICAL_SURFACE('',#283673,0.749999999999993);
#66689=CYLINDRICAL_SURFACE('',#283675,0.749999999999993);
#66690=CYLINDRICAL_SURFACE('',#283677,0.750000000000011);
#66691=CYLINDRICAL_SURFACE('',#283679,0.749999999999993);
#66692=CYLINDRICAL_SURFACE('',#283681,0.749999999999993);
#66693=CYLINDRICAL_SURFACE('',#283683,0.749999999999993);
#66694=CYLINDRICAL_SURFACE('',#283685,0.749999999999993);
#66695=CYLINDRICAL_SURFACE('',#283687,0.749999999999993);
#66696=CYLINDRICAL_SURFACE('',#283689,0.749999999999993);
#66697=CYLINDRICAL_SURFACE('',#283691,0.749999999999993);
#66698=CYLINDRICAL_SURFACE('',#283693,0.749999999999993);
#66699=CYLINDRICAL_SURFACE('',#283695,0.749999999999993);
#66700=CYLINDRICAL_SURFACE('',#283697,0.749999999999993);
#66701=CYLINDRICAL_SURFACE('',#283699,0.749999999999993);
#66702=CYLINDRICAL_SURFACE('',#283701,0.750000000000011);
#66703=CYLINDRICAL_SURFACE('',#283703,0.750000000000011);
#66704=CYLINDRICAL_SURFACE('',#283705,0.750000000000011);
#66705=CYLINDRICAL_SURFACE('',#283707,0.749999999999993);
#66706=CYLINDRICAL_SURFACE('',#283709,0.749999999999993);
#66707=CYLINDRICAL_SURFACE('',#283711,0.749999999999993);
#66708=CYLINDRICAL_SURFACE('',#283713,0.749999999999993);
#66709=CYLINDRICAL_SURFACE('',#283715,0.749999999999993);
#66710=CYLINDRICAL_SURFACE('',#283717,0.750000000000011);
#66711=CYLINDRICAL_SURFACE('',#283719,0.749999999999993);
#66712=CYLINDRICAL_SURFACE('',#283721,0.749999999999993);
#66713=CYLINDRICAL_SURFACE('',#283723,0.750000000000011);
#66714=CYLINDRICAL_SURFACE('',#283725,0.749999999999993);
#66715=CYLINDRICAL_SURFACE('',#283727,0.749999999999993);
#66716=CYLINDRICAL_SURFACE('',#283729,0.750000000000011);
#66717=CYLINDRICAL_SURFACE('',#283731,0.750000000000011);
#66718=CYLINDRICAL_SURFACE('',#283733,0.749999999999993);
#66719=CYLINDRICAL_SURFACE('',#283735,0.749999999999993);
#66720=CYLINDRICAL_SURFACE('',#283737,0.749999999999993);
#66721=CYLINDRICAL_SURFACE('',#283739,0.750000000000011);
#66722=CYLINDRICAL_SURFACE('',#283741,0.750000000000011);
#66723=CYLINDRICAL_SURFACE('',#283743,0.750000000000011);
#66724=CYLINDRICAL_SURFACE('',#283745,0.750000000000011);
#66725=CYLINDRICAL_SURFACE('',#283747,0.749999999999993);
#66726=CYLINDRICAL_SURFACE('',#283749,0.750000000000011);
#66727=CYLINDRICAL_SURFACE('',#283751,0.749999999999993);
#66728=CYLINDRICAL_SURFACE('',#283753,0.750000000000011);
#66729=CYLINDRICAL_SURFACE('',#283755,0.750000000000011);
#66730=CYLINDRICAL_SURFACE('',#283757,0.750000000000011);
#66731=CYLINDRICAL_SURFACE('',#283759,0.749999999999993);
#66732=CYLINDRICAL_SURFACE('',#283761,0.750000000000011);
#66733=CYLINDRICAL_SURFACE('',#283763,0.749999999999993);
#66734=CYLINDRICAL_SURFACE('',#283765,0.749999999999993);
#66735=CYLINDRICAL_SURFACE('',#283767,0.749999999999993);
#66736=CYLINDRICAL_SURFACE('',#283769,0.749999999999993);
#66737=CYLINDRICAL_SURFACE('',#283771,0.750000000000011);
#66738=CYLINDRICAL_SURFACE('',#283773,0.749999999999993);
#66739=CYLINDRICAL_SURFACE('',#283775,0.750000000000011);
#66740=CYLINDRICAL_SURFACE('',#283777,0.750000000000011);
#66741=CYLINDRICAL_SURFACE('',#283779,0.749999999999993);
#66742=CYLINDRICAL_SURFACE('',#283781,0.750000000000011);
#66743=CYLINDRICAL_SURFACE('',#283783,0.749999999999993);
#66744=CYLINDRICAL_SURFACE('',#283785,0.750000000000011);
#66745=CYLINDRICAL_SURFACE('',#283787,0.749999999999993);
#66746=CYLINDRICAL_SURFACE('',#283789,0.749999999999993);
#66747=CYLINDRICAL_SURFACE('',#283791,0.749999999999993);
#66748=CYLINDRICAL_SURFACE('',#283793,0.750000000000011);
#66749=CYLINDRICAL_SURFACE('',#283795,0.750000000000011);
#66750=CYLINDRICAL_SURFACE('',#283797,0.750000000000011);
#66751=CYLINDRICAL_SURFACE('',#283799,0.750000000000011);
#66752=CYLINDRICAL_SURFACE('',#283801,0.749999999999993);
#66753=CYLINDRICAL_SURFACE('',#283803,0.750000000000011);
#66754=CYLINDRICAL_SURFACE('',#283805,0.749999999999993);
#66755=CYLINDRICAL_SURFACE('',#283807,0.749999999999993);
#66756=CYLINDRICAL_SURFACE('',#283809,0.749999999999993);
#66757=CYLINDRICAL_SURFACE('',#283811,0.750000000000011);
#66758=CYLINDRICAL_SURFACE('',#283813,0.750000000000011);
#66759=CYLINDRICAL_SURFACE('',#283815,0.750000000000011);
#66760=CYLINDRICAL_SURFACE('',#283817,0.749999999999993);
#66761=CYLINDRICAL_SURFACE('',#283819,0.749999999999993);
#66762=CYLINDRICAL_SURFACE('',#283821,0.749999999999993);
#66763=CYLINDRICAL_SURFACE('',#283823,0.749999999999993);
#66764=CYLINDRICAL_SURFACE('',#283825,0.749999999999993);
#66765=CYLINDRICAL_SURFACE('',#283827,0.749999999999993);
#66766=CYLINDRICAL_SURFACE('',#283829,0.749999999999993);
#66767=CYLINDRICAL_SURFACE('',#283831,0.749999999999993);
#66768=CYLINDRICAL_SURFACE('',#283833,0.749999999999993);
#66769=CYLINDRICAL_SURFACE('',#283835,0.750000000000011);
#66770=CYLINDRICAL_SURFACE('',#283837,0.750000000000011);
#66771=CYLINDRICAL_SURFACE('',#283843,14.5);
#68587=FACE_BOUND('',#97678,.T.);
#68588=FACE_BOUND('',#97683,.T.);
#68589=FACE_BOUND('',#97735,.T.);
#68590=FACE_BOUND('',#97736,.T.);
#68591=FACE_BOUND('',#97737,.T.);
#68592=FACE_BOUND('',#97738,.T.);
#68593=FACE_BOUND('',#97739,.T.);
#68594=FACE_BOUND('',#97740,.T.);
#68595=FACE_BOUND('',#97741,.T.);
#68596=FACE_BOUND('',#97742,.T.);
#68597=FACE_BOUND('',#97743,.T.);
#68598=FACE_BOUND('',#97752,.T.);
#68599=FACE_BOUND('',#97758,.T.);
#68600=FACE_BOUND('',#97766,.T.);
#68601=FACE_BOUND('',#97774,.T.);
#68602=FACE_BOUND('',#97782,.T.);
#68603=FACE_BOUND('',#97790,.T.);
#68604=FACE_BOUND('',#97791,.T.);
#68605=FACE_BOUND('',#97792,.T.);
#68606=FACE_BOUND('',#97793,.T.);
#68607=FACE_BOUND('',#97794,.T.);
#68608=FACE_BOUND('',#97795,.T.);
#68609=FACE_BOUND('',#97796,.T.);
#68610=FACE_BOUND('',#97797,.T.);
#68611=FACE_BOUND('',#97798,.T.);
#68612=FACE_BOUND('',#97799,.T.);
#68613=FACE_BOUND('',#97800,.T.);
#68614=FACE_BOUND('',#97801,.T.);
#68615=FACE_BOUND('',#97802,.T.);
#68616=FACE_BOUND('',#97803,.T.);
#68617=FACE_BOUND('',#97804,.T.);
#68618=FACE_BOUND('',#97805,.T.);
#68619=FACE_BOUND('',#97806,.T.);
#68620=FACE_BOUND('',#97807,.T.);
#68621=FACE_BOUND('',#97808,.T.);
#68622=FACE_BOUND('',#97809,.T.);
#68623=FACE_BOUND('',#97810,.T.);
#68624=FACE_BOUND('',#97811,.T.);
#68625=FACE_BOUND('',#97812,.T.);
#68626=FACE_BOUND('',#97813,.T.);
#68627=FACE_BOUND('',#97814,.T.);
#68628=FACE_BOUND('',#97815,.T.);
#68629=FACE_BOUND('',#97816,.T.);
#68630=FACE_BOUND('',#97817,.T.);
#68631=FACE_BOUND('',#97818,.T.);
#68632=FACE_BOUND('',#97819,.T.);
#68633=FACE_BOUND('',#97820,.T.);
#68634=FACE_BOUND('',#97821,.T.);
#68635=FACE_BOUND('',#97822,.T.);
#68636=FACE_BOUND('',#97823,.T.);
#68637=FACE_BOUND('',#97824,.T.);
#68638=FACE_BOUND('',#97825,.T.);
#68639=FACE_BOUND('',#97826,.T.);
#68640=FACE_BOUND('',#97827,.T.);
#68641=FACE_BOUND('',#97828,.T.);
#68642=FACE_BOUND('',#97829,.T.);
#68643=FACE_BOUND('',#97830,.T.);
#68644=FACE_BOUND('',#97831,.T.);
#68645=FACE_BOUND('',#97832,.T.);
#68646=FACE_BOUND('',#97833,.T.);
#68647=FACE_BOUND('',#97834,.T.);
#68648=FACE_BOUND('',#97836,.T.);
#68649=FACE_BOUND('',#97837,.T.);
#68650=FACE_BOUND('',#97838,.T.);
#68651=FACE_BOUND('',#97839,.T.);
#68652=FACE_BOUND('',#97840,.T.);
#68653=FACE_BOUND('',#97841,.T.);
#68654=FACE_BOUND('',#97842,.T.);
#68655=FACE_BOUND('',#97843,.T.);
#68656=FACE_BOUND('',#97844,.T.);
#68657=FACE_BOUND('',#97845,.T.);
#68658=FACE_BOUND('',#97846,.T.);
#68659=FACE_BOUND('',#97847,.T.);
#68660=FACE_BOUND('',#97848,.T.);
#68661=FACE_BOUND('',#97849,.T.);
#68662=FACE_BOUND('',#97850,.T.);
#68663=FACE_BOUND('',#97851,.T.);
#68664=FACE_BOUND('',#97852,.T.);
#68665=FACE_BOUND('',#97853,.T.);
#68666=FACE_BOUND('',#97854,.T.);
#68667=FACE_BOUND('',#97855,.T.);
#68668=FACE_BOUND('',#97856,.T.);
#68669=FACE_BOUND('',#97857,.T.);
#68670=FACE_BOUND('',#97858,.T.);
#68671=FACE_BOUND('',#97859,.T.);
#68672=FACE_BOUND('',#97860,.T.);
#68673=FACE_BOUND('',#97861,.T.);
#68674=FACE_BOUND('',#97862,.T.);
#68675=FACE_BOUND('',#97863,.T.);
#68676=FACE_BOUND('',#97864,.T.);
#68677=FACE_BOUND('',#97865,.T.);
#68678=FACE_BOUND('',#97867,.T.);
#68679=FACE_BOUND('',#97868,.T.);
#68680=FACE_BOUND('',#97869,.T.);
#68681=FACE_BOUND('',#97870,.T.);
#68682=FACE_BOUND('',#97871,.T.);
#68683=FACE_BOUND('',#97872,.T.);
#68684=FACE_BOUND('',#97873,.T.);
#68685=FACE_BOUND('',#97874,.T.);
#68686=FACE_BOUND('',#97875,.T.);
#68687=FACE_BOUND('',#97876,.T.);
#68688=FACE_BOUND('',#97877,.T.);
#68689=FACE_BOUND('',#97878,.T.);
#68690=FACE_BOUND('',#97879,.T.);
#68691=FACE_BOUND('',#97880,.T.);
#68692=FACE_BOUND('',#97881,.T.);
#68693=FACE_BOUND('',#97882,.T.);
#68694=FACE_BOUND('',#97883,.T.);
#68695=FACE_BOUND('',#97884,.T.);
#68696=FACE_BOUND('',#97885,.T.);
#68697=FACE_BOUND('',#97886,.T.);
#68698=FACE_BOUND('',#97887,.T.);
#68699=FACE_BOUND('',#97888,.T.);
#68700=FACE_BOUND('',#97889,.T.);
#68701=FACE_BOUND('',#97890,.T.);
#68702=FACE_BOUND('',#97891,.T.);
#68703=FACE_BOUND('',#97892,.T.);
#68704=FACE_BOUND('',#97893,.T.);
#68705=FACE_BOUND('',#97894,.T.);
#68706=FACE_BOUND('',#97895,.T.);
#68707=FACE_BOUND('',#97896,.T.);
#68708=FACE_BOUND('',#97898,.T.);
#68709=FACE_BOUND('',#97899,.T.);
#68710=FACE_BOUND('',#97900,.T.);
#68711=FACE_BOUND('',#97901,.T.);
#68712=FACE_BOUND('',#97902,.T.);
#68713=FACE_BOUND('',#97903,.T.);
#68714=FACE_BOUND('',#97904,.T.);
#68715=FACE_BOUND('',#97905,.T.);
#68716=FACE_BOUND('',#97906,.T.);
#68717=FACE_BOUND('',#97907,.T.);
#68718=FACE_BOUND('',#97908,.T.);
#68719=FACE_BOUND('',#97909,.T.);
#68720=FACE_BOUND('',#97910,.T.);
#68721=FACE_BOUND('',#97911,.T.);
#68722=FACE_BOUND('',#97912,.T.);
#68723=FACE_BOUND('',#97913,.T.);
#68724=FACE_BOUND('',#97914,.T.);
#68725=FACE_BOUND('',#97915,.T.);
#68726=FACE_BOUND('',#97916,.T.);
#68727=FACE_BOUND('',#97917,.T.);
#68728=FACE_BOUND('',#97918,.T.);
#68729=FACE_BOUND('',#97919,.T.);
#68730=FACE_BOUND('',#97920,.T.);
#68731=FACE_BOUND('',#97921,.T.);
#68732=FACE_BOUND('',#97922,.T.);
#68733=FACE_BOUND('',#97923,.T.);
#68734=FACE_BOUND('',#97924,.T.);
#68735=FACE_BOUND('',#97925,.T.);
#68736=FACE_BOUND('',#97926,.T.);
#68737=FACE_BOUND('',#97927,.T.);
#68738=FACE_BOUND('',#97929,.T.);
#68739=FACE_BOUND('',#97930,.T.);
#68740=FACE_BOUND('',#97931,.T.);
#68741=FACE_BOUND('',#97932,.T.);
#68742=FACE_BOUND('',#97933,.T.);
#68743=FACE_BOUND('',#97934,.T.);
#68744=FACE_BOUND('',#97935,.T.);
#68745=FACE_BOUND('',#97936,.T.);
#68746=FACE_BOUND('',#97937,.T.);
#68747=FACE_BOUND('',#97938,.T.);
#68748=FACE_BOUND('',#97939,.T.);
#68749=FACE_BOUND('',#97940,.T.);
#68750=FACE_BOUND('',#97941,.T.);
#68751=FACE_BOUND('',#97942,.T.);
#68752=FACE_BOUND('',#97943,.T.);
#68753=FACE_BOUND('',#97944,.T.);
#68754=FACE_BOUND('',#97945,.T.);
#68755=FACE_BOUND('',#97946,.T.);
#68756=FACE_BOUND('',#97947,.T.);
#68757=FACE_BOUND('',#97948,.T.);
#68758=FACE_BOUND('',#97949,.T.);
#68759=FACE_BOUND('',#97950,.T.);
#68760=FACE_BOUND('',#97951,.T.);
#68761=FACE_BOUND('',#97952,.T.);
#68762=FACE_BOUND('',#97953,.T.);
#68763=FACE_BOUND('',#97954,.T.);
#68764=FACE_BOUND('',#97955,.T.);
#68765=FACE_BOUND('',#97956,.T.);
#68766=FACE_BOUND('',#97957,.T.);
#68767=FACE_BOUND('',#97958,.T.);
#68768=FACE_BOUND('',#98160,.T.);
#68769=FACE_BOUND('',#98161,.T.);
#68770=FACE_BOUND('',#98162,.T.);
#68771=FACE_BOUND('',#98163,.T.);
#68772=FACE_BOUND('',#98164,.T.);
#68773=FACE_BOUND('',#98165,.T.);
#68774=FACE_BOUND('',#98166,.T.);
#68775=FACE_BOUND('',#98167,.T.);
#68776=FACE_BOUND('',#98168,.T.);
#68777=FACE_BOUND('',#98169,.T.);
#68778=FACE_BOUND('',#98170,.T.);
#68779=FACE_BOUND('',#98171,.T.);
#68780=FACE_BOUND('',#98172,.T.);
#68781=FACE_BOUND('',#98173,.T.);
#68782=FACE_BOUND('',#98174,.T.);
#68783=FACE_BOUND('',#98175,.T.);
#68784=FACE_BOUND('',#98176,.T.);
#68785=FACE_BOUND('',#98177,.T.);
#68786=FACE_BOUND('',#98178,.T.);
#68787=FACE_BOUND('',#98179,.T.);
#68788=FACE_BOUND('',#98180,.T.);
#68789=FACE_BOUND('',#98181,.T.);
#68790=FACE_BOUND('',#98182,.T.);
#68791=FACE_BOUND('',#98183,.T.);
#68792=FACE_BOUND('',#98184,.T.);
#68793=FACE_BOUND('',#98185,.T.);
#68794=FACE_BOUND('',#98186,.T.);
#68795=FACE_BOUND('',#98187,.T.);
#68796=FACE_BOUND('',#98188,.T.);
#68797=FACE_BOUND('',#98189,.T.);
#68798=FACE_BOUND('',#98190,.T.);
#68799=FACE_BOUND('',#98191,.T.);
#68800=FACE_BOUND('',#98192,.T.);
#68801=FACE_BOUND('',#98193,.T.);
#68802=FACE_BOUND('',#98194,.T.);
#68803=FACE_BOUND('',#98195,.T.);
#68804=FACE_BOUND('',#98196,.T.);
#68805=FACE_BOUND('',#98197,.T.);
#68806=FACE_BOUND('',#98198,.T.);
#68807=FACE_BOUND('',#98199,.T.);
#68808=FACE_BOUND('',#98200,.T.);
#68809=FACE_BOUND('',#98201,.T.);
#68810=FACE_BOUND('',#98202,.T.);
#68811=FACE_BOUND('',#98203,.T.);
#68812=FACE_BOUND('',#98204,.T.);
#68813=FACE_BOUND('',#98205,.T.);
#68814=FACE_BOUND('',#98206,.T.);
#68815=FACE_BOUND('',#98207,.T.);
#68816=FACE_BOUND('',#98208,.T.);
#68817=FACE_BOUND('',#98209,.T.);
#68818=FACE_BOUND('',#98210,.T.);
#68819=FACE_BOUND('',#98211,.T.);
#68820=FACE_BOUND('',#98212,.T.);
#68821=FACE_BOUND('',#98213,.T.);
#68822=FACE_BOUND('',#98214,.T.);
#68823=FACE_BOUND('',#98215,.T.);
#68824=FACE_BOUND('',#98216,.T.);
#68825=FACE_BOUND('',#98217,.T.);
#68826=FACE_BOUND('',#98218,.T.);
#68827=FACE_BOUND('',#98219,.T.);
#68828=FACE_BOUND('',#98220,.T.);
#68829=FACE_BOUND('',#98221,.T.);
#68830=FACE_BOUND('',#98222,.T.);
#68831=FACE_BOUND('',#98223,.T.);
#68832=FACE_BOUND('',#98224,.T.);
#68833=FACE_BOUND('',#98225,.T.);
#68834=FACE_BOUND('',#98226,.T.);
#68835=FACE_BOUND('',#98227,.T.);
#68836=FACE_BOUND('',#98228,.T.);
#68837=FACE_BOUND('',#98229,.T.);
#68838=FACE_BOUND('',#98230,.T.);
#68839=FACE_BOUND('',#98231,.T.);
#68840=FACE_BOUND('',#98232,.T.);
#68841=FACE_BOUND('',#98233,.T.);
#68842=FACE_BOUND('',#98234,.T.);
#68843=FACE_BOUND('',#98235,.T.);
#68844=FACE_BOUND('',#98236,.T.);
#68845=FACE_BOUND('',#98237,.T.);
#68846=FACE_BOUND('',#98238,.T.);
#68847=FACE_BOUND('',#98239,.T.);
#68848=FACE_BOUND('',#98240,.T.);
#68849=FACE_BOUND('',#98241,.T.);
#68850=FACE_BOUND('',#98242,.T.);
#68851=FACE_BOUND('',#98243,.T.);
#68852=FACE_BOUND('',#98244,.T.);
#68853=FACE_BOUND('',#98245,.T.);
#68854=FACE_BOUND('',#98246,.T.);
#68855=FACE_BOUND('',#98247,.T.);
#68856=FACE_BOUND('',#98248,.T.);
#68857=FACE_BOUND('',#98249,.T.);
#68858=FACE_BOUND('',#98250,.T.);
#68859=FACE_BOUND('',#98251,.T.);
#68860=FACE_BOUND('',#98252,.T.);
#68861=FACE_BOUND('',#98253,.T.);
#68862=FACE_BOUND('',#98254,.T.);
#68863=FACE_BOUND('',#98255,.T.);
#68864=FACE_BOUND('',#98256,.T.);
#68865=FACE_BOUND('',#98257,.T.);
#68866=FACE_BOUND('',#98258,.T.);
#68867=FACE_BOUND('',#98259,.T.);
#68868=FACE_BOUND('',#98260,.T.);
#68869=FACE_BOUND('',#98261,.T.);
#68870=FACE_BOUND('',#98262,.T.);
#68871=FACE_BOUND('',#98263,.T.);
#68872=FACE_BOUND('',#98264,.T.);
#68873=FACE_BOUND('',#98265,.T.);
#68874=FACE_BOUND('',#98266,.T.);
#68875=FACE_BOUND('',#98267,.T.);
#68876=FACE_BOUND('',#98268,.T.);
#68877=FACE_BOUND('',#98269,.T.);
#68878=FACE_BOUND('',#98270,.T.);
#68879=FACE_BOUND('',#98271,.T.);
#68880=FACE_BOUND('',#98272,.T.);
#68881=FACE_BOUND('',#98273,.T.);
#68882=FACE_BOUND('',#98274,.T.);
#68883=FACE_BOUND('',#98275,.T.);
#68884=FACE_BOUND('',#98276,.T.);
#68885=FACE_BOUND('',#98277,.T.);
#68886=FACE_BOUND('',#98278,.T.);
#68887=FACE_BOUND('',#98279,.T.);
#68888=FACE_BOUND('',#98280,.T.);
#68889=FACE_BOUND('',#98281,.T.);
#68890=FACE_BOUND('',#98282,.T.);
#68891=FACE_BOUND('',#98283,.T.);
#68892=FACE_BOUND('',#98284,.T.);
#68893=FACE_BOUND('',#98285,.T.);
#68894=FACE_BOUND('',#98286,.T.);
#68895=FACE_BOUND('',#98287,.T.);
#68896=FACE_BOUND('',#98288,.T.);
#68897=FACE_BOUND('',#98289,.T.);
#68898=FACE_BOUND('',#98290,.T.);
#68899=FACE_BOUND('',#98291,.T.);
#68900=FACE_BOUND('',#98292,.T.);
#68901=FACE_BOUND('',#98293,.T.);
#68902=FACE_BOUND('',#98294,.T.);
#68903=FACE_BOUND('',#98295,.T.);
#68904=FACE_BOUND('',#98296,.T.);
#68905=FACE_BOUND('',#98297,.T.);
#68906=FACE_BOUND('',#98298,.T.);
#68907=FACE_BOUND('',#98299,.T.);
#68908=FACE_BOUND('',#98300,.T.);
#68909=FACE_BOUND('',#98301,.T.);
#68910=FACE_BOUND('',#98302,.T.);
#68911=FACE_BOUND('',#98303,.T.);
#68912=FACE_BOUND('',#98304,.T.);
#68913=FACE_BOUND('',#98305,.T.);
#68914=FACE_BOUND('',#98306,.T.);
#68915=FACE_BOUND('',#98307,.T.);
#68916=FACE_BOUND('',#98308,.T.);
#68917=FACE_BOUND('',#98309,.T.);
#68918=FACE_BOUND('',#98310,.T.);
#68919=FACE_BOUND('',#98311,.T.);
#68920=FACE_BOUND('',#98312,.T.);
#68921=FACE_BOUND('',#98313,.T.);
#68922=FACE_BOUND('',#98314,.T.);
#68923=FACE_BOUND('',#98315,.T.);
#68924=FACE_BOUND('',#98316,.T.);
#68925=FACE_BOUND('',#98317,.T.);
#68926=FACE_BOUND('',#98318,.T.);
#68927=FACE_BOUND('',#98319,.T.);
#68928=FACE_BOUND('',#98320,.T.);
#68929=FACE_BOUND('',#98321,.T.);
#68930=FACE_BOUND('',#98322,.T.);
#68931=FACE_BOUND('',#98323,.T.);
#68932=FACE_BOUND('',#98324,.T.);
#68933=FACE_BOUND('',#98325,.T.);
#68934=FACE_BOUND('',#98326,.T.);
#68935=FACE_BOUND('',#98327,.T.);
#68936=FACE_BOUND('',#98328,.T.);
#82248=FACE_OUTER_BOUND('',#97673,.T.);
#82249=FACE_OUTER_BOUND('',#97674,.T.);
#82250=FACE_OUTER_BOUND('',#97675,.T.);
#82251=FACE_OUTER_BOUND('',#97676,.T.);
#82252=FACE_OUTER_BOUND('',#97677,.T.);
#82253=FACE_OUTER_BOUND('',#97679,.T.);
#82254=FACE_OUTER_BOUND('',#97680,.T.);
#82255=FACE_OUTER_BOUND('',#97681,.T.);
#82256=FACE_OUTER_BOUND('',#97682,.T.);
#82257=FACE_OUTER_BOUND('',#97684,.T.);
#82258=FACE_OUTER_BOUND('',#97685,.T.);
#82259=FACE_OUTER_BOUND('',#97686,.T.);
#82260=FACE_OUTER_BOUND('',#97687,.T.);
#82261=FACE_OUTER_BOUND('',#97688,.T.);
#82262=FACE_OUTER_BOUND('',#97689,.T.);
#82263=FACE_OUTER_BOUND('',#97690,.T.);
#82264=FACE_OUTER_BOUND('',#97691,.T.);
#82265=FACE_OUTER_BOUND('',#97692,.T.);
#82266=FACE_OUTER_BOUND('',#97693,.T.);
#82267=FACE_OUTER_BOUND('',#97694,.T.);
#82268=FACE_OUTER_BOUND('',#97695,.T.);
#82269=FACE_OUTER_BOUND('',#97696,.T.);
#82270=FACE_OUTER_BOUND('',#97697,.T.);
#82271=FACE_OUTER_BOUND('',#97698,.T.);
#82272=FACE_OUTER_BOUND('',#97699,.T.);
#82273=FACE_OUTER_BOUND('',#97700,.T.);
#82274=FACE_OUTER_BOUND('',#97701,.T.);
#82275=FACE_OUTER_BOUND('',#97702,.T.);
#82276=FACE_OUTER_BOUND('',#97703,.T.);
#82277=FACE_OUTER_BOUND('',#97704,.T.);
#82278=FACE_OUTER_BOUND('',#97705,.T.);
#82279=FACE_OUTER_BOUND('',#97706,.T.);
#82280=FACE_OUTER_BOUND('',#97707,.T.);
#82281=FACE_OUTER_BOUND('',#97708,.T.);
#82282=FACE_OUTER_BOUND('',#97709,.T.);
#82283=FACE_OUTER_BOUND('',#97710,.T.);
#82284=FACE_OUTER_BOUND('',#97711,.T.);
#82285=FACE_OUTER_BOUND('',#97712,.T.);
#82286=FACE_OUTER_BOUND('',#97713,.T.);
#82287=FACE_OUTER_BOUND('',#97714,.T.);
#82288=FACE_OUTER_BOUND('',#97715,.T.);
#82289=FACE_OUTER_BOUND('',#97716,.T.);
#82290=FACE_OUTER_BOUND('',#97717,.T.);
#82291=FACE_OUTER_BOUND('',#97718,.T.);
#82292=FACE_OUTER_BOUND('',#97719,.T.);
#82293=FACE_OUTER_BOUND('',#97720,.T.);
#82294=FACE_OUTER_BOUND('',#97721,.T.);
#82295=FACE_OUTER_BOUND('',#97722,.T.);
#82296=FACE_OUTER_BOUND('',#97723,.T.);
#82297=FACE_OUTER_BOUND('',#97724,.T.);
#82298=FACE_OUTER_BOUND('',#97725,.T.);
#82299=FACE_OUTER_BOUND('',#97726,.T.);
#82300=FACE_OUTER_BOUND('',#97727,.T.);
#82301=FACE_OUTER_BOUND('',#97728,.T.);
#82302=FACE_OUTER_BOUND('',#97729,.T.);
#82303=FACE_OUTER_BOUND('',#97730,.T.);
#82304=FACE_OUTER_BOUND('',#97731,.T.);
#82305=FACE_OUTER_BOUND('',#97732,.T.);
#82306=FACE_OUTER_BOUND('',#97733,.T.);
#82307=FACE_OUTER_BOUND('',#97734,.T.);
#82308=FACE_OUTER_BOUND('',#97744,.T.);
#82309=FACE_OUTER_BOUND('',#97745,.T.);
#82310=FACE_OUTER_BOUND('',#97746,.T.);
#82311=FACE_OUTER_BOUND('',#97747,.T.);
#82312=FACE_OUTER_BOUND('',#97748,.T.);
#82313=FACE_OUTER_BOUND('',#97749,.T.);
#82314=FACE_OUTER_BOUND('',#97750,.T.);
#82315=FACE_OUTER_BOUND('',#97751,.T.);
#82316=FACE_OUTER_BOUND('',#97753,.T.);
#82317=FACE_OUTER_BOUND('',#97754,.T.);
#82318=FACE_OUTER_BOUND('',#97755,.T.);
#82319=FACE_OUTER_BOUND('',#97756,.T.);
#82320=FACE_OUTER_BOUND('',#97757,.T.);
#82321=FACE_OUTER_BOUND('',#97759,.T.);
#82322=FACE_OUTER_BOUND('',#97760,.T.);
#82323=FACE_OUTER_BOUND('',#97761,.T.);
#82324=FACE_OUTER_BOUND('',#97762,.T.);
#82325=FACE_OUTER_BOUND('',#97763,.T.);
#82326=FACE_OUTER_BOUND('',#97764,.T.);
#82327=FACE_OUTER_BOUND('',#97765,.T.);
#82328=FACE_OUTER_BOUND('',#97767,.T.);
#82329=FACE_OUTER_BOUND('',#97768,.T.);
#82330=FACE_OUTER_BOUND('',#97769,.T.);
#82331=FACE_OUTER_BOUND('',#97770,.T.);
#82332=FACE_OUTER_BOUND('',#97771,.T.);
#82333=FACE_OUTER_BOUND('',#97772,.T.);
#82334=FACE_OUTER_BOUND('',#97773,.T.);
#82335=FACE_OUTER_BOUND('',#97775,.T.);
#82336=FACE_OUTER_BOUND('',#97776,.T.);
#82337=FACE_OUTER_BOUND('',#97777,.T.);
#82338=FACE_OUTER_BOUND('',#97778,.T.);
#82339=FACE_OUTER_BOUND('',#97779,.T.);
#82340=FACE_OUTER_BOUND('',#97780,.T.);
#82341=FACE_OUTER_BOUND('',#97781,.T.);
#82342=FACE_OUTER_BOUND('',#97783,.T.);
#82343=FACE_OUTER_BOUND('',#97784,.T.);
#82344=FACE_OUTER_BOUND('',#97785,.T.);
#82345=FACE_OUTER_BOUND('',#97786,.T.);
#82346=FACE_OUTER_BOUND('',#97787,.T.);
#82347=FACE_OUTER_BOUND('',#97788,.T.);
#82348=FACE_OUTER_BOUND('',#97789,.T.);
#82349=FACE_OUTER_BOUND('',#97835,.T.);
#82350=FACE_OUTER_BOUND('',#97866,.T.);
#82351=FACE_OUTER_BOUND('',#97897,.T.);
#82352=FACE_OUTER_BOUND('',#97928,.T.);
#82353=FACE_OUTER_BOUND('',#97959,.T.);
#82354=FACE_OUTER_BOUND('',#97960,.T.);
#82355=FACE_OUTER_BOUND('',#97961,.T.);
#82356=FACE_OUTER_BOUND('',#97962,.T.);
#82357=FACE_OUTER_BOUND('',#97963,.T.);
#82358=FACE_OUTER_BOUND('',#97964,.T.);
#82359=FACE_OUTER_BOUND('',#97965,.T.);
#82360=FACE_OUTER_BOUND('',#97966,.T.);
#82361=FACE_OUTER_BOUND('',#97967,.T.);
#82362=FACE_OUTER_BOUND('',#97968,.T.);
#82363=FACE_OUTER_BOUND('',#97969,.T.);
#82364=FACE_OUTER_BOUND('',#97970,.T.);
#82365=FACE_OUTER_BOUND('',#97971,.T.);
#82366=FACE_OUTER_BOUND('',#97972,.T.);
#82367=FACE_OUTER_BOUND('',#97973,.T.);
#82368=FACE_OUTER_BOUND('',#97974,.T.);
#82369=FACE_OUTER_BOUND('',#97975,.T.);
#82370=FACE_OUTER_BOUND('',#97976,.T.);
#82371=FACE_OUTER_BOUND('',#97977,.T.);
#82372=FACE_OUTER_BOUND('',#97978,.T.);
#82373=FACE_OUTER_BOUND('',#97979,.T.);
#82374=FACE_OUTER_BOUND('',#97980,.T.);
#82375=FACE_OUTER_BOUND('',#97981,.T.);
#82376=FACE_OUTER_BOUND('',#97982,.T.);
#82377=FACE_OUTER_BOUND('',#97983,.T.);
#82378=FACE_OUTER_BOUND('',#97984,.T.);
#82379=FACE_OUTER_BOUND('',#97985,.T.);
#82380=FACE_OUTER_BOUND('',#97986,.T.);
#82381=FACE_OUTER_BOUND('',#97987,.T.);
#82382=FACE_OUTER_BOUND('',#97988,.T.);
#82383=FACE_OUTER_BOUND('',#97989,.T.);
#82384=FACE_OUTER_BOUND('',#97990,.T.);
#82385=FACE_OUTER_BOUND('',#97991,.T.);
#82386=FACE_OUTER_BOUND('',#97992,.T.);
#82387=FACE_OUTER_BOUND('',#97993,.T.);
#82388=FACE_OUTER_BOUND('',#97994,.T.);
#82389=FACE_OUTER_BOUND('',#97995,.T.);
#82390=FACE_OUTER_BOUND('',#97996,.T.);
#82391=FACE_OUTER_BOUND('',#97997,.T.);
#82392=FACE_OUTER_BOUND('',#97998,.T.);
#82393=FACE_OUTER_BOUND('',#97999,.T.);
#82394=FACE_OUTER_BOUND('',#98000,.T.);
#82395=FACE_OUTER_BOUND('',#98001,.T.);
#82396=FACE_OUTER_BOUND('',#98002,.T.);
#82397=FACE_OUTER_BOUND('',#98003,.T.);
#82398=FACE_OUTER_BOUND('',#98004,.T.);
#82399=FACE_OUTER_BOUND('',#98005,.T.);
#82400=FACE_OUTER_BOUND('',#98006,.T.);
#82401=FACE_OUTER_BOUND('',#98007,.T.);
#82402=FACE_OUTER_BOUND('',#98008,.T.);
#82403=FACE_OUTER_BOUND('',#98009,.T.);
#82404=FACE_OUTER_BOUND('',#98010,.T.);
#82405=FACE_OUTER_BOUND('',#98011,.T.);
#82406=FACE_OUTER_BOUND('',#98012,.T.);
#82407=FACE_OUTER_BOUND('',#98013,.T.);
#82408=FACE_OUTER_BOUND('',#98014,.T.);
#82409=FACE_OUTER_BOUND('',#98015,.T.);
#82410=FACE_OUTER_BOUND('',#98016,.T.);
#82411=FACE_OUTER_BOUND('',#98017,.T.);
#82412=FACE_OUTER_BOUND('',#98018,.T.);
#82413=FACE_OUTER_BOUND('',#98019,.T.);
#82414=FACE_OUTER_BOUND('',#98020,.T.);
#82415=FACE_OUTER_BOUND('',#98021,.T.);
#82416=FACE_OUTER_BOUND('',#98022,.T.);
#82417=FACE_OUTER_BOUND('',#98023,.T.);
#82418=FACE_OUTER_BOUND('',#98024,.T.);
#82419=FACE_OUTER_BOUND('',#98025,.T.);
#82420=FACE_OUTER_BOUND('',#98026,.T.);
#82421=FACE_OUTER_BOUND('',#98027,.T.);
#82422=FACE_OUTER_BOUND('',#98028,.T.);
#82423=FACE_OUTER_BOUND('',#98029,.T.);
#82424=FACE_OUTER_BOUND('',#98030,.T.);
#82425=FACE_OUTER_BOUND('',#98031,.T.);
#82426=FACE_OUTER_BOUND('',#98032,.T.);
#82427=FACE_OUTER_BOUND('',#98033,.T.);
#82428=FACE_OUTER_BOUND('',#98034,.T.);
#82429=FACE_OUTER_BOUND('',#98035,.T.);
#82430=FACE_OUTER_BOUND('',#98036,.T.);
#82431=FACE_OUTER_BOUND('',#98037,.T.);
#82432=FACE_OUTER_BOUND('',#98038,.T.);
#82433=FACE_OUTER_BOUND('',#98039,.T.);
#82434=FACE_OUTER_BOUND('',#98040,.T.);
#82435=FACE_OUTER_BOUND('',#98041,.T.);
#82436=FACE_OUTER_BOUND('',#98042,.T.);
#82437=FACE_OUTER_BOUND('',#98043,.T.);
#82438=FACE_OUTER_BOUND('',#98044,.T.);
#82439=FACE_OUTER_BOUND('',#98045,.T.);
#82440=FACE_OUTER_BOUND('',#98046,.T.);
#82441=FACE_OUTER_BOUND('',#98047,.T.);
#82442=FACE_OUTER_BOUND('',#98048,.T.);
#82443=FACE_OUTER_BOUND('',#98049,.T.);
#82444=FACE_OUTER_BOUND('',#98050,.T.);
#82445=FACE_OUTER_BOUND('',#98051,.T.);
#82446=FACE_OUTER_BOUND('',#98052,.T.);
#82447=FACE_OUTER_BOUND('',#98053,.T.);
#82448=FACE_OUTER_BOUND('',#98054,.T.);
#82449=FACE_OUTER_BOUND('',#98055,.T.);
#82450=FACE_OUTER_BOUND('',#98056,.T.);
#82451=FACE_OUTER_BOUND('',#98057,.T.);
#82452=FACE_OUTER_BOUND('',#98058,.T.);
#82453=FACE_OUTER_BOUND('',#98059,.T.);
#82454=FACE_OUTER_BOUND('',#98060,.T.);
#82455=FACE_OUTER_BOUND('',#98061,.T.);
#82456=FACE_OUTER_BOUND('',#98062,.T.);
#82457=FACE_OUTER_BOUND('',#98063,.T.);
#82458=FACE_OUTER_BOUND('',#98064,.T.);
#82459=FACE_OUTER_BOUND('',#98065,.T.);
#82460=FACE_OUTER_BOUND('',#98066,.T.);
#82461=FACE_OUTER_BOUND('',#98067,.T.);
#82462=FACE_OUTER_BOUND('',#98068,.T.);
#82463=FACE_OUTER_BOUND('',#98069,.T.);
#82464=FACE_OUTER_BOUND('',#98070,.T.);
#82465=FACE_OUTER_BOUND('',#98071,.T.);
#82466=FACE_OUTER_BOUND('',#98072,.T.);
#82467=FACE_OUTER_BOUND('',#98073,.T.);
#82468=FACE_OUTER_BOUND('',#98074,.T.);
#82469=FACE_OUTER_BOUND('',#98075,.T.);
#82470=FACE_OUTER_BOUND('',#98076,.T.);
#82471=FACE_OUTER_BOUND('',#98077,.T.);
#82472=FACE_OUTER_BOUND('',#98078,.T.);
#82473=FACE_OUTER_BOUND('',#98079,.T.);
#82474=FACE_OUTER_BOUND('',#98080,.T.);
#82475=FACE_OUTER_BOUND('',#98081,.T.);
#82476=FACE_OUTER_BOUND('',#98082,.T.);
#82477=FACE_OUTER_BOUND('',#98083,.T.);
#82478=FACE_OUTER_BOUND('',#98084,.T.);
#82479=FACE_OUTER_BOUND('',#98085,.T.);
#82480=FACE_OUTER_BOUND('',#98086,.T.);
#82481=FACE_OUTER_BOUND('',#98087,.T.);
#82482=FACE_OUTER_BOUND('',#98088,.T.);
#82483=FACE_OUTER_BOUND('',#98089,.T.);
#82484=FACE_OUTER_BOUND('',#98090,.T.);
#82485=FACE_OUTER_BOUND('',#98091,.T.);
#82486=FACE_OUTER_BOUND('',#98092,.T.);
#82487=FACE_OUTER_BOUND('',#98093,.T.);
#82488=FACE_OUTER_BOUND('',#98094,.T.);
#82489=FACE_OUTER_BOUND('',#98095,.T.);
#82490=FACE_OUTER_BOUND('',#98096,.T.);
#82491=FACE_OUTER_BOUND('',#98097,.T.);
#82492=FACE_OUTER_BOUND('',#98098,.T.);
#82493=FACE_OUTER_BOUND('',#98099,.T.);
#82494=FACE_OUTER_BOUND('',#98100,.T.);
#82495=FACE_OUTER_BOUND('',#98101,.T.);
#82496=FACE_OUTER_BOUND('',#98102,.T.);
#82497=FACE_OUTER_BOUND('',#98103,.T.);
#82498=FACE_OUTER_BOUND('',#98104,.T.);
#82499=FACE_OUTER_BOUND('',#98105,.T.);
#82500=FACE_OUTER_BOUND('',#98106,.T.);
#82501=FACE_OUTER_BOUND('',#98107,.T.);
#82502=FACE_OUTER_BOUND('',#98108,.T.);
#82503=FACE_OUTER_BOUND('',#98109,.T.);
#82504=FACE_OUTER_BOUND('',#98110,.T.);
#82505=FACE_OUTER_BOUND('',#98111,.T.);
#82506=FACE_OUTER_BOUND('',#98112,.T.);
#82507=FACE_OUTER_BOUND('',#98113,.T.);
#82508=FACE_OUTER_BOUND('',#98114,.T.);
#82509=FACE_OUTER_BOUND('',#98115,.T.);
#82510=FACE_OUTER_BOUND('',#98116,.T.);
#82511=FACE_OUTER_BOUND('',#98117,.T.);
#82512=FACE_OUTER_BOUND('',#98118,.T.);
#82513=FACE_OUTER_BOUND('',#98119,.T.);
#82514=FACE_OUTER_BOUND('',#98120,.T.);
#82515=FACE_OUTER_BOUND('',#98121,.T.);
#82516=FACE_OUTER_BOUND('',#98122,.T.);
#82517=FACE_OUTER_BOUND('',#98123,.T.);
#82518=FACE_OUTER_BOUND('',#98124,.T.);
#82519=FACE_OUTER_BOUND('',#98125,.T.);
#82520=FACE_OUTER_BOUND('',#98126,.T.);
#82521=FACE_OUTER_BOUND('',#98127,.T.);
#82522=FACE_OUTER_BOUND('',#98128,.T.);
#82523=FACE_OUTER_BOUND('',#98129,.T.);
#82524=FACE_OUTER_BOUND('',#98130,.T.);
#82525=FACE_OUTER_BOUND('',#98131,.T.);
#82526=FACE_OUTER_BOUND('',#98132,.T.);
#82527=FACE_OUTER_BOUND('',#98133,.T.);
#82528=FACE_OUTER_BOUND('',#98134,.T.);
#82529=FACE_OUTER_BOUND('',#98135,.T.);
#82530=FACE_OUTER_BOUND('',#98136,.T.);
#82531=FACE_OUTER_BOUND('',#98137,.T.);
#82532=FACE_OUTER_BOUND('',#98138,.T.);
#82533=FACE_OUTER_BOUND('',#98139,.T.);
#82534=FACE_OUTER_BOUND('',#98140,.T.);
#82535=FACE_OUTER_BOUND('',#98141,.T.);
#82536=FACE_OUTER_BOUND('',#98142,.T.);
#82537=FACE_OUTER_BOUND('',#98143,.T.);
#82538=FACE_OUTER_BOUND('',#98144,.T.);
#82539=FACE_OUTER_BOUND('',#98145,.T.);
#82540=FACE_OUTER_BOUND('',#98146,.T.);
#82541=FACE_OUTER_BOUND('',#98147,.T.);
#82542=FACE_OUTER_BOUND('',#98148,.T.);
#82543=FACE_OUTER_BOUND('',#98149,.T.);
#82544=FACE_OUTER_BOUND('',#98150,.T.);
#82545=FACE_OUTER_BOUND('',#98151,.T.);
#82546=FACE_OUTER_BOUND('',#98152,.T.);
#82547=FACE_OUTER_BOUND('',#98153,.T.);
#82548=FACE_OUTER_BOUND('',#98154,.T.);
#82549=FACE_OUTER_BOUND('',#98155,.T.);
#82550=FACE_OUTER_BOUND('',#98156,.T.);
#82551=FACE_OUTER_BOUND('',#98157,.T.);
#82552=FACE_OUTER_BOUND('',#98158,.T.);
#82553=FACE_OUTER_BOUND('',#98159,.T.);
#97673=EDGE_LOOP('',(#236096,#236097,#236098,#236099));
#97674=EDGE_LOOP('',(#236100,#236101,#236102,#236103));
#97675=EDGE_LOOP('',(#236104,#236105,#236106,#236107));
#97676=EDGE_LOOP('',(#236108,#236109,#236110,#236111));
#97677=EDGE_LOOP('',(#236112,#236113,#236114,#236115));
#97678=EDGE_LOOP('',(#236116));
#97679=EDGE_LOOP('',(#236117,#236118,#236119,#236120));
#97680=EDGE_LOOP('',(#236121,#236122,#236123,#236124,#236125));
#97681=EDGE_LOOP('',(#236126,#236127,#236128,#236129,#236130));
#97682=EDGE_LOOP('',(#236131,#236132,#236133,#236134));
#97683=EDGE_LOOP('',(#236135,#236136,#236137,#236138));
#97684=EDGE_LOOP('',(#236139,#236140,#236141,#236142));
#97685=EDGE_LOOP('',(#236143,#236144,#236145,#236146));
#97686=EDGE_LOOP('',(#236147,#236148,#236149,#236150));
#97687=EDGE_LOOP('',(#236151,#236152,#236153,#236154));
#97688=EDGE_LOOP('',(#236155,#236156,#236157,#236158));
#97689=EDGE_LOOP('',(#236159,#236160,#236161,#236162));
#97690=EDGE_LOOP('',(#236163,#236164,#236165,#236166));
#97691=EDGE_LOOP('',(#236167,#236168,#236169,#236170));
#97692=EDGE_LOOP('',(#236171,#236172,#236173,#236174));
#97693=EDGE_LOOP('',(#236175,#236176,#236177,#236178));
#97694=EDGE_LOOP('',(#236179,#236180,#236181,#236182));
#97695=EDGE_LOOP('',(#236183,#236184,#236185,#236186));
#97696=EDGE_LOOP('',(#236187,#236188,#236189,#236190));
#97697=EDGE_LOOP('',(#236191,#236192,#236193,#236194));
#97698=EDGE_LOOP('',(#236195,#236196,#236197,#236198));
#97699=EDGE_LOOP('',(#236199,#236200,#236201,#236202));
#97700=EDGE_LOOP('',(#236203,#236204,#236205,#236206));
#97701=EDGE_LOOP('',(#236207,#236208,#236209,#236210));
#97702=EDGE_LOOP('',(#236211,#236212,#236213,#236214));
#97703=EDGE_LOOP('',(#236215,#236216,#236217,#236218));
#97704=EDGE_LOOP('',(#236219,#236220,#236221,#236222));
#97705=EDGE_LOOP('',(#236223,#236224,#236225,#236226));
#97706=EDGE_LOOP('',(#236227,#236228,#236229,#236230));
#97707=EDGE_LOOP('',(#236231,#236232,#236233,#236234));
#97708=EDGE_LOOP('',(#236235,#236236,#236237,#236238));
#97709=EDGE_LOOP('',(#236239,#236240,#236241,#236242));
#97710=EDGE_LOOP('',(#236243,#236244,#236245,#236246));
#97711=EDGE_LOOP('',(#236247,#236248,#236249,#236250));
#97712=EDGE_LOOP('',(#236251,#236252,#236253,#236254));
#97713=EDGE_LOOP('',(#236255,#236256,#236257,#236258));
#97714=EDGE_LOOP('',(#236259,#236260,#236261,#236262));
#97715=EDGE_LOOP('',(#236263,#236264,#236265,#236266));
#97716=EDGE_LOOP('',(#236267,#236268,#236269,#236270));
#97717=EDGE_LOOP('',(#236271,#236272,#236273,#236274));
#97718=EDGE_LOOP('',(#236275,#236276,#236277,#236278,#236279,#236280));
#97719=EDGE_LOOP('',(#236281,#236282,#236283,#236284));
#97720=EDGE_LOOP('',(#236285,#236286,#236287,#236288,#236289,#236290));
#97721=EDGE_LOOP('',(#236291,#236292,#236293,#236294));
#97722=EDGE_LOOP('',(#236295,#236296,#236297,#236298));
#97723=EDGE_LOOP('',(#236299,#236300,#236301,#236302));
#97724=EDGE_LOOP('',(#236303,#236304,#236305,#236306));
#97725=EDGE_LOOP('',(#236307,#236308,#236309,#236310));
#97726=EDGE_LOOP('',(#236311,#236312,#236313,#236314));
#97727=EDGE_LOOP('',(#236315,#236316,#236317,#236318));
#97728=EDGE_LOOP('',(#236319,#236320,#236321,#236322));
#97729=EDGE_LOOP('',(#236323,#236324,#236325,#236326));
#97730=EDGE_LOOP('',(#236327,#236328,#236329,#236330,#236331,#236332));
#97731=EDGE_LOOP('',(#236333,#236334,#236335,#236336));
#97732=EDGE_LOOP('',(#236337,#236338,#236339,#236340,#236341,#236342));
#97733=EDGE_LOOP('',(#236343,#236344,#236345,#236346,#236347,#236348));
#97734=EDGE_LOOP('',(#236349,#236350,#236351,#236352,#236353,#236354,#236355,
#236356));
#97735=EDGE_LOOP('',(#236357,#236358,#236359,#236360));
#97736=EDGE_LOOP('',(#236361,#236362,#236363,#236364,#236365,#236366,#236367,
#236368));
#97737=EDGE_LOOP('',(#236369,#236370,#236371,#236372));
#97738=EDGE_LOOP('',(#236373));
#97739=EDGE_LOOP('',(#236374,#236375,#236376,#236377,#236378,#236379));
#97740=EDGE_LOOP('',(#236380,#236381,#236382,#236383,#236384,#236385));
#97741=EDGE_LOOP('',(#236386,#236387,#236388,#236389,#236390,#236391));
#97742=EDGE_LOOP('',(#236392,#236393,#236394,#236395));
#97743=EDGE_LOOP('',(#236396,#236397,#236398,#236399,#236400,#236401));
#97744=EDGE_LOOP('',(#236402,#236403,#236404,#236405));
#97745=EDGE_LOOP('',(#236406,#236407,#236408,#236409,#236410,#236411));
#97746=EDGE_LOOP('',(#236412,#236413,#236414,#236415));
#97747=EDGE_LOOP('',(#236416,#236417,#236418,#236419));
#97748=EDGE_LOOP('',(#236420,#236421,#236422,#236423,#236424,#236425));
#97749=EDGE_LOOP('',(#236426,#236427,#236428,#236429));
#97750=EDGE_LOOP('',(#236430,#236431,#236432,#236433,#236434,#236435));
#97751=EDGE_LOOP('',(#236436,#236437,#236438,#236439));
#97752=EDGE_LOOP('',(#236440,#236441,#236442,#236443));
#97753=EDGE_LOOP('',(#236444,#236445,#236446,#236447));
#97754=EDGE_LOOP('',(#236448,#236449,#236450,#236451));
#97755=EDGE_LOOP('',(#236452,#236453,#236454,#236455));
#97756=EDGE_LOOP('',(#236456,#236457,#236458,#236459));
#97757=EDGE_LOOP('',(#236460,#236461,#236462,#236463,#236464,#236465));
#97758=EDGE_LOOP('',(#236466,#236467,#236468,#236469,#236470,#236471));
#97759=EDGE_LOOP('',(#236472,#236473,#236474,#236475));
#97760=EDGE_LOOP('',(#236476,#236477,#236478,#236479));
#97761=EDGE_LOOP('',(#236480,#236481,#236482,#236483));
#97762=EDGE_LOOP('',(#236484,#236485,#236486,#236487));
#97763=EDGE_LOOP('',(#236488,#236489,#236490,#236491));
#97764=EDGE_LOOP('',(#236492,#236493,#236494,#236495));
#97765=EDGE_LOOP('',(#236496,#236497,#236498,#236499,#236500,#236501));
#97766=EDGE_LOOP('',(#236502,#236503,#236504,#236505,#236506,#236507));
#97767=EDGE_LOOP('',(#236508,#236509,#236510,#236511));
#97768=EDGE_LOOP('',(#236512,#236513,#236514,#236515));
#97769=EDGE_LOOP('',(#236516,#236517,#236518,#236519));
#97770=EDGE_LOOP('',(#236520,#236521,#236522,#236523));
#97771=EDGE_LOOP('',(#236524,#236525,#236526,#236527));
#97772=EDGE_LOOP('',(#236528,#236529,#236530,#236531));
#97773=EDGE_LOOP('',(#236532,#236533,#236534,#236535,#236536,#236537));
#97774=EDGE_LOOP('',(#236538,#236539,#236540,#236541,#236542,#236543));
#97775=EDGE_LOOP('',(#236544,#236545,#236546,#236547));
#97776=EDGE_LOOP('',(#236548,#236549,#236550,#236551));
#97777=EDGE_LOOP('',(#236552,#236553,#236554,#236555));
#97778=EDGE_LOOP('',(#236556,#236557,#236558,#236559));
#97779=EDGE_LOOP('',(#236560,#236561,#236562,#236563));
#97780=EDGE_LOOP('',(#236564,#236565,#236566,#236567));
#97781=EDGE_LOOP('',(#236568,#236569,#236570,#236571,#236572,#236573));
#97782=EDGE_LOOP('',(#236574,#236575,#236576,#236577,#236578,#236579));
#97783=EDGE_LOOP('',(#236580,#236581,#236582,#236583));
#97784=EDGE_LOOP('',(#236584,#236585,#236586,#236587));
#97785=EDGE_LOOP('',(#236588,#236589,#236590,#236591));
#97786=EDGE_LOOP('',(#236592,#236593,#236594,#236595));
#97787=EDGE_LOOP('',(#236596,#236597,#236598,#236599));
#97788=EDGE_LOOP('',(#236600,#236601,#236602,#236603));
#97789=EDGE_LOOP('',(#236604,#236605,#236606,#236607));
#97790=EDGE_LOOP('',(#236608));
#97791=EDGE_LOOP('',(#236609));
#97792=EDGE_LOOP('',(#236610));
#97793=EDGE_LOOP('',(#236611));
#97794=EDGE_LOOP('',(#236612));
#97795=EDGE_LOOP('',(#236613));
#97796=EDGE_LOOP('',(#236614));
#97797=EDGE_LOOP('',(#236615));
#97798=EDGE_LOOP('',(#236616));
#97799=EDGE_LOOP('',(#236617));
#97800=EDGE_LOOP('',(#236618));
#97801=EDGE_LOOP('',(#236619));
#97802=EDGE_LOOP('',(#236620));
#97803=EDGE_LOOP('',(#236621));
#97804=EDGE_LOOP('',(#236622));
#97805=EDGE_LOOP('',(#236623));
#97806=EDGE_LOOP('',(#236624));
#97807=EDGE_LOOP('',(#236625));
#97808=EDGE_LOOP('',(#236626));
#97809=EDGE_LOOP('',(#236627));
#97810=EDGE_LOOP('',(#236628));
#97811=EDGE_LOOP('',(#236629));
#97812=EDGE_LOOP('',(#236630));
#97813=EDGE_LOOP('',(#236631));
#97814=EDGE_LOOP('',(#236632));
#97815=EDGE_LOOP('',(#236633));
#97816=EDGE_LOOP('',(#236634));
#97817=EDGE_LOOP('',(#236635));
#97818=EDGE_LOOP('',(#236636));
#97819=EDGE_LOOP('',(#236637));
#97820=EDGE_LOOP('',(#236638));
#97821=EDGE_LOOP('',(#236639));
#97822=EDGE_LOOP('',(#236640));
#97823=EDGE_LOOP('',(#236641));
#97824=EDGE_LOOP('',(#236642));
#97825=EDGE_LOOP('',(#236643));
#97826=EDGE_LOOP('',(#236644));
#97827=EDGE_LOOP('',(#236645));
#97828=EDGE_LOOP('',(#236646));
#97829=EDGE_LOOP('',(#236647));
#97830=EDGE_LOOP('',(#236648));
#97831=EDGE_LOOP('',(#236649));
#97832=EDGE_LOOP('',(#236650));
#97833=EDGE_LOOP('',(#236651));
#97834=EDGE_LOOP('',(#236652));
#97835=EDGE_LOOP('',(#236653,#236654,#236655,#236656,#236657,#236658));
#97836=EDGE_LOOP('',(#236659));
#97837=EDGE_LOOP('',(#236660));
#97838=EDGE_LOOP('',(#236661));
#97839=EDGE_LOOP('',(#236662));
#97840=EDGE_LOOP('',(#236663));
#97841=EDGE_LOOP('',(#236664));
#97842=EDGE_LOOP('',(#236665));
#97843=EDGE_LOOP('',(#236666));
#97844=EDGE_LOOP('',(#236667));
#97845=EDGE_LOOP('',(#236668));
#97846=EDGE_LOOP('',(#236669));
#97847=EDGE_LOOP('',(#236670));
#97848=EDGE_LOOP('',(#236671));
#97849=EDGE_LOOP('',(#236672));
#97850=EDGE_LOOP('',(#236673));
#97851=EDGE_LOOP('',(#236674));
#97852=EDGE_LOOP('',(#236675));
#97853=EDGE_LOOP('',(#236676));
#97854=EDGE_LOOP('',(#236677));
#97855=EDGE_LOOP('',(#236678));
#97856=EDGE_LOOP('',(#236679));
#97857=EDGE_LOOP('',(#236680));
#97858=EDGE_LOOP('',(#236681));
#97859=EDGE_LOOP('',(#236682));
#97860=EDGE_LOOP('',(#236683));
#97861=EDGE_LOOP('',(#236684));
#97862=EDGE_LOOP('',(#236685));
#97863=EDGE_LOOP('',(#236686));
#97864=EDGE_LOOP('',(#236687));
#97865=EDGE_LOOP('',(#236688));
#97866=EDGE_LOOP('',(#236689,#236690,#236691,#236692,#236693,#236694));
#97867=EDGE_LOOP('',(#236695));
#97868=EDGE_LOOP('',(#236696));
#97869=EDGE_LOOP('',(#236697));
#97870=EDGE_LOOP('',(#236698));
#97871=EDGE_LOOP('',(#236699));
#97872=EDGE_LOOP('',(#236700));
#97873=EDGE_LOOP('',(#236701));
#97874=EDGE_LOOP('',(#236702));
#97875=EDGE_LOOP('',(#236703));
#97876=EDGE_LOOP('',(#236704));
#97877=EDGE_LOOP('',(#236705));
#97878=EDGE_LOOP('',(#236706));
#97879=EDGE_LOOP('',(#236707));
#97880=EDGE_LOOP('',(#236708));
#97881=EDGE_LOOP('',(#236709));
#97882=EDGE_LOOP('',(#236710));
#97883=EDGE_LOOP('',(#236711));
#97884=EDGE_LOOP('',(#236712));
#97885=EDGE_LOOP('',(#236713));
#97886=EDGE_LOOP('',(#236714));
#97887=EDGE_LOOP('',(#236715));
#97888=EDGE_LOOP('',(#236716));
#97889=EDGE_LOOP('',(#236717));
#97890=EDGE_LOOP('',(#236718));
#97891=EDGE_LOOP('',(#236719));
#97892=EDGE_LOOP('',(#236720));
#97893=EDGE_LOOP('',(#236721));
#97894=EDGE_LOOP('',(#236722));
#97895=EDGE_LOOP('',(#236723));
#97896=EDGE_LOOP('',(#236724));
#97897=EDGE_LOOP('',(#236725,#236726,#236727,#236728,#236729,#236730));
#97898=EDGE_LOOP('',(#236731));
#97899=EDGE_LOOP('',(#236732));
#97900=EDGE_LOOP('',(#236733));
#97901=EDGE_LOOP('',(#236734));
#97902=EDGE_LOOP('',(#236735));
#97903=EDGE_LOOP('',(#236736));
#97904=EDGE_LOOP('',(#236737));
#97905=EDGE_LOOP('',(#236738));
#97906=EDGE_LOOP('',(#236739));
#97907=EDGE_LOOP('',(#236740));
#97908=EDGE_LOOP('',(#236741));
#97909=EDGE_LOOP('',(#236742));
#97910=EDGE_LOOP('',(#236743));
#97911=EDGE_LOOP('',(#236744));
#97912=EDGE_LOOP('',(#236745));
#97913=EDGE_LOOP('',(#236746));
#97914=EDGE_LOOP('',(#236747));
#97915=EDGE_LOOP('',(#236748));
#97916=EDGE_LOOP('',(#236749));
#97917=EDGE_LOOP('',(#236750));
#97918=EDGE_LOOP('',(#236751));
#97919=EDGE_LOOP('',(#236752));
#97920=EDGE_LOOP('',(#236753));
#97921=EDGE_LOOP('',(#236754));
#97922=EDGE_LOOP('',(#236755));
#97923=EDGE_LOOP('',(#236756));
#97924=EDGE_LOOP('',(#236757));
#97925=EDGE_LOOP('',(#236758));
#97926=EDGE_LOOP('',(#236759));
#97927=EDGE_LOOP('',(#236760));
#97928=EDGE_LOOP('',(#236761,#236762,#236763,#236764,#236765,#236766));
#97929=EDGE_LOOP('',(#236767));
#97930=EDGE_LOOP('',(#236768));
#97931=EDGE_LOOP('',(#236769));
#97932=EDGE_LOOP('',(#236770));
#97933=EDGE_LOOP('',(#236771));
#97934=EDGE_LOOP('',(#236772));
#97935=EDGE_LOOP('',(#236773));
#97936=EDGE_LOOP('',(#236774));
#97937=EDGE_LOOP('',(#236775));
#97938=EDGE_LOOP('',(#236776));
#97939=EDGE_LOOP('',(#236777));
#97940=EDGE_LOOP('',(#236778));
#97941=EDGE_LOOP('',(#236779));
#97942=EDGE_LOOP('',(#236780));
#97943=EDGE_LOOP('',(#236781));
#97944=EDGE_LOOP('',(#236782));
#97945=EDGE_LOOP('',(#236783));
#97946=EDGE_LOOP('',(#236784));
#97947=EDGE_LOOP('',(#236785));
#97948=EDGE_LOOP('',(#236786));
#97949=EDGE_LOOP('',(#236787));
#97950=EDGE_LOOP('',(#236788));
#97951=EDGE_LOOP('',(#236789));
#97952=EDGE_LOOP('',(#236790));
#97953=EDGE_LOOP('',(#236791));
#97954=EDGE_LOOP('',(#236792));
#97955=EDGE_LOOP('',(#236793));
#97956=EDGE_LOOP('',(#236794));
#97957=EDGE_LOOP('',(#236795));
#97958=EDGE_LOOP('',(#236796));
#97959=EDGE_LOOP('',(#236797,#236798,#236799,#236800));
#97960=EDGE_LOOP('',(#236801,#236802,#236803,#236804));
#97961=EDGE_LOOP('',(#236805,#236806,#236807,#236808));
#97962=EDGE_LOOP('',(#236809,#236810,#236811,#236812));
#97963=EDGE_LOOP('',(#236813,#236814,#236815,#236816));
#97964=EDGE_LOOP('',(#236817,#236818,#236819,#236820));
#97965=EDGE_LOOP('',(#236821,#236822,#236823,#236824));
#97966=EDGE_LOOP('',(#236825,#236826,#236827,#236828));
#97967=EDGE_LOOP('',(#236829,#236830,#236831,#236832));
#97968=EDGE_LOOP('',(#236833,#236834,#236835,#236836));
#97969=EDGE_LOOP('',(#236837,#236838,#236839,#236840));
#97970=EDGE_LOOP('',(#236841,#236842,#236843,#236844));
#97971=EDGE_LOOP('',(#236845,#236846,#236847,#236848));
#97972=EDGE_LOOP('',(#236849,#236850,#236851,#236852));
#97973=EDGE_LOOP('',(#236853,#236854,#236855,#236856));
#97974=EDGE_LOOP('',(#236857,#236858,#236859,#236860));
#97975=EDGE_LOOP('',(#236861,#236862,#236863,#236864));
#97976=EDGE_LOOP('',(#236865,#236866,#236867,#236868));
#97977=EDGE_LOOP('',(#236869,#236870,#236871,#236872));
#97978=EDGE_LOOP('',(#236873,#236874,#236875,#236876));
#97979=EDGE_LOOP('',(#236877,#236878,#236879,#236880));
#97980=EDGE_LOOP('',(#236881,#236882,#236883,#236884));
#97981=EDGE_LOOP('',(#236885,#236886,#236887,#236888));
#97982=EDGE_LOOP('',(#236889,#236890,#236891,#236892));
#97983=EDGE_LOOP('',(#236893,#236894,#236895,#236896));
#97984=EDGE_LOOP('',(#236897,#236898,#236899,#236900));
#97985=EDGE_LOOP('',(#236901,#236902,#236903,#236904));
#97986=EDGE_LOOP('',(#236905,#236906,#236907,#236908));
#97987=EDGE_LOOP('',(#236909,#236910,#236911,#236912));
#97988=EDGE_LOOP('',(#236913,#236914,#236915,#236916));
#97989=EDGE_LOOP('',(#236917,#236918,#236919,#236920));
#97990=EDGE_LOOP('',(#236921,#236922,#236923,#236924));
#97991=EDGE_LOOP('',(#236925,#236926,#236927,#236928));
#97992=EDGE_LOOP('',(#236929,#236930,#236931,#236932));
#97993=EDGE_LOOP('',(#236933,#236934,#236935,#236936));
#97994=EDGE_LOOP('',(#236937,#236938,#236939,#236940));
#97995=EDGE_LOOP('',(#236941,#236942,#236943,#236944));
#97996=EDGE_LOOP('',(#236945,#236946,#236947,#236948));
#97997=EDGE_LOOP('',(#236949,#236950,#236951,#236952));
#97998=EDGE_LOOP('',(#236953,#236954,#236955,#236956));
#97999=EDGE_LOOP('',(#236957,#236958,#236959,#236960));
#98000=EDGE_LOOP('',(#236961,#236962,#236963,#236964));
#98001=EDGE_LOOP('',(#236965,#236966,#236967,#236968));
#98002=EDGE_LOOP('',(#236969,#236970,#236971,#236972));
#98003=EDGE_LOOP('',(#236973,#236974,#236975,#236976));
#98004=EDGE_LOOP('',(#236977,#236978,#236979,#236980));
#98005=EDGE_LOOP('',(#236981,#236982,#236983,#236984));
#98006=EDGE_LOOP('',(#236985,#236986,#236987,#236988));
#98007=EDGE_LOOP('',(#236989,#236990,#236991,#236992));
#98008=EDGE_LOOP('',(#236993,#236994,#236995,#236996));
#98009=EDGE_LOOP('',(#236997,#236998,#236999,#237000));
#98010=EDGE_LOOP('',(#237001,#237002,#237003,#237004));
#98011=EDGE_LOOP('',(#237005,#237006,#237007,#237008));
#98012=EDGE_LOOP('',(#237009,#237010,#237011,#237012));
#98013=EDGE_LOOP('',(#237013,#237014,#237015,#237016));
#98014=EDGE_LOOP('',(#237017,#237018,#237019,#237020));
#98015=EDGE_LOOP('',(#237021,#237022,#237023,#237024));
#98016=EDGE_LOOP('',(#237025,#237026,#237027,#237028));
#98017=EDGE_LOOP('',(#237029,#237030,#237031,#237032));
#98018=EDGE_LOOP('',(#237033,#237034,#237035,#237036));
#98019=EDGE_LOOP('',(#237037,#237038,#237039,#237040));
#98020=EDGE_LOOP('',(#237041,#237042,#237043,#237044));
#98021=EDGE_LOOP('',(#237045,#237046,#237047,#237048));
#98022=EDGE_LOOP('',(#237049,#237050,#237051,#237052));
#98023=EDGE_LOOP('',(#237053,#237054,#237055,#237056));
#98024=EDGE_LOOP('',(#237057,#237058,#237059,#237060));
#98025=EDGE_LOOP('',(#237061,#237062,#237063,#237064));
#98026=EDGE_LOOP('',(#237065,#237066,#237067,#237068));
#98027=EDGE_LOOP('',(#237069,#237070,#237071,#237072));
#98028=EDGE_LOOP('',(#237073,#237074,#237075,#237076));
#98029=EDGE_LOOP('',(#237077,#237078,#237079,#237080));
#98030=EDGE_LOOP('',(#237081,#237082,#237083,#237084));
#98031=EDGE_LOOP('',(#237085,#237086,#237087,#237088));
#98032=EDGE_LOOP('',(#237089,#237090,#237091,#237092));
#98033=EDGE_LOOP('',(#237093,#237094,#237095,#237096));
#98034=EDGE_LOOP('',(#237097,#237098,#237099,#237100));
#98035=EDGE_LOOP('',(#237101,#237102,#237103,#237104));
#98036=EDGE_LOOP('',(#237105,#237106,#237107,#237108));
#98037=EDGE_LOOP('',(#237109,#237110,#237111,#237112));
#98038=EDGE_LOOP('',(#237113,#237114,#237115,#237116));
#98039=EDGE_LOOP('',(#237117,#237118,#237119,#237120));
#98040=EDGE_LOOP('',(#237121,#237122,#237123,#237124));
#98041=EDGE_LOOP('',(#237125,#237126,#237127,#237128));
#98042=EDGE_LOOP('',(#237129,#237130,#237131,#237132));
#98043=EDGE_LOOP('',(#237133,#237134,#237135,#237136));
#98044=EDGE_LOOP('',(#237137,#237138,#237139,#237140));
#98045=EDGE_LOOP('',(#237141,#237142,#237143,#237144));
#98046=EDGE_LOOP('',(#237145,#237146,#237147,#237148));
#98047=EDGE_LOOP('',(#237149,#237150,#237151,#237152));
#98048=EDGE_LOOP('',(#237153,#237154,#237155,#237156));
#98049=EDGE_LOOP('',(#237157,#237158,#237159,#237160));
#98050=EDGE_LOOP('',(#237161,#237162,#237163,#237164));
#98051=EDGE_LOOP('',(#237165,#237166,#237167,#237168));
#98052=EDGE_LOOP('',(#237169,#237170,#237171,#237172));
#98053=EDGE_LOOP('',(#237173,#237174,#237175,#237176));
#98054=EDGE_LOOP('',(#237177,#237178,#237179,#237180));
#98055=EDGE_LOOP('',(#237181,#237182,#237183,#237184));
#98056=EDGE_LOOP('',(#237185,#237186,#237187,#237188));
#98057=EDGE_LOOP('',(#237189,#237190,#237191,#237192));
#98058=EDGE_LOOP('',(#237193,#237194,#237195,#237196));
#98059=EDGE_LOOP('',(#237197,#237198,#237199,#237200));
#98060=EDGE_LOOP('',(#237201,#237202,#237203,#237204));
#98061=EDGE_LOOP('',(#237205,#237206,#237207,#237208));
#98062=EDGE_LOOP('',(#237209,#237210,#237211,#237212));
#98063=EDGE_LOOP('',(#237213,#237214,#237215,#237216));
#98064=EDGE_LOOP('',(#237217,#237218,#237219,#237220));
#98065=EDGE_LOOP('',(#237221,#237222,#237223,#237224));
#98066=EDGE_LOOP('',(#237225,#237226,#237227,#237228));
#98067=EDGE_LOOP('',(#237229,#237230,#237231,#237232));
#98068=EDGE_LOOP('',(#237233,#237234,#237235,#237236));
#98069=EDGE_LOOP('',(#237237,#237238,#237239,#237240));
#98070=EDGE_LOOP('',(#237241,#237242,#237243,#237244));
#98071=EDGE_LOOP('',(#237245,#237246,#237247,#237248));
#98072=EDGE_LOOP('',(#237249,#237250,#237251,#237252));
#98073=EDGE_LOOP('',(#237253,#237254,#237255,#237256));
#98074=EDGE_LOOP('',(#237257,#237258,#237259,#237260));
#98075=EDGE_LOOP('',(#237261,#237262,#237263,#237264));
#98076=EDGE_LOOP('',(#237265,#237266,#237267,#237268));
#98077=EDGE_LOOP('',(#237269,#237270,#237271,#237272));
#98078=EDGE_LOOP('',(#237273,#237274,#237275,#237276));
#98079=EDGE_LOOP('',(#237277,#237278,#237279,#237280));
#98080=EDGE_LOOP('',(#237281,#237282,#237283,#237284));
#98081=EDGE_LOOP('',(#237285,#237286,#237287,#237288));
#98082=EDGE_LOOP('',(#237289,#237290,#237291,#237292));
#98083=EDGE_LOOP('',(#237293,#237294,#237295,#237296));
#98084=EDGE_LOOP('',(#237297,#237298,#237299,#237300));
#98085=EDGE_LOOP('',(#237301,#237302,#237303,#237304));
#98086=EDGE_LOOP('',(#237305,#237306,#237307,#237308));
#98087=EDGE_LOOP('',(#237309,#237310,#237311,#237312));
#98088=EDGE_LOOP('',(#237313,#237314,#237315,#237316));
#98089=EDGE_LOOP('',(#237317,#237318,#237319,#237320));
#98090=EDGE_LOOP('',(#237321,#237322,#237323,#237324));
#98091=EDGE_LOOP('',(#237325,#237326,#237327,#237328));
#98092=EDGE_LOOP('',(#237329,#237330,#237331,#237332));
#98093=EDGE_LOOP('',(#237333,#237334,#237335,#237336));
#98094=EDGE_LOOP('',(#237337,#237338,#237339,#237340));
#98095=EDGE_LOOP('',(#237341,#237342,#237343,#237344));
#98096=EDGE_LOOP('',(#237345,#237346,#237347,#237348));
#98097=EDGE_LOOP('',(#237349,#237350,#237351,#237352));
#98098=EDGE_LOOP('',(#237353,#237354,#237355,#237356));
#98099=EDGE_LOOP('',(#237357,#237358,#237359,#237360));
#98100=EDGE_LOOP('',(#237361,#237362,#237363,#237364));
#98101=EDGE_LOOP('',(#237365,#237366,#237367,#237368));
#98102=EDGE_LOOP('',(#237369,#237370,#237371,#237372));
#98103=EDGE_LOOP('',(#237373,#237374,#237375,#237376));
#98104=EDGE_LOOP('',(#237377,#237378,#237379,#237380));
#98105=EDGE_LOOP('',(#237381,#237382,#237383,#237384));
#98106=EDGE_LOOP('',(#237385,#237386,#237387,#237388));
#98107=EDGE_LOOP('',(#237389,#237390,#237391,#237392));
#98108=EDGE_LOOP('',(#237393,#237394,#237395,#237396));
#98109=EDGE_LOOP('',(#237397,#237398,#237399,#237400));
#98110=EDGE_LOOP('',(#237401,#237402,#237403,#237404));
#98111=EDGE_LOOP('',(#237405,#237406,#237407,#237408));
#98112=EDGE_LOOP('',(#237409,#237410,#237411,#237412));
#98113=EDGE_LOOP('',(#237413,#237414,#237415,#237416));
#98114=EDGE_LOOP('',(#237417,#237418,#237419,#237420));
#98115=EDGE_LOOP('',(#237421,#237422,#237423,#237424));
#98116=EDGE_LOOP('',(#237425,#237426,#237427,#237428));
#98117=EDGE_LOOP('',(#237429,#237430,#237431,#237432));
#98118=EDGE_LOOP('',(#237433,#237434,#237435,#237436));
#98119=EDGE_LOOP('',(#237437,#237438,#237439,#237440));
#98120=EDGE_LOOP('',(#237441,#237442,#237443,#237444));
#98121=EDGE_LOOP('',(#237445,#237446,#237447,#237448));
#98122=EDGE_LOOP('',(#237449,#237450,#237451,#237452));
#98123=EDGE_LOOP('',(#237453,#237454,#237455,#237456));
#98124=EDGE_LOOP('',(#237457,#237458,#237459,#237460));
#98125=EDGE_LOOP('',(#237461,#237462,#237463,#237464));
#98126=EDGE_LOOP('',(#237465,#237466,#237467,#237468));
#98127=EDGE_LOOP('',(#237469,#237470,#237471,#237472));
#98128=EDGE_LOOP('',(#237473,#237474,#237475,#237476));
#98129=EDGE_LOOP('',(#237477,#237478,#237479,#237480));
#98130=EDGE_LOOP('',(#237481,#237482,#237483,#237484));
#98131=EDGE_LOOP('',(#237485,#237486,#237487,#237488));
#98132=EDGE_LOOP('',(#237489,#237490,#237491,#237492));
#98133=EDGE_LOOP('',(#237493,#237494,#237495,#237496));
#98134=EDGE_LOOP('',(#237497,#237498,#237499,#237500));
#98135=EDGE_LOOP('',(#237501,#237502,#237503,#237504));
#98136=EDGE_LOOP('',(#237505,#237506,#237507,#237508));
#98137=EDGE_LOOP('',(#237509,#237510,#237511,#237512));
#98138=EDGE_LOOP('',(#237513,#237514,#237515,#237516));
#98139=EDGE_LOOP('',(#237517,#237518,#237519,#237520));
#98140=EDGE_LOOP('',(#237521,#237522,#237523,#237524));
#98141=EDGE_LOOP('',(#237525,#237526,#237527,#237528));
#98142=EDGE_LOOP('',(#237529,#237530,#237531,#237532));
#98143=EDGE_LOOP('',(#237533,#237534,#237535,#237536));
#98144=EDGE_LOOP('',(#237537,#237538,#237539,#237540));
#98145=EDGE_LOOP('',(#237541,#237542,#237543,#237544));
#98146=EDGE_LOOP('',(#237545,#237546,#237547,#237548));
#98147=EDGE_LOOP('',(#237549,#237550,#237551,#237552));
#98148=EDGE_LOOP('',(#237553,#237554,#237555,#237556));
#98149=EDGE_LOOP('',(#237557,#237558,#237559,#237560));
#98150=EDGE_LOOP('',(#237561,#237562,#237563,#237564));
#98151=EDGE_LOOP('',(#237565,#237566,#237567,#237568));
#98152=EDGE_LOOP('',(#237569,#237570,#237571,#237572));
#98153=EDGE_LOOP('',(#237573,#237574,#237575,#237576));
#98154=EDGE_LOOP('',(#237577,#237578,#237579,#237580));
#98155=EDGE_LOOP('',(#237581,#237582,#237583,#237584));
#98156=EDGE_LOOP('',(#237585,#237586,#237587,#237588));
#98157=EDGE_LOOP('',(#237589,#237590,#237591,#237592));
#98158=EDGE_LOOP('',(#237593,#237594,#237595,#237596));
#98159=EDGE_LOOP('',(#237597,#237598,#237599,#237600,#237601,#237602,#237603,
#237604));
#98160=EDGE_LOOP('',(#237605));
#98161=EDGE_LOOP('',(#237606,#237607,#237608,#237609,#237610,#237611,#237612,
#237613));
#98162=EDGE_LOOP('',(#237614,#237615,#237616,#237617));
#98163=EDGE_LOOP('',(#237618));
#98164=EDGE_LOOP('',(#237619));
#98165=EDGE_LOOP('',(#237620));
#98166=EDGE_LOOP('',(#237621));
#98167=EDGE_LOOP('',(#237622));
#98168=EDGE_LOOP('',(#237623));
#98169=EDGE_LOOP('',(#237624));
#98170=EDGE_LOOP('',(#237625));
#98171=EDGE_LOOP('',(#237626));
#98172=EDGE_LOOP('',(#237627));
#98173=EDGE_LOOP('',(#237628));
#98174=EDGE_LOOP('',(#237629));
#98175=EDGE_LOOP('',(#237630));
#98176=EDGE_LOOP('',(#237631));
#98177=EDGE_LOOP('',(#237632));
#98178=EDGE_LOOP('',(#237633));
#98179=EDGE_LOOP('',(#237634));
#98180=EDGE_LOOP('',(#237635));
#98181=EDGE_LOOP('',(#237636));
#98182=EDGE_LOOP('',(#237637));
#98183=EDGE_LOOP('',(#237638));
#98184=EDGE_LOOP('',(#237639));
#98185=EDGE_LOOP('',(#237640));
#98186=EDGE_LOOP('',(#237641));
#98187=EDGE_LOOP('',(#237642));
#98188=EDGE_LOOP('',(#237643));
#98189=EDGE_LOOP('',(#237644));
#98190=EDGE_LOOP('',(#237645));
#98191=EDGE_LOOP('',(#237646));
#98192=EDGE_LOOP('',(#237647));
#98193=EDGE_LOOP('',(#237648));
#98194=EDGE_LOOP('',(#237649));
#98195=EDGE_LOOP('',(#237650));
#98196=EDGE_LOOP('',(#237651));
#98197=EDGE_LOOP('',(#237652));
#98198=EDGE_LOOP('',(#237653));
#98199=EDGE_LOOP('',(#237654));
#98200=EDGE_LOOP('',(#237655));
#98201=EDGE_LOOP('',(#237656));
#98202=EDGE_LOOP('',(#237657));
#98203=EDGE_LOOP('',(#237658));
#98204=EDGE_LOOP('',(#237659));
#98205=EDGE_LOOP('',(#237660));
#98206=EDGE_LOOP('',(#237661));
#98207=EDGE_LOOP('',(#237662));
#98208=EDGE_LOOP('',(#237663));
#98209=EDGE_LOOP('',(#237664));
#98210=EDGE_LOOP('',(#237665));
#98211=EDGE_LOOP('',(#237666));
#98212=EDGE_LOOP('',(#237667));
#98213=EDGE_LOOP('',(#237668));
#98214=EDGE_LOOP('',(#237669));
#98215=EDGE_LOOP('',(#237670));
#98216=EDGE_LOOP('',(#237671));
#98217=EDGE_LOOP('',(#237672));
#98218=EDGE_LOOP('',(#237673));
#98219=EDGE_LOOP('',(#237674));
#98220=EDGE_LOOP('',(#237675));
#98221=EDGE_LOOP('',(#237676));
#98222=EDGE_LOOP('',(#237677));
#98223=EDGE_LOOP('',(#237678));
#98224=EDGE_LOOP('',(#237679));
#98225=EDGE_LOOP('',(#237680));
#98226=EDGE_LOOP('',(#237681));
#98227=EDGE_LOOP('',(#237682));
#98228=EDGE_LOOP('',(#237683));
#98229=EDGE_LOOP('',(#237684));
#98230=EDGE_LOOP('',(#237685));
#98231=EDGE_LOOP('',(#237686));
#98232=EDGE_LOOP('',(#237687));
#98233=EDGE_LOOP('',(#237688));
#98234=EDGE_LOOP('',(#237689));
#98235=EDGE_LOOP('',(#237690));
#98236=EDGE_LOOP('',(#237691));
#98237=EDGE_LOOP('',(#237692));
#98238=EDGE_LOOP('',(#237693));
#98239=EDGE_LOOP('',(#237694));
#98240=EDGE_LOOP('',(#237695));
#98241=EDGE_LOOP('',(#237696));
#98242=EDGE_LOOP('',(#237697));
#98243=EDGE_LOOP('',(#237698));
#98244=EDGE_LOOP('',(#237699));
#98245=EDGE_LOOP('',(#237700));
#98246=EDGE_LOOP('',(#237701));
#98247=EDGE_LOOP('',(#237702));
#98248=EDGE_LOOP('',(#237703));
#98249=EDGE_LOOP('',(#237704));
#98250=EDGE_LOOP('',(#237705));
#98251=EDGE_LOOP('',(#237706));
#98252=EDGE_LOOP('',(#237707));
#98253=EDGE_LOOP('',(#237708));
#98254=EDGE_LOOP('',(#237709));
#98255=EDGE_LOOP('',(#237710));
#98256=EDGE_LOOP('',(#237711));
#98257=EDGE_LOOP('',(#237712));
#98258=EDGE_LOOP('',(#237713));
#98259=EDGE_LOOP('',(#237714));
#98260=EDGE_LOOP('',(#237715));
#98261=EDGE_LOOP('',(#237716));
#98262=EDGE_LOOP('',(#237717));
#98263=EDGE_LOOP('',(#237718));
#98264=EDGE_LOOP('',(#237719));
#98265=EDGE_LOOP('',(#237720));
#98266=EDGE_LOOP('',(#237721));
#98267=EDGE_LOOP('',(#237722));
#98268=EDGE_LOOP('',(#237723));
#98269=EDGE_LOOP('',(#237724));
#98270=EDGE_LOOP('',(#237725));
#98271=EDGE_LOOP('',(#237726));
#98272=EDGE_LOOP('',(#237727));
#98273=EDGE_LOOP('',(#237728));
#98274=EDGE_LOOP('',(#237729));
#98275=EDGE_LOOP('',(#237730));
#98276=EDGE_LOOP('',(#237731));
#98277=EDGE_LOOP('',(#237732));
#98278=EDGE_LOOP('',(#237733));
#98279=EDGE_LOOP('',(#237734));
#98280=EDGE_LOOP('',(#237735));
#98281=EDGE_LOOP('',(#237736));
#98282=EDGE_LOOP('',(#237737));
#98283=EDGE_LOOP('',(#237738));
#98284=EDGE_LOOP('',(#237739));
#98285=EDGE_LOOP('',(#237740));
#98286=EDGE_LOOP('',(#237741));
#98287=EDGE_LOOP('',(#237742));
#98288=EDGE_LOOP('',(#237743));
#98289=EDGE_LOOP('',(#237744));
#98290=EDGE_LOOP('',(#237745));
#98291=EDGE_LOOP('',(#237746));
#98292=EDGE_LOOP('',(#237747));
#98293=EDGE_LOOP('',(#237748));
#98294=EDGE_LOOP('',(#237749));
#98295=EDGE_LOOP('',(#237750));
#98296=EDGE_LOOP('',(#237751));
#98297=EDGE_LOOP('',(#237752));
#98298=EDGE_LOOP('',(#237753));
#98299=EDGE_LOOP('',(#237754));
#98300=EDGE_LOOP('',(#237755));
#98301=EDGE_LOOP('',(#237756));
#98302=EDGE_LOOP('',(#237757));
#98303=EDGE_LOOP('',(#237758));
#98304=EDGE_LOOP('',(#237759));
#98305=EDGE_LOOP('',(#237760));
#98306=EDGE_LOOP('',(#237761));
#98307=EDGE_LOOP('',(#237762));
#98308=EDGE_LOOP('',(#237763));
#98309=EDGE_LOOP('',(#237764));
#98310=EDGE_LOOP('',(#237765));
#98311=EDGE_LOOP('',(#237766));
#98312=EDGE_LOOP('',(#237767));
#98313=EDGE_LOOP('',(#237768));
#98314=EDGE_LOOP('',(#237769));
#98315=EDGE_LOOP('',(#237770));
#98316=EDGE_LOOP('',(#237771));
#98317=EDGE_LOOP('',(#237772));
#98318=EDGE_LOOP('',(#237773));
#98319=EDGE_LOOP('',(#237774));
#98320=EDGE_LOOP('',(#237775));
#98321=EDGE_LOOP('',(#237776));
#98322=EDGE_LOOP('',(#237777));
#98323=EDGE_LOOP('',(#237778));
#98324=EDGE_LOOP('',(#237779));
#98325=EDGE_LOOP('',(#237780));
#98326=EDGE_LOOP('',(#237781));
#98327=EDGE_LOOP('',(#237782));
#98328=EDGE_LOOP('',(#237783));
#105521=CIRCLE('',#283187,1.5);
#105522=CIRCLE('',#283195,1.5);
#105523=CIRCLE('',#283196,1.5);
#105524=CIRCLE('',#283199,1.5);
#105525=CIRCLE('',#283200,1.5);
#105526=CIRCLE('',#283203,1.5);
#105527=CIRCLE('',#283204,1.5);
#105528=CIRCLE('',#283206,1.5);
#105529=CIRCLE('',#283207,1.5);
#105530=CIRCLE('',#283209,0.999999999999997);
#105531=CIRCLE('',#283210,1.00000000000001);
#105532=CIRCLE('',#283212,1.);
#105533=CIRCLE('',#283213,1.);
#105534=CIRCLE('',#283214,0.999999999999993);
#105535=CIRCLE('',#283215,1.);
#105536=CIRCLE('',#283217,0.999999999999996);
#105537=CIRCLE('',#283218,0.999999999999999);
#105538=CIRCLE('',#283219,0.999999999999994);
#105539=CIRCLE('',#283220,0.999999999999983);
#105540=CIRCLE('',#283222,0.999999999999998);
#105541=CIRCLE('',#283223,1.00000000000003);
#105542=CIRCLE('',#283224,1.);
#105543=CIRCLE('',#283225,1.);
#105544=CIRCLE('',#283227,1.);
#105545=CIRCLE('',#283228,1.);
#105546=CIRCLE('',#283229,5.);
#105547=CIRCLE('',#283230,5.);
#105548=CIRCLE('',#283231,5.);
#105549=CIRCLE('',#283233,5.);
#105550=CIRCLE('',#283234,5.);
#105551=CIRCLE('',#283235,5.);
#105552=CIRCLE('',#283236,5.);
#105553=CIRCLE('',#283238,5.);
#105554=CIRCLE('',#283239,5.);
#105555=CIRCLE('',#283242,5.);
#105556=CIRCLE('',#283245,5.);
#105557=CIRCLE('',#283246,5.);
#105558=CIRCLE('',#283248,5.);
#105559=CIRCLE('',#283249,5.);
#105560=CIRCLE('',#283250,5.);
#105561=CIRCLE('',#283251,5.);
#105562=CIRCLE('',#283252,5.);
#105563=CIRCLE('',#283253,5.);
#105564=CIRCLE('',#283256,8.);
#105565=CIRCLE('',#283259,8.);
#105566=CIRCLE('',#283262,5.);
#105567=CIRCLE('',#283264,5.);
#105568=CIRCLE('',#283265,14.5);
#105569=CIRCLE('',#283270,8.);
#105570=CIRCLE('',#283273,8.);
#105571=CIRCLE('',#283309,0.749999999999993);
#105572=CIRCLE('',#283310,0.749999999999993);
#105573=CIRCLE('',#283311,0.749999999999993);
#105574=CIRCLE('',#283312,0.749999999999993);
#105575=CIRCLE('',#283313,0.749999999999993);
#105576=CIRCLE('',#283314,0.749999999999993);
#105577=CIRCLE('',#283315,0.749999999999993);
#105578=CIRCLE('',#283316,0.749999999999993);
#105579=CIRCLE('',#283317,0.749999999999993);
#105580=CIRCLE('',#283318,0.749999999999993);
#105581=CIRCLE('',#283319,0.749999999999993);
#105582=CIRCLE('',#283320,0.749999999999993);
#105583=CIRCLE('',#283321,0.749999999999993);
#105584=CIRCLE('',#283322,0.749999999999993);
#105585=CIRCLE('',#283323,0.749999999999993);
#105586=CIRCLE('',#283324,0.749999999999993);
#105587=CIRCLE('',#283325,0.749999999999993);
#105588=CIRCLE('',#283326,0.749999999999993);
#105589=CIRCLE('',#283327,0.749999999999993);
#105590=CIRCLE('',#283328,0.749999999999993);
#105591=CIRCLE('',#283329,0.749999999999993);
#105592=CIRCLE('',#283330,0.749999999999993);
#105593=CIRCLE('',#283331,0.749999999999993);
#105594=CIRCLE('',#283332,0.749999999999993);
#105595=CIRCLE('',#283333,0.749999999999993);
#105596=CIRCLE('',#283334,0.749999999999993);
#105597=CIRCLE('',#283335,0.749999999999993);
#105598=CIRCLE('',#283336,0.749999999999993);
#105599=CIRCLE('',#283337,0.749999999999993);
#105600=CIRCLE('',#283338,0.749999999999993);
#105601=CIRCLE('',#283339,0.749999999999993);
#105602=CIRCLE('',#283340,0.749999999999993);
#105603=CIRCLE('',#283341,0.749999999999993);
#105604=CIRCLE('',#283342,0.749999999999993);
#105605=CIRCLE('',#283343,0.749999999999993);
#105606=CIRCLE('',#283344,0.749999999999993);
#105607=CIRCLE('',#283345,0.749999999999993);
#105608=CIRCLE('',#283346,0.749999999999993);
#105609=CIRCLE('',#283347,0.749999999999993);
#105610=CIRCLE('',#283348,0.749999999999993);
#105611=CIRCLE('',#283349,0.749999999999993);
#105612=CIRCLE('',#283350,0.749999999999993);
#105613=CIRCLE('',#283351,0.749999999999993);
#105614=CIRCLE('',#283352,0.749999999999993);
#105615=CIRCLE('',#283353,0.749999999999993);
#105616=CIRCLE('',#283355,0.749999999999993);
#105617=CIRCLE('',#283356,0.750000000000011);
#105618=CIRCLE('',#283357,0.750000000000011);
#105619=CIRCLE('',#283358,0.750000000000011);
#105620=CIRCLE('',#283359,0.749999999999993);
#105621=CIRCLE('',#283360,0.749999999999993);
#105622=CIRCLE('',#283361,0.750000000000011);
#105623=CIRCLE('',#283362,0.750000000000011);
#105624=CIRCLE('',#283363,0.750000000000011);
#105625=CIRCLE('',#283364,0.750000000000011);
#105626=CIRCLE('',#283365,0.749999999999993);
#105627=CIRCLE('',#283366,0.749999999999993);
#105628=CIRCLE('',#283367,0.750000000000011);
#105629=CIRCLE('',#283368,0.749999999999993);
#105630=CIRCLE('',#283369,0.750000000000011);
#105631=CIRCLE('',#283370,0.749999999999993);
#105632=CIRCLE('',#283371,0.749999999999993);
#105633=CIRCLE('',#283372,0.749999999999993);
#105634=CIRCLE('',#283373,0.750000000000011);
#105635=CIRCLE('',#283374,0.749999999999993);
#105636=CIRCLE('',#283375,0.749999999999993);
#105637=CIRCLE('',#283376,0.749999999999993);
#105638=CIRCLE('',#283377,0.750000000000011);
#105639=CIRCLE('',#283378,0.750000000000011);
#105640=CIRCLE('',#283379,0.750000000000011);
#105641=CIRCLE('',#283380,0.750000000000011);
#105642=CIRCLE('',#283381,0.750000000000011);
#105643=CIRCLE('',#283382,0.749999999999993);
#105644=CIRCLE('',#283383,0.750000000000011);
#105645=CIRCLE('',#283384,0.749999999999993);
#105646=CIRCLE('',#283386,0.750000000000011);
#105647=CIRCLE('',#283387,0.749999999999993);
#105648=CIRCLE('',#283388,0.749999999999993);
#105649=CIRCLE('',#283389,0.749999999999993);
#105650=CIRCLE('',#283390,0.750000000000011);
#105651=CIRCLE('',#283391,0.750000000000011);
#105652=CIRCLE('',#283392,0.749999999999993);
#105653=CIRCLE('',#283393,0.749999999999993);
#105654=CIRCLE('',#283394,0.750000000000011);
#105655=CIRCLE('',#283395,0.750000000000011);
#105656=CIRCLE('',#283396,0.749999999999993);
#105657=CIRCLE('',#283397,0.749999999999993);
#105658=CIRCLE('',#283398,0.750000000000011);
#105659=CIRCLE('',#283399,0.750000000000011);
#105660=CIRCLE('',#283400,0.750000000000011);
#105661=CIRCLE('',#283401,0.749999999999993);
#105662=CIRCLE('',#283402,0.750000000000011);
#105663=CIRCLE('',#283403,0.750000000000011);
#105664=CIRCLE('',#283404,0.749999999999993);
#105665=CIRCLE('',#283405,0.749999999999993);
#105666=CIRCLE('',#283406,0.750000000000011);
#105667=CIRCLE('',#283407,0.749999999999993);
#105668=CIRCLE('',#283408,0.749999999999993);
#105669=CIRCLE('',#283409,0.749999999999993);
#105670=CIRCLE('',#283410,0.749999999999993);
#105671=CIRCLE('',#283411,0.750000000000011);
#105672=CIRCLE('',#283412,0.750000000000011);
#105673=CIRCLE('',#283413,0.750000000000011);
#105674=CIRCLE('',#283414,0.750000000000011);
#105675=CIRCLE('',#283415,0.750000000000011);
#105676=CIRCLE('',#283417,0.749999999999993);
#105677=CIRCLE('',#283418,0.749999999999993);
#105678=CIRCLE('',#283419,0.749999999999993);
#105679=CIRCLE('',#283420,0.749999999999993);
#105680=CIRCLE('',#283421,0.750000000000011);
#105681=CIRCLE('',#283422,0.750000000000011);
#105682=CIRCLE('',#283423,0.750000000000011);
#105683=CIRCLE('',#283424,0.749999999999993);
#105684=CIRCLE('',#283425,0.750000000000011);
#105685=CIRCLE('',#283426,0.750000000000011);
#105686=CIRCLE('',#283427,0.749999999999993);
#105687=CIRCLE('',#283428,0.749999999999993);
#105688=CIRCLE('',#283429,0.750000000000011);
#105689=CIRCLE('',#283430,0.750000000000011);
#105690=CIRCLE('',#283431,0.749999999999993);
#105691=CIRCLE('',#283432,0.750000000000011);
#105692=CIRCLE('',#283433,0.749999999999993);
#105693=CIRCLE('',#283434,0.749999999999993);
#105694=CIRCLE('',#283435,0.750000000000011);
#105695=CIRCLE('',#283436,0.749999999999993);
#105696=CIRCLE('',#283437,0.750000000000011);
#105697=CIRCLE('',#283438,0.749999999999993);
#105698=CIRCLE('',#283439,0.750000000000011);
#105699=CIRCLE('',#283440,0.750000000000011);
#105700=CIRCLE('',#283441,0.750000000000011);
#105701=CIRCLE('',#283442,0.750000000000011);
#105702=CIRCLE('',#283443,0.750000000000011);
#105703=CIRCLE('',#283444,0.749999999999993);
#105704=CIRCLE('',#283445,0.750000000000011);
#105705=CIRCLE('',#283446,0.749999999999993);
#105706=CIRCLE('',#283448,0.750000000000011);
#105707=CIRCLE('',#283449,0.750000000000011);
#105708=CIRCLE('',#283450,0.750000000000011);
#105709=CIRCLE('',#283451,0.749999999999993);
#105710=CIRCLE('',#283452,0.750000000000011);
#105711=CIRCLE('',#283453,0.750000000000011);
#105712=CIRCLE('',#283454,0.749999999999993);
#105713=CIRCLE('',#283455,0.749999999999993);
#105714=CIRCLE('',#283456,0.749999999999993);
#105715=CIRCLE('',#283457,0.749999999999993);
#105716=CIRCLE('',#283458,0.749999999999993);
#105717=CIRCLE('',#283459,0.750000000000011);
#105718=CIRCLE('',#283460,0.749999999999993);
#105719=CIRCLE('',#283461,0.750000000000011);
#105720=CIRCLE('',#283462,0.749999999999993);
#105721=CIRCLE('',#283463,0.749999999999993);
#105722=CIRCLE('',#283464,0.750000000000011);
#105723=CIRCLE('',#283465,0.750000000000011);
#105724=CIRCLE('',#283466,0.750000000000011);
#105725=CIRCLE('',#283467,0.749999999999993);
#105726=CIRCLE('',#283468,0.750000000000011);
#105727=CIRCLE('',#283469,0.750000000000011);
#105728=CIRCLE('',#283470,0.750000000000011);
#105729=CIRCLE('',#283471,0.749999999999993);
#105730=CIRCLE('',#283472,0.750000000000011);
#105731=CIRCLE('',#283473,0.749999999999993);
#105732=CIRCLE('',#283474,0.749999999999993);
#105733=CIRCLE('',#283475,0.750000000000011);
#105734=CIRCLE('',#283476,0.750000000000011);
#105735=CIRCLE('',#283477,0.749999999999993);
#105736=CIRCLE('',#283479,1.5);
#105737=CIRCLE('',#283510,0.749999999999993);
#105738=CIRCLE('',#283512,0.749999999999993);
#105739=CIRCLE('',#283514,0.749999999999993);
#105740=CIRCLE('',#283516,0.749999999999993);
#105741=CIRCLE('',#283518,0.749999999999993);
#105742=CIRCLE('',#283520,0.749999999999993);
#105743=CIRCLE('',#283522,0.749999999999993);
#105744=CIRCLE('',#283524,0.749999999999993);
#105745=CIRCLE('',#283526,0.749999999999993);
#105746=CIRCLE('',#283528,0.749999999999993);
#105747=CIRCLE('',#283530,0.749999999999993);
#105748=CIRCLE('',#283532,0.749999999999993);
#105749=CIRCLE('',#283534,0.749999999999993);
#105750=CIRCLE('',#283536,0.749999999999993);
#105751=CIRCLE('',#283538,0.749999999999993);
#105752=CIRCLE('',#283540,0.750000000000011);
#105753=CIRCLE('',#283542,0.750000000000011);
#105754=CIRCLE('',#283544,0.750000000000011);
#105755=CIRCLE('',#283546,0.750000000000011);
#105756=CIRCLE('',#283548,0.750000000000011);
#105757=CIRCLE('',#283550,0.749999999999993);
#105758=CIRCLE('',#283552,0.750000000000011);
#105759=CIRCLE('',#283554,0.749999999999993);
#105760=CIRCLE('',#283556,0.750000000000011);
#105761=CIRCLE('',#283558,0.750000000000011);
#105762=CIRCLE('',#283560,0.750000000000011);
#105763=CIRCLE('',#283562,0.750000000000011);
#105764=CIRCLE('',#283564,0.749999999999993);
#105765=CIRCLE('',#283566,0.749999999999993);
#105766=CIRCLE('',#283568,0.749999999999993);
#105767=CIRCLE('',#283570,0.750000000000011);
#105768=CIRCLE('',#283572,0.749999999999993);
#105769=CIRCLE('',#283574,0.749999999999993);
#105770=CIRCLE('',#283576,0.749999999999993);
#105771=CIRCLE('',#283578,0.750000000000011);
#105772=CIRCLE('',#283580,0.750000000000011);
#105773=CIRCLE('',#283582,0.750000000000011);
#105774=CIRCLE('',#283584,0.749999999999993);
#105775=CIRCLE('',#283586,0.749999999999993);
#105776=CIRCLE('',#283588,0.750000000000011);
#105777=CIRCLE('',#283590,0.750000000000011);
#105778=CIRCLE('',#283592,0.749999999999993);
#105779=CIRCLE('',#283594,0.749999999999993);
#105780=CIRCLE('',#283596,0.750000000000011);
#105781=CIRCLE('',#283598,0.749999999999993);
#105782=CIRCLE('',#283600,0.749999999999993);
#105783=CIRCLE('',#283602,0.750000000000011);
#105784=CIRCLE('',#283604,0.750000000000011);
#105785=CIRCLE('',#283606,0.749999999999993);
#105786=CIRCLE('',#283608,0.750000000000011);
#105787=CIRCLE('',#283610,0.749999999999993);
#105788=CIRCLE('',#283612,0.749999999999993);
#105789=CIRCLE('',#283614,0.750000000000011);
#105790=CIRCLE('',#283616,0.750000000000011);
#105791=CIRCLE('',#283618,0.749999999999993);
#105792=CIRCLE('',#283620,0.749999999999993);
#105793=CIRCLE('',#283622,0.749999999999993);
#105794=CIRCLE('',#283624,0.749999999999993);
#105795=CIRCLE('',#283626,0.749999999999993);
#105796=CIRCLE('',#283628,0.750000000000011);
#105797=CIRCLE('',#283630,0.749999999999993);
#105798=CIRCLE('',#283632,0.750000000000011);
#105799=CIRCLE('',#283634,0.750000000000011);
#105800=CIRCLE('',#283636,0.749999999999993);
#105801=CIRCLE('',#283638,0.749999999999993);
#105802=CIRCLE('',#283640,0.750000000000011);
#105803=CIRCLE('',#283642,0.749999999999993);
#105804=CIRCLE('',#283644,0.749999999999993);
#105805=CIRCLE('',#283646,0.749999999999993);
#105806=CIRCLE('',#283648,0.750000000000011);
#105807=CIRCLE('',#283650,0.750000000000011);
#105808=CIRCLE('',#283652,0.749999999999993);
#105809=CIRCLE('',#283654,0.750000000000011);
#105810=CIRCLE('',#283656,0.750000000000011);
#105811=CIRCLE('',#283658,0.749999999999993);
#105812=CIRCLE('',#283660,0.750000000000011);
#105813=CIRCLE('',#283662,0.749999999999993);
#105814=CIRCLE('',#283664,0.749999999999993);
#105815=CIRCLE('',#283666,0.749999999999993);
#105816=CIRCLE('',#283668,0.750000000000011);
#105817=CIRCLE('',#283670,0.749999999999993);
#105818=CIRCLE('',#283672,0.749999999999993);
#105819=CIRCLE('',#283674,0.749999999999993);
#105820=CIRCLE('',#283676,0.749999999999993);
#105821=CIRCLE('',#283678,0.750000000000011);
#105822=CIRCLE('',#283680,0.749999999999993);
#105823=CIRCLE('',#283682,0.749999999999993);
#105824=CIRCLE('',#283684,0.749999999999993);
#105825=CIRCLE('',#283686,0.749999999999993);
#105826=CIRCLE('',#283688,0.749999999999993);
#105827=CIRCLE('',#283690,0.749999999999993);
#105828=CIRCLE('',#283692,0.749999999999993);
#105829=CIRCLE('',#283694,0.749999999999993);
#105830=CIRCLE('',#283696,0.749999999999993);
#105831=CIRCLE('',#283698,0.749999999999993);
#105832=CIRCLE('',#283700,0.749999999999993);
#105833=CIRCLE('',#283702,0.750000000000011);
#105834=CIRCLE('',#283704,0.750000000000011);
#105835=CIRCLE('',#283706,0.750000000000011);
#105836=CIRCLE('',#283708,0.749999999999993);
#105837=CIRCLE('',#283710,0.749999999999993);
#105838=CIRCLE('',#283712,0.749999999999993);
#105839=CIRCLE('',#283714,0.749999999999993);
#105840=CIRCLE('',#283716,0.749999999999993);
#105841=CIRCLE('',#283718,0.750000000000011);
#105842=CIRCLE('',#283720,0.749999999999993);
#105843=CIRCLE('',#283722,0.749999999999993);
#105844=CIRCLE('',#283724,0.750000000000011);
#105845=CIRCLE('',#283726,0.749999999999993);
#105846=CIRCLE('',#283728,0.749999999999993);
#105847=CIRCLE('',#283730,0.750000000000011);
#105848=CIRCLE('',#283732,0.750000000000011);
#105849=CIRCLE('',#283734,0.749999999999993);
#105850=CIRCLE('',#283736,0.749999999999993);
#105851=CIRCLE('',#283738,0.749999999999993);
#105852=CIRCLE('',#283740,0.750000000000011);
#105853=CIRCLE('',#283742,0.750000000000011);
#105854=CIRCLE('',#283744,0.750000000000011);
#105855=CIRCLE('',#283746,0.750000000000011);
#105856=CIRCLE('',#283748,0.749999999999993);
#105857=CIRCLE('',#283750,0.750000000000011);
#105858=CIRCLE('',#283752,0.749999999999993);
#105859=CIRCLE('',#283754,0.750000000000011);
#105860=CIRCLE('',#283756,0.750000000000011);
#105861=CIRCLE('',#283758,0.750000000000011);
#105862=CIRCLE('',#283760,0.749999999999993);
#105863=CIRCLE('',#283762,0.750000000000011);
#105864=CIRCLE('',#283764,0.749999999999993);
#105865=CIRCLE('',#283766,0.749999999999993);
#105866=CIRCLE('',#283768,0.749999999999993);
#105867=CIRCLE('',#283770,0.749999999999993);
#105868=CIRCLE('',#283772,0.750000000000011);
#105869=CIRCLE('',#283774,0.749999999999993);
#105870=CIRCLE('',#283776,0.750000000000011);
#105871=CIRCLE('',#283778,0.750000000000011);
#105872=CIRCLE('',#283780,0.749999999999993);
#105873=CIRCLE('',#283782,0.750000000000011);
#105874=CIRCLE('',#283784,0.749999999999993);
#105875=CIRCLE('',#283786,0.750000000000011);
#105876=CIRCLE('',#283788,0.749999999999993);
#105877=CIRCLE('',#283790,0.749999999999993);
#105878=CIRCLE('',#283792,0.749999999999993);
#105879=CIRCLE('',#283794,0.750000000000011);
#105880=CIRCLE('',#283796,0.750000000000011);
#105881=CIRCLE('',#283798,0.750000000000011);
#105882=CIRCLE('',#283800,0.750000000000011);
#105883=CIRCLE('',#283802,0.749999999999993);
#105884=CIRCLE('',#283804,0.750000000000011);
#105885=CIRCLE('',#283806,0.749999999999993);
#105886=CIRCLE('',#283808,0.749999999999993);
#105887=CIRCLE('',#283810,0.749999999999993);
#105888=CIRCLE('',#283812,0.750000000000011);
#105889=CIRCLE('',#283814,0.750000000000011);
#105890=CIRCLE('',#283816,0.750000000000011);
#105891=CIRCLE('',#283818,0.749999999999993);
#105892=CIRCLE('',#283820,0.749999999999993);
#105893=CIRCLE('',#283822,0.749999999999993);
#105894=CIRCLE('',#283824,0.749999999999993);
#105895=CIRCLE('',#283826,0.749999999999993);
#105896=CIRCLE('',#283828,0.749999999999993);
#105897=CIRCLE('',#283830,0.749999999999993);
#105898=CIRCLE('',#283832,0.749999999999993);
#105899=CIRCLE('',#283834,0.749999999999993);
#105900=CIRCLE('',#283836,0.750000000000011);
#105901=CIRCLE('',#283838,0.750000000000011);
#105902=CIRCLE('',#283844,14.5);
#130004=VERTEX_POINT('',#438274);
#130005=VERTEX_POINT('',#438275);
#130006=VERTEX_POINT('',#438277);
#130007=VERTEX_POINT('',#438279);
#130008=VERTEX_POINT('',#438283);
#130009=VERTEX_POINT('',#438285);
#130010=VERTEX_POINT('',#438289);
#130011=VERTEX_POINT('',#438291);
#130012=VERTEX_POINT('',#438298);
#130013=VERTEX_POINT('',#438301);
#130014=VERTEX_POINT('',#438302);
#130015=VERTEX_POINT('',#438304);
#130016=VERTEX_POINT('',#438306);
#130017=VERTEX_POINT('',#438310);
#130018=VERTEX_POINT('',#438312);
#130019=VERTEX_POINT('',#438314);
#130020=VERTEX_POINT('',#438318);
#130021=VERTEX_POINT('',#438319);
#130022=VERTEX_POINT('',#438321);
#130023=VERTEX_POINT('',#438327);
#130024=VERTEX_POINT('',#438328);
#130025=VERTEX_POINT('',#438330);
#130026=VERTEX_POINT('',#438332);
#130027=VERTEX_POINT('',#438340);
#130028=VERTEX_POINT('',#438341);
#130029=VERTEX_POINT('',#438343);
#130030=VERTEX_POINT('',#438345);
#130031=VERTEX_POINT('',#438349);
#130032=VERTEX_POINT('',#438351);
#130033=VERTEX_POINT('',#438355);
#130034=VERTEX_POINT('',#438357);
#130035=VERTEX_POINT('',#438361);
#130036=VERTEX_POINT('',#438363);
#130037=VERTEX_POINT('',#438367);
#130038=VERTEX_POINT('',#438369);
#130039=VERTEX_POINT('',#438373);
#130040=VERTEX_POINT('',#438374);
#130041=VERTEX_POINT('',#438376);
#130042=VERTEX_POINT('',#438378);
#130043=VERTEX_POINT('',#438412);
#130044=VERTEX_POINT('',#438413);
#130045=VERTEX_POINT('',#438415);
#130046=VERTEX_POINT('',#438420);
#130047=VERTEX_POINT('',#438427);
#130048=VERTEX_POINT('',#438428);
#130049=VERTEX_POINT('',#438460);
#130050=VERTEX_POINT('',#438461);
#130051=VERTEX_POINT('',#438506);
#130052=VERTEX_POINT('',#438507);
#130053=VERTEX_POINT('',#438543);
#130054=VERTEX_POINT('',#438544);
#130055=VERTEX_POINT('',#438555);
#130056=VERTEX_POINT('',#438556);
#130057=VERTEX_POINT('',#438584);
#130058=VERTEX_POINT('',#438585);
#130059=VERTEX_POINT('',#438630);
#130060=VERTEX_POINT('',#438631);
#130061=VERTEX_POINT('',#438671);
#130062=VERTEX_POINT('',#438672);
#130063=VERTEX_POINT('',#438683);
#130064=VERTEX_POINT('',#438684);
#130065=VERTEX_POINT('',#438716);
#130066=VERTEX_POINT('',#438717);
#130067=VERTEX_POINT('',#438762);
#130068=VERTEX_POINT('',#438763);
#130069=VERTEX_POINT('',#438799);
#130070=VERTEX_POINT('',#438800);
#130071=VERTEX_POINT('',#438811);
#130072=VERTEX_POINT('',#438812);
#130073=VERTEX_POINT('',#438840);
#130074=VERTEX_POINT('',#438841);
#130075=VERTEX_POINT('',#438926);
#130076=VERTEX_POINT('',#438928);
#130077=VERTEX_POINT('',#438956);
#130078=VERTEX_POINT('',#438963);
#130079=VERTEX_POINT('',#438986);
#130080=VERTEX_POINT('',#439022);
#130081=VERTEX_POINT('',#439116);
#130082=VERTEX_POINT('',#439123);
#130083=VERTEX_POINT('',#439142);
#130084=VERTEX_POINT('',#439149);
#130085=VERTEX_POINT('',#439151);
#130086=VERTEX_POINT('',#439155);
#130087=VERTEX_POINT('',#439159);
#130088=VERTEX_POINT('',#439163);
#130089=VERTEX_POINT('',#439182);
#130090=VERTEX_POINT('',#439189);
#130091=VERTEX_POINT('',#439208);
#130092=VERTEX_POINT('',#439244);
#130093=VERTEX_POINT('',#439372);
#130094=VERTEX_POINT('',#439401);
#130095=VERTEX_POINT('',#439427);
#130096=VERTEX_POINT('',#439436);
#130097=VERTEX_POINT('',#439438);
#130098=VERTEX_POINT('',#439442);
#130099=VERTEX_POINT('',#439446);
#130100=VERTEX_POINT('',#439450);
#130101=VERTEX_POINT('',#439454);
#130102=VERTEX_POINT('',#439456);
#130103=VERTEX_POINT('',#439460);
#130104=VERTEX_POINT('',#439465);
#130105=VERTEX_POINT('',#439467);
#130106=VERTEX_POINT('',#439468);
#130107=VERTEX_POINT('',#439470);
#130108=VERTEX_POINT('',#439472);
#130109=VERTEX_POINT('',#439474);
#130110=VERTEX_POINT('',#439476);
#130111=VERTEX_POINT('',#439479);
#130112=VERTEX_POINT('',#439480);
#130113=VERTEX_POINT('',#439482);
#130114=VERTEX_POINT('',#439484);
#130115=VERTEX_POINT('',#439486);
#130116=VERTEX_POINT('',#439488);
#130117=VERTEX_POINT('',#439491);
#130118=VERTEX_POINT('',#439492);
#130119=VERTEX_POINT('',#439494);
#130120=VERTEX_POINT('',#439496);
#130121=VERTEX_POINT('',#439498);
#130122=VERTEX_POINT('',#439500);
#130123=VERTEX_POINT('',#439503);
#130124=VERTEX_POINT('',#439504);
#130125=VERTEX_POINT('',#439506);
#130126=VERTEX_POINT('',#439508);
#130127=VERTEX_POINT('',#439511);
#130128=VERTEX_POINT('',#439512);
#130129=VERTEX_POINT('',#439514);
#130130=VERTEX_POINT('',#439516);
#130131=VERTEX_POINT('',#439518);
#130132=VERTEX_POINT('',#439520);
#130133=VERTEX_POINT('',#439528);
#130134=VERTEX_POINT('',#439532);
#130135=VERTEX_POINT('',#439536);
#130136=VERTEX_POINT('',#439542);
#130137=VERTEX_POINT('',#439543);
#130138=VERTEX_POINT('',#439545);
#130139=VERTEX_POINT('',#439547);
#130140=VERTEX_POINT('',#439550);
#130141=VERTEX_POINT('',#439551);
#130142=VERTEX_POINT('',#439553);
#130143=VERTEX_POINT('',#439555);
#130144=VERTEX_POINT('',#439559);
#130145=VERTEX_POINT('',#439561);
#130146=VERTEX_POINT('',#439565);
#130147=VERTEX_POINT('',#439574);
#130148=VERTEX_POINT('',#439575);
#130149=VERTEX_POINT('',#439577);
#130150=VERTEX_POINT('',#439579);
#130151=VERTEX_POINT('',#439581);
#130152=VERTEX_POINT('',#439583);
#130153=VERTEX_POINT('',#439586);
#130154=VERTEX_POINT('',#439587);
#130155=VERTEX_POINT('',#439589);
#130156=VERTEX_POINT('',#439591);
#130157=VERTEX_POINT('',#439593);
#130158=VERTEX_POINT('',#439595);
#130159=VERTEX_POINT('',#439599);
#130160=VERTEX_POINT('',#439601);
#130161=VERTEX_POINT('',#439605);
#130162=VERTEX_POINT('',#439609);
#130163=VERTEX_POINT('',#439620);
#130164=VERTEX_POINT('',#439621);
#130165=VERTEX_POINT('',#439623);
#130166=VERTEX_POINT('',#439625);
#130167=VERTEX_POINT('',#439627);
#130168=VERTEX_POINT('',#439629);
#130169=VERTEX_POINT('',#439632);
#130170=VERTEX_POINT('',#439633);
#130171=VERTEX_POINT('',#439635);
#130172=VERTEX_POINT('',#439637);
#130173=VERTEX_POINT('',#439639);
#130174=VERTEX_POINT('',#439641);
#130175=VERTEX_POINT('',#439645);
#130176=VERTEX_POINT('',#439647);
#130177=VERTEX_POINT('',#439651);
#130178=VERTEX_POINT('',#439655);
#130179=VERTEX_POINT('',#439666);
#130180=VERTEX_POINT('',#439667);
#130181=VERTEX_POINT('',#439669);
#130182=VERTEX_POINT('',#439671);
#130183=VERTEX_POINT('',#439673);
#130184=VERTEX_POINT('',#439675);
#130185=VERTEX_POINT('',#439678);
#130186=VERTEX_POINT('',#439679);
#130187=VERTEX_POINT('',#439681);
#130188=VERTEX_POINT('',#439683);
#130189=VERTEX_POINT('',#439685);
#130190=VERTEX_POINT('',#439687);
#130191=VERTEX_POINT('',#439691);
#130192=VERTEX_POINT('',#439693);
#130193=VERTEX_POINT('',#439697);
#130194=VERTEX_POINT('',#439701);
#130195=VERTEX_POINT('',#439712);
#130196=VERTEX_POINT('',#439713);
#130197=VERTEX_POINT('',#439715);
#130198=VERTEX_POINT('',#439717);
#130199=VERTEX_POINT('',#439719);
#130200=VERTEX_POINT('',#439721);
#130201=VERTEX_POINT('',#439724);
#130202=VERTEX_POINT('',#439725);
#130203=VERTEX_POINT('',#439727);
#130204=VERTEX_POINT('',#439729);
#130205=VERTEX_POINT('',#439731);
#130206=VERTEX_POINT('',#439733);
#130207=VERTEX_POINT('',#439737);
#130208=VERTEX_POINT('',#439739);
#130209=VERTEX_POINT('',#439743);
#130210=VERTEX_POINT('',#439747);
#130211=VERTEX_POINT('',#439758);
#130212=VERTEX_POINT('',#439761);
#130213=VERTEX_POINT('',#439763);
#130214=VERTEX_POINT('',#439765);
#130215=VERTEX_POINT('',#439767);
#130216=VERTEX_POINT('',#439769);
#130217=VERTEX_POINT('',#439771);
#130218=VERTEX_POINT('',#439773);
#130219=VERTEX_POINT('',#439775);
#130220=VERTEX_POINT('',#439777);
#130221=VERTEX_POINT('',#439779);
#130222=VERTEX_POINT('',#439781);
#130223=VERTEX_POINT('',#439783);
#130224=VERTEX_POINT('',#439785);
#130225=VERTEX_POINT('',#439787);
#130226=VERTEX_POINT('',#439789);
#130227=VERTEX_POINT('',#439791);
#130228=VERTEX_POINT('',#439793);
#130229=VERTEX_POINT('',#439795);
#130230=VERTEX_POINT('',#439797);
#130231=VERTEX_POINT('',#439799);
#130232=VERTEX_POINT('',#439801);
#130233=VERTEX_POINT('',#439803);
#130234=VERTEX_POINT('',#439805);
#130235=VERTEX_POINT('',#439807);
#130236=VERTEX_POINT('',#439809);
#130237=VERTEX_POINT('',#439811);
#130238=VERTEX_POINT('',#439813);
#130239=VERTEX_POINT('',#439815);
#130240=VERTEX_POINT('',#439817);
#130241=VERTEX_POINT('',#439819);
#130242=VERTEX_POINT('',#439821);
#130243=VERTEX_POINT('',#439823);
#130244=VERTEX_POINT('',#439825);
#130245=VERTEX_POINT('',#439827);
#130246=VERTEX_POINT('',#439829);
#130247=VERTEX_POINT('',#439831);
#130248=VERTEX_POINT('',#439833);
#130249=VERTEX_POINT('',#439835);
#130250=VERTEX_POINT('',#439837);
#130251=VERTEX_POINT('',#439839);
#130252=VERTEX_POINT('',#439841);
#130253=VERTEX_POINT('',#439843);
#130254=VERTEX_POINT('',#439845);
#130255=VERTEX_POINT('',#439847);
#130256=VERTEX_POINT('',#439849);
#130257=VERTEX_POINT('',#439852);
#130258=VERTEX_POINT('',#439854);
#130259=VERTEX_POINT('',#439857);
#130260=VERTEX_POINT('',#439859);
#130261=VERTEX_POINT('',#439861);
#130262=VERTEX_POINT('',#439863);
#130263=VERTEX_POINT('',#439865);
#130264=VERTEX_POINT('',#439867);
#130265=VERTEX_POINT('',#439869);
#130266=VERTEX_POINT('',#439871);
#130267=VERTEX_POINT('',#439873);
#130268=VERTEX_POINT('',#439875);
#130269=VERTEX_POINT('',#439877);
#130270=VERTEX_POINT('',#439879);
#130271=VERTEX_POINT('',#439881);
#130272=VERTEX_POINT('',#439883);
#130273=VERTEX_POINT('',#439885);
#130274=VERTEX_POINT('',#439887);
#130275=VERTEX_POINT('',#439889);
#130276=VERTEX_POINT('',#439891);
#130277=VERTEX_POINT('',#439893);
#130278=VERTEX_POINT('',#439895);
#130279=VERTEX_POINT('',#439897);
#130280=VERTEX_POINT('',#439899);
#130281=VERTEX_POINT('',#439901);
#130282=VERTEX_POINT('',#439903);
#130283=VERTEX_POINT('',#439905);
#130284=VERTEX_POINT('',#439907);
#130285=VERTEX_POINT('',#439909);
#130286=VERTEX_POINT('',#439911);
#130287=VERTEX_POINT('',#439913);
#130288=VERTEX_POINT('',#439915);
#130289=VERTEX_POINT('',#439918);
#130290=VERTEX_POINT('',#439920);
#130291=VERTEX_POINT('',#439923);
#130292=VERTEX_POINT('',#439925);
#130293=VERTEX_POINT('',#439927);
#130294=VERTEX_POINT('',#439929);
#130295=VERTEX_POINT('',#439931);
#130296=VERTEX_POINT('',#439933);
#130297=VERTEX_POINT('',#439935);
#130298=VERTEX_POINT('',#439937);
#130299=VERTEX_POINT('',#439939);
#130300=VERTEX_POINT('',#439941);
#130301=VERTEX_POINT('',#439943);
#130302=VERTEX_POINT('',#439945);
#130303=VERTEX_POINT('',#439947);
#130304=VERTEX_POINT('',#439949);
#130305=VERTEX_POINT('',#439951);
#130306=VERTEX_POINT('',#439953);
#130307=VERTEX_POINT('',#439955);
#130308=VERTEX_POINT('',#439957);
#130309=VERTEX_POINT('',#439959);
#130310=VERTEX_POINT('',#439961);
#130311=VERTEX_POINT('',#439963);
#130312=VERTEX_POINT('',#439965);
#130313=VERTEX_POINT('',#439967);
#130314=VERTEX_POINT('',#439969);
#130315=VERTEX_POINT('',#439971);
#130316=VERTEX_POINT('',#439973);
#130317=VERTEX_POINT('',#439975);
#130318=VERTEX_POINT('',#439977);
#130319=VERTEX_POINT('',#439979);
#130320=VERTEX_POINT('',#439981);
#130321=VERTEX_POINT('',#439984);
#130322=VERTEX_POINT('',#439986);
#130323=VERTEX_POINT('',#439989);
#130324=VERTEX_POINT('',#439991);
#130325=VERTEX_POINT('',#439993);
#130326=VERTEX_POINT('',#439995);
#130327=VERTEX_POINT('',#439997);
#130328=VERTEX_POINT('',#439999);
#130329=VERTEX_POINT('',#440001);
#130330=VERTEX_POINT('',#440003);
#130331=VERTEX_POINT('',#440005);
#130332=VERTEX_POINT('',#440007);
#130333=VERTEX_POINT('',#440009);
#130334=VERTEX_POINT('',#440011);
#130335=VERTEX_POINT('',#440013);
#130336=VERTEX_POINT('',#440015);
#130337=VERTEX_POINT('',#440017);
#130338=VERTEX_POINT('',#440019);
#130339=VERTEX_POINT('',#440021);
#130340=VERTEX_POINT('',#440023);
#130341=VERTEX_POINT('',#440025);
#130342=VERTEX_POINT('',#440027);
#130343=VERTEX_POINT('',#440029);
#130344=VERTEX_POINT('',#440031);
#130345=VERTEX_POINT('',#440033);
#130346=VERTEX_POINT('',#440035);
#130347=VERTEX_POINT('',#440037);
#130348=VERTEX_POINT('',#440039);
#130349=VERTEX_POINT('',#440041);
#130350=VERTEX_POINT('',#440043);
#130351=VERTEX_POINT('',#440045);
#130352=VERTEX_POINT('',#440047);
#130353=VERTEX_POINT('',#440050);
#130354=VERTEX_POINT('',#440052);
#130355=VERTEX_POINT('',#440055);
#130356=VERTEX_POINT('',#440057);
#130357=VERTEX_POINT('',#440059);
#130358=VERTEX_POINT('',#440061);
#130359=VERTEX_POINT('',#440063);
#130360=VERTEX_POINT('',#440065);
#130361=VERTEX_POINT('',#440067);
#130362=VERTEX_POINT('',#440069);
#130363=VERTEX_POINT('',#440071);
#130364=VERTEX_POINT('',#440073);
#130365=VERTEX_POINT('',#440075);
#130366=VERTEX_POINT('',#440077);
#130367=VERTEX_POINT('',#440079);
#130368=VERTEX_POINT('',#440081);
#130369=VERTEX_POINT('',#440083);
#130370=VERTEX_POINT('',#440085);
#130371=VERTEX_POINT('',#440087);
#130372=VERTEX_POINT('',#440089);
#130373=VERTEX_POINT('',#440091);
#130374=VERTEX_POINT('',#440093);
#130375=VERTEX_POINT('',#440095);
#130376=VERTEX_POINT('',#440097);
#130377=VERTEX_POINT('',#440099);
#130378=VERTEX_POINT('',#440101);
#130379=VERTEX_POINT('',#440103);
#130380=VERTEX_POINT('',#440105);
#130381=VERTEX_POINT('',#440107);
#130382=VERTEX_POINT('',#440109);
#130383=VERTEX_POINT('',#440111);
#130384=VERTEX_POINT('',#440113);
#130385=VERTEX_POINT('',#440116);
#130386=VERTEX_POINT('',#440168);
#130387=VERTEX_POINT('',#440172);
#130388=VERTEX_POINT('',#440176);
#130389=VERTEX_POINT('',#440180);
#130390=VERTEX_POINT('',#440184);
#130391=VERTEX_POINT('',#440188);
#130392=VERTEX_POINT('',#440192);
#130393=VERTEX_POINT('',#440196);
#130394=VERTEX_POINT('',#440200);
#130395=VERTEX_POINT('',#440204);
#130396=VERTEX_POINT('',#440208);
#130397=VERTEX_POINT('',#440212);
#130398=VERTEX_POINT('',#440216);
#130399=VERTEX_POINT('',#440220);
#130400=VERTEX_POINT('',#440224);
#130401=VERTEX_POINT('',#440228);
#130402=VERTEX_POINT('',#440232);
#130403=VERTEX_POINT('',#440236);
#130404=VERTEX_POINT('',#440240);
#130405=VERTEX_POINT('',#440244);
#130406=VERTEX_POINT('',#440248);
#130407=VERTEX_POINT('',#440252);
#130408=VERTEX_POINT('',#440256);
#130409=VERTEX_POINT('',#440260);
#130410=VERTEX_POINT('',#440264);
#130411=VERTEX_POINT('',#440268);
#130412=VERTEX_POINT('',#440272);
#130413=VERTEX_POINT('',#440276);
#130414=VERTEX_POINT('',#440280);
#130415=VERTEX_POINT('',#440284);
#130416=VERTEX_POINT('',#440288);
#130417=VERTEX_POINT('',#440292);
#130418=VERTEX_POINT('',#440296);
#130419=VERTEX_POINT('',#440300);
#130420=VERTEX_POINT('',#440304);
#130421=VERTEX_POINT('',#440308);
#130422=VERTEX_POINT('',#440312);
#130423=VERTEX_POINT('',#440316);
#130424=VERTEX_POINT('',#440320);
#130425=VERTEX_POINT('',#440324);
#130426=VERTEX_POINT('',#440328);
#130427=VERTEX_POINT('',#440332);
#130428=VERTEX_POINT('',#440336);
#130429=VERTEX_POINT('',#440340);
#130430=VERTEX_POINT('',#440344);
#130431=VERTEX_POINT('',#440348);
#130432=VERTEX_POINT('',#440352);
#130433=VERTEX_POINT('',#440356);
#130434=VERTEX_POINT('',#440360);
#130435=VERTEX_POINT('',#440364);
#130436=VERTEX_POINT('',#440368);
#130437=VERTEX_POINT('',#440372);
#130438=VERTEX_POINT('',#440376);
#130439=VERTEX_POINT('',#440380);
#130440=VERTEX_POINT('',#440384);
#130441=VERTEX_POINT('',#440388);
#130442=VERTEX_POINT('',#440392);
#130443=VERTEX_POINT('',#440396);
#130444=VERTEX_POINT('',#440400);
#130445=VERTEX_POINT('',#440404);
#130446=VERTEX_POINT('',#440408);
#130447=VERTEX_POINT('',#440412);
#130448=VERTEX_POINT('',#440416);
#130449=VERTEX_POINT('',#440420);
#130450=VERTEX_POINT('',#440424);
#130451=VERTEX_POINT('',#440428);
#130452=VERTEX_POINT('',#440432);
#130453=VERTEX_POINT('',#440436);
#130454=VERTEX_POINT('',#440440);
#130455=VERTEX_POINT('',#440444);
#130456=VERTEX_POINT('',#440448);
#130457=VERTEX_POINT('',#440452);
#130458=VERTEX_POINT('',#440456);
#130459=VERTEX_POINT('',#440460);
#130460=VERTEX_POINT('',#440464);
#130461=VERTEX_POINT('',#440468);
#130462=VERTEX_POINT('',#440472);
#130463=VERTEX_POINT('',#440476);
#130464=VERTEX_POINT('',#440480);
#130465=VERTEX_POINT('',#440484);
#130466=VERTEX_POINT('',#440488);
#130467=VERTEX_POINT('',#440492);
#130468=VERTEX_POINT('',#440496);
#130469=VERTEX_POINT('',#440500);
#130470=VERTEX_POINT('',#440504);
#130471=VERTEX_POINT('',#440508);
#130472=VERTEX_POINT('',#440512);
#130473=VERTEX_POINT('',#440516);
#130474=VERTEX_POINT('',#440520);
#130475=VERTEX_POINT('',#440524);
#130476=VERTEX_POINT('',#440528);
#130477=VERTEX_POINT('',#440532);
#130478=VERTEX_POINT('',#440536);
#130479=VERTEX_POINT('',#440540);
#130480=VERTEX_POINT('',#440544);
#130481=VERTEX_POINT('',#440548);
#130482=VERTEX_POINT('',#440552);
#130483=VERTEX_POINT('',#440556);
#130484=VERTEX_POINT('',#440560);
#130485=VERTEX_POINT('',#440564);
#130486=VERTEX_POINT('',#440568);
#130487=VERTEX_POINT('',#440572);
#130488=VERTEX_POINT('',#440576);
#130489=VERTEX_POINT('',#440580);
#130490=VERTEX_POINT('',#440584);
#130491=VERTEX_POINT('',#440588);
#130492=VERTEX_POINT('',#440592);
#130493=VERTEX_POINT('',#440596);
#130494=VERTEX_POINT('',#440600);
#130495=VERTEX_POINT('',#440604);
#130496=VERTEX_POINT('',#440608);
#130497=VERTEX_POINT('',#440612);
#130498=VERTEX_POINT('',#440616);
#130499=VERTEX_POINT('',#440620);
#130500=VERTEX_POINT('',#440624);
#130501=VERTEX_POINT('',#440628);
#130502=VERTEX_POINT('',#440632);
#130503=VERTEX_POINT('',#440636);
#130504=VERTEX_POINT('',#440640);
#130505=VERTEX_POINT('',#440644);
#130506=VERTEX_POINT('',#440648);
#130507=VERTEX_POINT('',#440652);
#130508=VERTEX_POINT('',#440656);
#130509=VERTEX_POINT('',#440660);
#130510=VERTEX_POINT('',#440664);
#130511=VERTEX_POINT('',#440668);
#130512=VERTEX_POINT('',#440672);
#130513=VERTEX_POINT('',#440676);
#130514=VERTEX_POINT('',#440680);
#130515=VERTEX_POINT('',#440684);
#130516=VERTEX_POINT('',#440688);
#130517=VERTEX_POINT('',#440692);
#130518=VERTEX_POINT('',#440696);
#130519=VERTEX_POINT('',#440700);
#130520=VERTEX_POINT('',#440704);
#130521=VERTEX_POINT('',#440708);
#130522=VERTEX_POINT('',#440712);
#130523=VERTEX_POINT('',#440716);
#130524=VERTEX_POINT('',#440720);
#130525=VERTEX_POINT('',#440724);
#130526=VERTEX_POINT('',#440728);
#130527=VERTEX_POINT('',#440732);
#130528=VERTEX_POINT('',#440736);
#130529=VERTEX_POINT('',#440740);
#130530=VERTEX_POINT('',#440744);
#130531=VERTEX_POINT('',#440748);
#130532=VERTEX_POINT('',#440752);
#130533=VERTEX_POINT('',#440756);
#130534=VERTEX_POINT('',#440760);
#130535=VERTEX_POINT('',#440764);
#130536=VERTEX_POINT('',#440768);
#130537=VERTEX_POINT('',#440772);
#130538=VERTEX_POINT('',#440776);
#130539=VERTEX_POINT('',#440780);
#130540=VERTEX_POINT('',#440784);
#130541=VERTEX_POINT('',#440788);
#130542=VERTEX_POINT('',#440792);
#130543=VERTEX_POINT('',#440796);
#130544=VERTEX_POINT('',#440800);
#130545=VERTEX_POINT('',#440804);
#130546=VERTEX_POINT('',#440808);
#130547=VERTEX_POINT('',#440812);
#130548=VERTEX_POINT('',#440816);
#130549=VERTEX_POINT('',#440820);
#130550=VERTEX_POINT('',#440824);
#130551=VERTEX_POINT('',#440828);
#130552=VERTEX_POINT('',#440829);
#130553=VERTEX_POINT('',#440834);
#130554=VERTEX_POINT('',#440838);
#130555=VERTEX_POINT('',#440844);
#166149=EDGE_CURVE('',#130004,#130005,#35046,.T.);
#166150=EDGE_CURVE('',#130005,#130006,#35047,.T.);
#166151=EDGE_CURVE('',#130007,#130006,#35048,.T.);
#166152=EDGE_CURVE('',#130004,#130007,#35049,.T.);
#166153=EDGE_CURVE('',#130006,#130008,#35050,.T.);
#166154=EDGE_CURVE('',#130005,#130009,#35051,.T.);
#166155=EDGE_CURVE('',#130009,#130008,#35052,.T.);
#166156=EDGE_CURVE('',#130008,#130010,#35053,.T.);
#166157=EDGE_CURVE('',#130009,#130011,#35054,.T.);
#166158=EDGE_CURVE('',#130011,#130010,#35055,.T.);
#166159=EDGE_CURVE('',#130007,#130010,#35056,.T.);
#166160=EDGE_CURVE('',#130011,#130004,#35057,.T.);
#166161=EDGE_CURVE('',#130012,#130012,#105521,.T.);
#166162=EDGE_CURVE('',#130013,#130014,#35058,.T.);
#166163=EDGE_CURVE('',#130014,#130015,#35059,.T.);
#166164=EDGE_CURVE('',#130015,#130016,#35060,.T.);
#166165=EDGE_CURVE('',#130016,#130013,#35061,.T.);
#166166=EDGE_CURVE('',#130014,#130017,#35062,.T.);
#166167=EDGE_CURVE('',#130018,#130017,#35063,.T.);
#166168=EDGE_CURVE('',#130019,#130018,#35064,.T.);
#166169=EDGE_CURVE('',#130015,#130019,#35065,.T.);
#166170=EDGE_CURVE('',#130020,#130021,#35066,.T.);
#166171=EDGE_CURVE('',#130022,#130020,#35067,.T.);
#166172=EDGE_CURVE('',#130022,#130013,#35068,.T.);
#166173=EDGE_CURVE('',#130021,#130016,#35069,.T.);
#166174=EDGE_CURVE('',#130017,#130022,#35070,.T.);
#166175=EDGE_CURVE('',#130023,#130024,#35071,.T.);
#166176=EDGE_CURVE('',#130024,#130025,#35072,.T.);
#166177=EDGE_CURVE('',#130025,#130026,#35073,.T.);
#166178=EDGE_CURVE('',#130026,#130023,#35074,.T.);
#166179=EDGE_CURVE('',#130018,#130020,#35075,.T.);
#166180=EDGE_CURVE('',#130019,#130021,#35076,.T.);
#166181=EDGE_CURVE('',#130027,#130028,#105522,.T.);
#166182=EDGE_CURVE('',#130028,#130029,#35077,.T.);
#166183=EDGE_CURVE('',#130029,#130030,#105523,.T.);
#166184=EDGE_CURVE('',#130030,#130027,#35078,.T.);
#166185=EDGE_CURVE('',#130028,#130031,#35079,.T.);
#166186=EDGE_CURVE('',#130032,#130031,#35080,.T.);
#166187=EDGE_CURVE('',#130029,#130032,#35081,.T.);
#166188=EDGE_CURVE('',#130031,#130033,#105524,.T.);
#166189=EDGE_CURVE('',#130033,#130034,#35082,.T.);
#166190=EDGE_CURVE('',#130034,#130032,#105525,.T.);
#166191=EDGE_CURVE('',#130033,#130035,#35083,.T.);
#166192=EDGE_CURVE('',#130036,#130035,#35084,.T.);
#166193=EDGE_CURVE('',#130034,#130036,#35085,.T.);
#166194=EDGE_CURVE('',#130037,#130036,#105526,.T.);
#166195=EDGE_CURVE('',#130035,#130038,#105527,.T.);
#166196=EDGE_CURVE('',#130038,#130037,#35086,.T.);
#166197=EDGE_CURVE('',#130039,#130040,#105528,.T.);
#166198=EDGE_CURVE('',#130040,#130041,#35087,.T.);
#166199=EDGE_CURVE('',#130041,#130042,#105529,.T.);
#166200=EDGE_CURVE('',#130042,#130039,#35088,.T.);
#166201=EDGE_CURVE('',#130041,#130030,#35089,.T.);
#166202=EDGE_CURVE('',#130040,#130027,#35090,.T.);
#166203=EDGE_CURVE('',#130043,#130044,#105530,.T.);
#166204=EDGE_CURVE('',#130044,#130045,#1896,.T.);
#166205=EDGE_CURVE('',#130045,#130046,#105531,.T.);
#166206=EDGE_CURVE('',#130046,#130043,#1897,.T.);
#166207=EDGE_CURVE('',#130047,#130048,#105532,.T.);
#166208=EDGE_CURVE('',#130048,#130044,#35091,.T.);
#166209=EDGE_CURVE('',#130043,#130047,#35092,.T.);
#166210=EDGE_CURVE('',#130049,#130050,#105533,.T.);
#166211=EDGE_CURVE('',#130050,#130048,#1898,.T.);
#166212=EDGE_CURVE('',#130047,#130049,#1899,.T.);
#166213=EDGE_CURVE('',#130051,#130052,#105534,.T.);
#166214=EDGE_CURVE('',#130052,#130050,#1900,.T.);
#166215=EDGE_CURVE('',#130049,#130051,#1901,.T.);
#166216=EDGE_CURVE('',#130053,#130054,#105535,.T.);
#166217=EDGE_CURVE('',#130054,#130052,#1902,.T.);
#166218=EDGE_CURVE('',#130051,#130053,#1903,.T.);
#166219=EDGE_CURVE('',#130055,#130056,#105536,.T.);
#166220=EDGE_CURVE('',#130056,#130054,#35093,.T.);
#166221=EDGE_CURVE('',#130053,#130055,#35094,.T.);
#166222=EDGE_CURVE('',#130057,#130058,#105537,.T.);
#166223=EDGE_CURVE('',#130058,#130056,#1904,.T.);
#166224=EDGE_CURVE('',#130055,#130057,#1905,.T.);
#166225=EDGE_CURVE('',#130059,#130060,#105538,.T.);
#166226=EDGE_CURVE('',#130060,#130058,#1906,.T.);
#166227=EDGE_CURVE('',#130057,#130059,#1907,.T.);
#166228=EDGE_CURVE('',#130061,#130062,#105539,.T.);
#166229=EDGE_CURVE('',#130062,#130060,#1908,.T.);
#166230=EDGE_CURVE('',#130059,#130061,#1909,.T.);
#166231=EDGE_CURVE('',#130063,#130064,#105540,.T.);
#166232=EDGE_CURVE('',#130064,#130062,#35095,.T.);
#166233=EDGE_CURVE('',#130061,#130063,#35096,.T.);
#166234=EDGE_CURVE('',#130065,#130066,#105541,.T.);
#166235=EDGE_CURVE('',#130066,#130064,#1910,.T.);
#166236=EDGE_CURVE('',#130063,#130065,#1911,.T.);
#166237=EDGE_CURVE('',#130067,#130068,#105542,.T.);
#166238=EDGE_CURVE('',#130068,#130066,#1912,.T.);
#166239=EDGE_CURVE('',#130065,#130067,#1913,.T.);
#166240=EDGE_CURVE('',#130069,#130070,#105543,.T.);
#166241=EDGE_CURVE('',#130070,#130068,#1914,.T.);
#166242=EDGE_CURVE('',#130067,#130069,#1915,.T.);
#166243=EDGE_CURVE('',#130071,#130072,#105544,.T.);
#166244=EDGE_CURVE('',#130072,#130070,#35097,.T.);
#166245=EDGE_CURVE('',#130069,#130071,#35098,.T.);
#166246=EDGE_CURVE('',#130073,#130074,#105545,.T.);
#166247=EDGE_CURVE('',#130074,#130072,#1916,.T.);
#166248=EDGE_CURVE('',#130071,#130073,#1917,.T.);
#166249=EDGE_CURVE('',#130045,#130074,#1918,.T.);
#166250=EDGE_CURVE('',#130073,#130046,#1919,.T.);
#166251=EDGE_CURVE('',#130075,#130057,#105546,.T.);
#166252=EDGE_CURVE('',#130075,#130076,#1920,.T.);
#166253=EDGE_CURVE('',#130076,#130059,#105547,.T.);
#166254=EDGE_CURVE('',#130077,#130055,#105548,.T.);
#166255=EDGE_CURVE('',#130077,#130075,#1921,.T.);
#166256=EDGE_CURVE('',#130053,#130078,#105549,.T.);
#166257=EDGE_CURVE('',#130078,#130077,#35099,.T.);
#166258=EDGE_CURVE('',#130051,#130079,#105550,.T.);
#166259=EDGE_CURVE('',#130079,#130078,#1922,.T.);
#166260=EDGE_CURVE('',#130049,#130080,#105551,.T.);
#166261=EDGE_CURVE('',#130080,#130079,#1923,.T.);
#166262=EDGE_CURVE('',#130047,#130081,#105552,.T.);
#166263=EDGE_CURVE('',#130081,#130080,#1924,.T.);
#166264=EDGE_CURVE('',#130043,#130082,#105553,.T.);
#166265=EDGE_CURVE('',#130082,#130081,#35100,.T.);
#166266=EDGE_CURVE('',#130046,#130083,#105554,.T.);
#166267=EDGE_CURVE('',#130083,#130082,#1925,.T.);
#166268=EDGE_CURVE('',#130084,#130064,#35101,.T.);
#166269=EDGE_CURVE('',#130084,#130085,#35102,.T.);
#166270=EDGE_CURVE('',#130062,#130085,#35103,.T.);
#166271=EDGE_CURVE('',#130070,#130086,#35104,.T.);
#166272=EDGE_CURVE('',#130084,#130086,#105555,.T.);
#166273=EDGE_CURVE('',#130087,#130072,#35105,.T.);
#166274=EDGE_CURVE('',#130086,#130087,#35106,.T.);
#166275=EDGE_CURVE('',#130044,#130088,#35107,.T.);
#166276=EDGE_CURVE('',#130087,#130088,#105556,.T.);
#166277=EDGE_CURVE('',#130076,#130089,#1926,.T.);
#166278=EDGE_CURVE('',#130089,#130061,#105557,.T.);
#166279=EDGE_CURVE('',#130089,#130090,#35108,.T.);
#166280=EDGE_CURVE('',#130090,#130063,#105558,.T.);
#166281=EDGE_CURVE('',#130090,#130091,#1927,.T.);
#166282=EDGE_CURVE('',#130091,#130065,#105559,.T.);
#166283=EDGE_CURVE('',#130073,#130092,#105560,.T.);
#166284=EDGE_CURVE('',#130092,#130083,#1928,.T.);
#166285=EDGE_CURVE('',#130091,#130093,#1929,.T.);
#166286=EDGE_CURVE('',#130093,#130067,#105561,.T.);
#166287=EDGE_CURVE('',#130071,#130094,#105562,.T.);
#166288=EDGE_CURVE('',#130094,#130092,#1930,.T.);
#166289=EDGE_CURVE('',#130093,#130095,#1931,.T.);
#166290=EDGE_CURVE('',#130095,#130069,#105563,.T.);
#166291=EDGE_CURVE('',#130095,#130094,#35109,.T.);
#166292=EDGE_CURVE('',#130091,#130096,#35110,.T.);
#166293=EDGE_CURVE('',#130096,#130097,#105564,.T.);
#166294=EDGE_CURVE('',#130097,#130093,#35111,.T.);
#166295=EDGE_CURVE('',#130098,#130076,#35112,.T.);
#166296=EDGE_CURVE('',#130098,#130096,#35113,.T.);
#166297=EDGE_CURVE('',#130075,#130099,#35114,.T.);
#166298=EDGE_CURVE('',#130099,#130098,#105565,.T.);
#166299=EDGE_CURVE('',#130100,#130079,#35115,.T.);
#166300=EDGE_CURVE('',#130100,#130099,#35116,.T.);
#166301=EDGE_CURVE('',#130054,#130101,#35117,.T.);
#166302=EDGE_CURVE('',#130102,#130101,#105566,.T.);
#166303=EDGE_CURVE('',#130102,#130048,#35118,.T.);
#166304=EDGE_CURVE('',#130101,#130103,#35119,.T.);
#166305=EDGE_CURVE('',#130103,#130085,#105567,.T.);
#166306=EDGE_CURVE('',#130102,#130088,#35120,.T.);
#166307=EDGE_CURVE('',#130037,#130042,#35121,.T.);
#166308=EDGE_CURVE('',#130104,#130104,#105568,.F.);
#166309=EDGE_CURVE('',#130105,#130106,#35122,.T.);
#166310=EDGE_CURVE('',#130106,#130107,#35123,.T.);
#166311=EDGE_CURVE('',#130107,#130108,#35124,.T.);
#166312=EDGE_CURVE('',#130108,#130109,#35125,.T.);
#166313=EDGE_CURVE('',#130109,#130110,#35126,.T.);
#166314=EDGE_CURVE('',#130110,#130105,#35127,.T.);
#166315=EDGE_CURVE('',#130111,#130112,#35128,.T.);
#166316=EDGE_CURVE('',#130112,#130113,#35129,.T.);
#166317=EDGE_CURVE('',#130113,#130114,#35130,.T.);
#166318=EDGE_CURVE('',#130114,#130115,#35131,.T.);
#166319=EDGE_CURVE('',#130115,#130116,#35132,.T.);
#166320=EDGE_CURVE('',#130116,#130111,#35133,.T.);
#166321=EDGE_CURVE('',#130117,#130118,#35134,.T.);
#166322=EDGE_CURVE('',#130118,#130119,#35135,.T.);
#166323=EDGE_CURVE('',#130119,#130120,#35136,.T.);
#166324=EDGE_CURVE('',#130120,#130121,#35137,.T.);
#166325=EDGE_CURVE('',#130121,#130122,#35138,.T.);
#166326=EDGE_CURVE('',#130122,#130117,#35139,.T.);
#166327=EDGE_CURVE('',#130123,#130124,#35140,.T.);
#166328=EDGE_CURVE('',#130124,#130125,#35141,.T.);
#166329=EDGE_CURVE('',#130125,#130126,#35142,.T.);
#166330=EDGE_CURVE('',#130126,#130123,#35143,.T.);
#166331=EDGE_CURVE('',#130127,#130128,#35144,.T.);
#166332=EDGE_CURVE('',#130128,#130129,#35145,.T.);
#166333=EDGE_CURVE('',#130129,#130130,#35146,.T.);
#166334=EDGE_CURVE('',#130130,#130131,#35147,.T.);
#166335=EDGE_CURVE('',#130131,#130132,#35148,.T.);
#166336=EDGE_CURVE('',#130132,#130127,#35149,.T.);
#166337=EDGE_CURVE('',#130103,#130056,#35150,.T.);
#166338=EDGE_CURVE('',#130080,#130133,#35151,.T.);
#166339=EDGE_CURVE('',#130133,#130100,#105569,.T.);
#166340=EDGE_CURVE('',#130134,#130083,#35152,.T.);
#166341=EDGE_CURVE('',#130134,#130133,#35153,.T.);
#166342=EDGE_CURVE('',#130092,#130135,#35154,.T.);
#166343=EDGE_CURVE('',#130135,#130134,#105570,.T.);
#166344=EDGE_CURVE('',#130097,#130135,#35155,.T.);
#166345=EDGE_CURVE('',#130136,#130137,#35156,.T.);
#166346=EDGE_CURVE('',#130138,#130136,#35157,.T.);
#166347=EDGE_CURVE('',#130139,#130138,#35158,.T.);
#166348=EDGE_CURVE('',#130137,#130139,#35159,.T.);
#166349=EDGE_CURVE('',#130140,#130141,#35160,.T.);
#166350=EDGE_CURVE('',#130142,#130140,#35161,.T.);
#166351=EDGE_CURVE('',#130143,#130142,#35162,.T.);
#166352=EDGE_CURVE('',#130141,#130143,#35163,.T.);
#166353=EDGE_CURVE('',#130144,#130142,#35164,.T.);
#166354=EDGE_CURVE('',#130145,#130144,#35165,.T.);
#166355=EDGE_CURVE('',#130145,#130143,#35166,.T.);
#166356=EDGE_CURVE('',#130140,#130146,#35167,.T.);
#166357=EDGE_CURVE('',#130144,#130146,#35168,.T.);
#166358=EDGE_CURVE('',#130125,#130138,#35169,.T.);
#166359=EDGE_CURVE('',#130124,#130139,#35170,.T.);
#166360=EDGE_CURVE('',#130136,#130126,#35171,.T.);
#166361=EDGE_CURVE('',#130147,#130148,#35172,.T.);
#166362=EDGE_CURVE('',#130149,#130147,#35173,.T.);
#166363=EDGE_CURVE('',#130150,#130149,#35174,.T.);
#166364=EDGE_CURVE('',#130151,#130150,#35175,.T.);
#166365=EDGE_CURVE('',#130152,#130151,#35176,.T.);
#166366=EDGE_CURVE('',#130148,#130152,#35177,.T.);
#166367=EDGE_CURVE('',#130153,#130154,#35178,.T.);
#166368=EDGE_CURVE('',#130155,#130153,#35179,.T.);
#166369=EDGE_CURVE('',#130156,#130155,#35180,.T.);
#166370=EDGE_CURVE('',#130157,#130156,#35181,.T.);
#166371=EDGE_CURVE('',#130158,#130157,#35182,.T.);
#166372=EDGE_CURVE('',#130154,#130158,#35183,.T.);
#166373=EDGE_CURVE('',#130159,#130156,#35184,.T.);
#166374=EDGE_CURVE('',#130160,#130159,#35185,.T.);
#166375=EDGE_CURVE('',#130160,#130157,#35186,.T.);
#166376=EDGE_CURVE('',#130161,#130155,#35187,.T.);
#166377=EDGE_CURVE('',#130159,#130161,#35188,.T.);
#166378=EDGE_CURVE('',#130153,#130162,#35189,.T.);
#166379=EDGE_CURVE('',#130161,#130162,#35190,.T.);
#166380=EDGE_CURVE('',#130112,#130150,#35191,.T.);
#166381=EDGE_CURVE('',#130111,#130151,#35192,.T.);
#166382=EDGE_CURVE('',#130113,#130149,#35193,.T.);
#166383=EDGE_CURVE('',#130147,#130114,#35194,.T.);
#166384=EDGE_CURVE('',#130163,#130164,#35195,.T.);
#166385=EDGE_CURVE('',#130165,#130163,#35196,.T.);
#166386=EDGE_CURVE('',#130166,#130165,#35197,.T.);
#166387=EDGE_CURVE('',#130167,#130166,#35198,.T.);
#166388=EDGE_CURVE('',#130168,#130167,#35199,.T.);
#166389=EDGE_CURVE('',#130164,#130168,#35200,.T.);
#166390=EDGE_CURVE('',#130169,#130170,#35201,.T.);
#166391=EDGE_CURVE('',#130171,#130169,#35202,.T.);
#166392=EDGE_CURVE('',#130172,#130171,#35203,.T.);
#166393=EDGE_CURVE('',#130173,#130172,#35204,.T.);
#166394=EDGE_CURVE('',#130174,#130173,#35205,.T.);
#166395=EDGE_CURVE('',#130170,#130174,#35206,.T.);
#166396=EDGE_CURVE('',#130175,#130172,#35207,.T.);
#166397=EDGE_CURVE('',#130176,#130175,#35208,.T.);
#166398=EDGE_CURVE('',#130176,#130173,#35209,.T.);
#166399=EDGE_CURVE('',#130177,#130171,#35210,.T.);
#166400=EDGE_CURVE('',#130175,#130177,#35211,.T.);
#166401=EDGE_CURVE('',#130169,#130178,#35212,.T.);
#166402=EDGE_CURVE('',#130177,#130178,#35213,.T.);
#166403=EDGE_CURVE('',#130118,#130166,#35214,.T.);
#166404=EDGE_CURVE('',#130117,#130167,#35215,.T.);
#166405=EDGE_CURVE('',#130119,#130165,#35216,.T.);
#166406=EDGE_CURVE('',#130163,#130120,#35217,.T.);
#166407=EDGE_CURVE('',#130179,#130180,#35218,.T.);
#166408=EDGE_CURVE('',#130181,#130179,#35219,.T.);
#166409=EDGE_CURVE('',#130182,#130181,#35220,.T.);
#166410=EDGE_CURVE('',#130183,#130182,#35221,.T.);
#166411=EDGE_CURVE('',#130184,#130183,#35222,.T.);
#166412=EDGE_CURVE('',#130180,#130184,#35223,.T.);
#166413=EDGE_CURVE('',#130185,#130186,#35224,.T.);
#166414=EDGE_CURVE('',#130187,#130185,#35225,.T.);
#166415=EDGE_CURVE('',#130188,#130187,#35226,.T.);
#166416=EDGE_CURVE('',#130189,#130188,#35227,.T.);
#166417=EDGE_CURVE('',#130190,#130189,#35228,.T.);
#166418=EDGE_CURVE('',#130186,#130190,#35229,.T.);
#166419=EDGE_CURVE('',#130191,#130188,#35230,.T.);
#166420=EDGE_CURVE('',#130192,#130191,#35231,.T.);
#166421=EDGE_CURVE('',#130192,#130189,#35232,.T.);
#166422=EDGE_CURVE('',#130193,#130187,#35233,.T.);
#166423=EDGE_CURVE('',#130191,#130193,#35234,.T.);
#166424=EDGE_CURVE('',#130185,#130194,#35235,.T.);
#166425=EDGE_CURVE('',#130193,#130194,#35236,.T.);
#166426=EDGE_CURVE('',#130106,#130182,#35237,.T.);
#166427=EDGE_CURVE('',#130105,#130183,#35238,.T.);
#166428=EDGE_CURVE('',#130107,#130181,#35239,.T.);
#166429=EDGE_CURVE('',#130179,#130108,#35240,.T.);
#166430=EDGE_CURVE('',#130195,#130196,#35241,.T.);
#166431=EDGE_CURVE('',#130197,#130195,#35242,.T.);
#166432=EDGE_CURVE('',#130198,#130197,#35243,.T.);
#166433=EDGE_CURVE('',#130199,#130198,#35244,.T.);
#166434=EDGE_CURVE('',#130200,#130199,#35245,.T.);
#166435=EDGE_CURVE('',#130196,#130200,#35246,.T.);
#166436=EDGE_CURVE('',#130201,#130202,#35247,.T.);
#166437=EDGE_CURVE('',#130203,#130201,#35248,.T.);
#166438=EDGE_CURVE('',#130204,#130203,#35249,.T.);
#166439=EDGE_CURVE('',#130205,#130204,#35250,.T.);
#166440=EDGE_CURVE('',#130206,#130205,#35251,.T.);
#166441=EDGE_CURVE('',#130202,#130206,#35252,.T.);
#166442=EDGE_CURVE('',#130207,#130204,#35253,.T.);
#166443=EDGE_CURVE('',#130208,#130207,#35254,.T.);
#166444=EDGE_CURVE('',#130208,#130205,#35255,.T.);
#166445=EDGE_CURVE('',#130209,#130203,#35256,.T.);
#166446=EDGE_CURVE('',#130207,#130209,#35257,.T.);
#166447=EDGE_CURVE('',#130201,#130210,#35258,.T.);
#166448=EDGE_CURVE('',#130209,#130210,#35259,.T.);
#166449=EDGE_CURVE('',#130128,#130198,#35260,.T.);
#166450=EDGE_CURVE('',#130127,#130199,#35261,.T.);
#166451=EDGE_CURVE('',#130129,#130197,#35262,.T.);
#166452=EDGE_CURVE('',#130195,#130130,#35263,.T.);
#166453=EDGE_CURVE('',#130146,#130211,#35264,.T.);
#166454=EDGE_CURVE('',#130211,#130145,#35265,.T.);
#166455=EDGE_CURVE('',#130212,#130212,#105571,.T.);
#166456=EDGE_CURVE('',#130213,#130213,#105572,.T.);
#166457=EDGE_CURVE('',#130214,#130214,#105573,.T.);
#166458=EDGE_CURVE('',#130215,#130215,#105574,.T.);
#166459=EDGE_CURVE('',#130216,#130216,#105575,.T.);
#166460=EDGE_CURVE('',#130217,#130217,#105576,.T.);
#166461=EDGE_CURVE('',#130218,#130218,#105577,.T.);
#166462=EDGE_CURVE('',#130219,#130219,#105578,.T.);
#166463=EDGE_CURVE('',#130220,#130220,#105579,.T.);
#166464=EDGE_CURVE('',#130221,#130221,#105580,.T.);
#166465=EDGE_CURVE('',#130222,#130222,#105581,.T.);
#166466=EDGE_CURVE('',#130223,#130223,#105582,.T.);
#166467=EDGE_CURVE('',#130224,#130224,#105583,.T.);
#166468=EDGE_CURVE('',#130225,#130225,#105584,.T.);
#166469=EDGE_CURVE('',#130226,#130226,#105585,.T.);
#166470=EDGE_CURVE('',#130227,#130227,#105586,.T.);
#166471=EDGE_CURVE('',#130228,#130228,#105587,.T.);
#166472=EDGE_CURVE('',#130229,#130229,#105588,.T.);
#166473=EDGE_CURVE('',#130230,#130230,#105589,.T.);
#166474=EDGE_CURVE('',#130231,#130231,#105590,.T.);
#166475=EDGE_CURVE('',#130232,#130232,#105591,.T.);
#166476=EDGE_CURVE('',#130233,#130233,#105592,.T.);
#166477=EDGE_CURVE('',#130234,#130234,#105593,.T.);
#166478=EDGE_CURVE('',#130235,#130235,#105594,.T.);
#166479=EDGE_CURVE('',#130236,#130236,#105595,.T.);
#166480=EDGE_CURVE('',#130237,#130237,#105596,.T.);
#166481=EDGE_CURVE('',#130238,#130238,#105597,.T.);
#166482=EDGE_CURVE('',#130239,#130239,#105598,.T.);
#166483=EDGE_CURVE('',#130240,#130240,#105599,.T.);
#166484=EDGE_CURVE('',#130241,#130241,#105600,.T.);
#166485=EDGE_CURVE('',#130242,#130242,#105601,.T.);
#166486=EDGE_CURVE('',#130243,#130243,#105602,.T.);
#166487=EDGE_CURVE('',#130244,#130244,#105603,.T.);
#166488=EDGE_CURVE('',#130245,#130245,#105604,.T.);
#166489=EDGE_CURVE('',#130246,#130246,#105605,.T.);
#166490=EDGE_CURVE('',#130247,#130247,#105606,.T.);
#166491=EDGE_CURVE('',#130248,#130248,#105607,.T.);
#166492=EDGE_CURVE('',#130249,#130249,#105608,.T.);
#166493=EDGE_CURVE('',#130250,#130250,#105609,.T.);
#166494=EDGE_CURVE('',#130251,#130251,#105610,.T.);
#166495=EDGE_CURVE('',#130252,#130252,#105611,.T.);
#166496=EDGE_CURVE('',#130253,#130253,#105612,.T.);
#166497=EDGE_CURVE('',#130254,#130254,#105613,.T.);
#166498=EDGE_CURVE('',#130255,#130255,#105614,.T.);
#166499=EDGE_CURVE('',#130256,#130256,#105615,.T.);
#166500=EDGE_CURVE('',#130162,#130257,#35266,.T.);
#166501=EDGE_CURVE('',#130257,#130258,#35267,.T.);
#166502=EDGE_CURVE('',#130258,#130160,#35268,.T.);
#166503=EDGE_CURVE('',#130259,#130259,#105616,.T.);
#166504=EDGE_CURVE('',#130260,#130260,#105617,.T.);
#166505=EDGE_CURVE('',#130261,#130261,#105618,.T.);
#166506=EDGE_CURVE('',#130262,#130262,#105619,.T.);
#166507=EDGE_CURVE('',#130263,#130263,#105620,.T.);
#166508=EDGE_CURVE('',#130264,#130264,#105621,.T.);
#166509=EDGE_CURVE('',#130265,#130265,#105622,.T.);
#166510=EDGE_CURVE('',#130266,#130266,#105623,.T.);
#166511=EDGE_CURVE('',#130267,#130267,#105624,.T.);
#166512=EDGE_CURVE('',#130268,#130268,#105625,.T.);
#166513=EDGE_CURVE('',#130269,#130269,#105626,.T.);
#166514=EDGE_CURVE('',#130270,#130270,#105627,.T.);
#166515=EDGE_CURVE('',#130271,#130271,#105628,.T.);
#166516=EDGE_CURVE('',#130272,#130272,#105629,.T.);
#166517=EDGE_CURVE('',#130273,#130273,#105630,.T.);
#166518=EDGE_CURVE('',#130274,#130274,#105631,.T.);
#166519=EDGE_CURVE('',#130275,#130275,#105632,.T.);
#166520=EDGE_CURVE('',#130276,#130276,#105633,.T.);
#166521=EDGE_CURVE('',#130277,#130277,#105634,.T.);
#166522=EDGE_CURVE('',#130278,#130278,#105635,.T.);
#166523=EDGE_CURVE('',#130279,#130279,#105636,.T.);
#166524=EDGE_CURVE('',#130280,#130280,#105637,.T.);
#166525=EDGE_CURVE('',#130281,#130281,#105638,.T.);
#166526=EDGE_CURVE('',#130282,#130282,#105639,.T.);
#166527=EDGE_CURVE('',#130283,#130283,#105640,.T.);
#166528=EDGE_CURVE('',#130284,#130284,#105641,.T.);
#166529=EDGE_CURVE('',#130285,#130285,#105642,.T.);
#166530=EDGE_CURVE('',#130286,#130286,#105643,.T.);
#166531=EDGE_CURVE('',#130287,#130287,#105644,.T.);
#166532=EDGE_CURVE('',#130288,#130288,#105645,.T.);
#166533=EDGE_CURVE('',#130178,#130289,#35269,.T.);
#166534=EDGE_CURVE('',#130289,#130290,#35270,.T.);
#166535=EDGE_CURVE('',#130290,#130176,#35271,.T.);
#166536=EDGE_CURVE('',#130291,#130291,#105646,.T.);
#166537=EDGE_CURVE('',#130292,#130292,#105647,.T.);
#166538=EDGE_CURVE('',#130293,#130293,#105648,.T.);
#166539=EDGE_CURVE('',#130294,#130294,#105649,.T.);
#166540=EDGE_CURVE('',#130295,#130295,#105650,.T.);
#166541=EDGE_CURVE('',#130296,#130296,#105651,.T.);
#166542=EDGE_CURVE('',#130297,#130297,#105652,.T.);
#166543=EDGE_CURVE('',#130298,#130298,#105653,.T.);
#166544=EDGE_CURVE('',#130299,#130299,#105654,.T.);
#166545=EDGE_CURVE('',#130300,#130300,#105655,.T.);
#166546=EDGE_CURVE('',#130301,#130301,#105656,.T.);
#166547=EDGE_CURVE('',#130302,#130302,#105657,.T.);
#166548=EDGE_CURVE('',#130303,#130303,#105658,.T.);
#166549=EDGE_CURVE('',#130304,#130304,#105659,.T.);
#166550=EDGE_CURVE('',#130305,#130305,#105660,.T.);
#166551=EDGE_CURVE('',#130306,#130306,#105661,.T.);
#166552=EDGE_CURVE('',#130307,#130307,#105662,.T.);
#166553=EDGE_CURVE('',#130308,#130308,#105663,.T.);
#166554=EDGE_CURVE('',#130309,#130309,#105664,.T.);
#166555=EDGE_CURVE('',#130310,#130310,#105665,.T.);
#166556=EDGE_CURVE('',#130311,#130311,#105666,.T.);
#166557=EDGE_CURVE('',#130312,#130312,#105667,.T.);
#166558=EDGE_CURVE('',#130313,#130313,#105668,.T.);
#166559=EDGE_CURVE('',#130314,#130314,#105669,.T.);
#166560=EDGE_CURVE('',#130315,#130315,#105670,.T.);
#166561=EDGE_CURVE('',#130316,#130316,#105671,.T.);
#166562=EDGE_CURVE('',#130317,#130317,#105672,.T.);
#166563=EDGE_CURVE('',#130318,#130318,#105673,.T.);
#166564=EDGE_CURVE('',#130319,#130319,#105674,.T.);
#166565=EDGE_CURVE('',#130320,#130320,#105675,.T.);
#166566=EDGE_CURVE('',#130194,#130321,#35272,.T.);
#166567=EDGE_CURVE('',#130321,#130322,#35273,.T.);
#166568=EDGE_CURVE('',#130322,#130192,#35274,.T.);
#166569=EDGE_CURVE('',#130323,#130323,#105676,.T.);
#166570=EDGE_CURVE('',#130324,#130324,#105677,.T.);
#166571=EDGE_CURVE('',#130325,#130325,#105678,.T.);
#166572=EDGE_CURVE('',#130326,#130326,#105679,.T.);
#166573=EDGE_CURVE('',#130327,#130327,#105680,.T.);
#166574=EDGE_CURVE('',#130328,#130328,#105681,.T.);
#166575=EDGE_CURVE('',#130329,#130329,#105682,.T.);
#166576=EDGE_CURVE('',#130330,#130330,#105683,.T.);
#166577=EDGE_CURVE('',#130331,#130331,#105684,.T.);
#166578=EDGE_CURVE('',#130332,#130332,#105685,.T.);
#166579=EDGE_CURVE('',#130333,#130333,#105686,.T.);
#166580=EDGE_CURVE('',#130334,#130334,#105687,.T.);
#166581=EDGE_CURVE('',#130335,#130335,#105688,.T.);
#166582=EDGE_CURVE('',#130336,#130336,#105689,.T.);
#166583=EDGE_CURVE('',#130337,#130337,#105690,.T.);
#166584=EDGE_CURVE('',#130338,#130338,#105691,.T.);
#166585=EDGE_CURVE('',#130339,#130339,#105692,.T.);
#166586=EDGE_CURVE('',#130340,#130340,#105693,.T.);
#166587=EDGE_CURVE('',#130341,#130341,#105694,.T.);
#166588=EDGE_CURVE('',#130342,#130342,#105695,.T.);
#166589=EDGE_CURVE('',#130343,#130343,#105696,.T.);
#166590=EDGE_CURVE('',#130344,#130344,#105697,.T.);
#166591=EDGE_CURVE('',#130345,#130345,#105698,.T.);
#166592=EDGE_CURVE('',#130346,#130346,#105699,.T.);
#166593=EDGE_CURVE('',#130347,#130347,#105700,.T.);
#166594=EDGE_CURVE('',#130348,#130348,#105701,.T.);
#166595=EDGE_CURVE('',#130349,#130349,#105702,.T.);
#166596=EDGE_CURVE('',#130350,#130350,#105703,.T.);
#166597=EDGE_CURVE('',#130351,#130351,#105704,.T.);
#166598=EDGE_CURVE('',#130352,#130352,#105705,.T.);
#166599=EDGE_CURVE('',#130210,#130353,#35275,.T.);
#166600=EDGE_CURVE('',#130353,#130354,#35276,.T.);
#166601=EDGE_CURVE('',#130354,#130208,#35277,.T.);
#166602=EDGE_CURVE('',#130355,#130355,#105706,.T.);
#166603=EDGE_CURVE('',#130356,#130356,#105707,.T.);
#166604=EDGE_CURVE('',#130357,#130357,#105708,.T.);
#166605=EDGE_CURVE('',#130358,#130358,#105709,.T.);
#166606=EDGE_CURVE('',#130359,#130359,#105710,.T.);
#166607=EDGE_CURVE('',#130360,#130360,#105711,.T.);
#166608=EDGE_CURVE('',#130361,#130361,#105712,.T.);
#166609=EDGE_CURVE('',#130362,#130362,#105713,.T.);
#166610=EDGE_CURVE('',#130363,#130363,#105714,.T.);
#166611=EDGE_CURVE('',#130364,#130364,#105715,.T.);
#166612=EDGE_CURVE('',#130365,#130365,#105716,.T.);
#166613=EDGE_CURVE('',#130366,#130366,#105717,.T.);
#166614=EDGE_CURVE('',#130367,#130367,#105718,.T.);
#166615=EDGE_CURVE('',#130368,#130368,#105719,.T.);
#166616=EDGE_CURVE('',#130369,#130369,#105720,.T.);
#166617=EDGE_CURVE('',#130370,#130370,#105721,.T.);
#166618=EDGE_CURVE('',#130371,#130371,#105722,.T.);
#166619=EDGE_CURVE('',#130372,#130372,#105723,.T.);
#166620=EDGE_CURVE('',#130373,#130373,#105724,.T.);
#166621=EDGE_CURVE('',#130374,#130374,#105725,.T.);
#166622=EDGE_CURVE('',#130375,#130375,#105726,.T.);
#166623=EDGE_CURVE('',#130376,#130376,#105727,.T.);
#166624=EDGE_CURVE('',#130377,#130377,#105728,.T.);
#166625=EDGE_CURVE('',#130378,#130378,#105729,.T.);
#166626=EDGE_CURVE('',#130379,#130379,#105730,.T.);
#166627=EDGE_CURVE('',#130380,#130380,#105731,.T.);
#166628=EDGE_CURVE('',#130381,#130381,#105732,.T.);
#166629=EDGE_CURVE('',#130382,#130382,#105733,.T.);
#166630=EDGE_CURVE('',#130383,#130383,#105734,.T.);
#166631=EDGE_CURVE('',#130384,#130384,#105735,.T.);
#166632=EDGE_CURVE('',#130012,#130385,#35278,.T.);
#166633=EDGE_CURVE('',#130385,#130385,#105736,.T.);
#166634=EDGE_CURVE('',#130038,#130039,#35279,.T.);
#166635=EDGE_CURVE('',#130354,#130206,#35280,.T.);
#166636=EDGE_CURVE('',#130353,#130202,#35281,.T.);
#166637=EDGE_CURVE('',#130132,#130200,#35282,.T.);
#166638=EDGE_CURVE('',#130131,#130196,#35283,.T.);
#166639=EDGE_CURVE('',#130258,#130158,#35284,.T.);
#166640=EDGE_CURVE('',#130257,#130154,#35285,.T.);
#166641=EDGE_CURVE('',#130116,#130152,#35286,.T.);
#166642=EDGE_CURVE('',#130115,#130148,#35287,.T.);
#166643=EDGE_CURVE('',#130211,#130141,#35288,.T.);
#166644=EDGE_CURVE('',#130123,#130137,#35289,.T.);
#166645=EDGE_CURVE('',#130322,#130190,#35290,.T.);
#166646=EDGE_CURVE('',#130321,#130186,#35291,.T.);
#166647=EDGE_CURVE('',#130110,#130184,#35292,.T.);
#166648=EDGE_CURVE('',#130109,#130180,#35293,.T.);
#166649=EDGE_CURVE('',#130290,#130174,#35294,.T.);
#166650=EDGE_CURVE('',#130289,#130170,#35295,.T.);
#166651=EDGE_CURVE('',#130122,#130168,#35296,.T.);
#166652=EDGE_CURVE('',#130121,#130164,#35297,.T.);
#166653=EDGE_CURVE('',#130386,#130386,#105737,.T.);
#166654=EDGE_CURVE('',#130386,#130212,#35298,.T.);
#166655=EDGE_CURVE('',#130387,#130387,#105738,.T.);
#166656=EDGE_CURVE('',#130387,#130213,#35299,.T.);
#166657=EDGE_CURVE('',#130388,#130388,#105739,.T.);
#166658=EDGE_CURVE('',#130388,#130323,#35300,.T.);
#166659=EDGE_CURVE('',#130389,#130389,#105740,.T.);
#166660=EDGE_CURVE('',#130389,#130214,#35301,.T.);
#166661=EDGE_CURVE('',#130390,#130390,#105741,.T.);
#166662=EDGE_CURVE('',#130390,#130215,#35302,.T.);
#166663=EDGE_CURVE('',#130391,#130391,#105742,.T.);
#166664=EDGE_CURVE('',#130391,#130216,#35303,.T.);
#166665=EDGE_CURVE('',#130392,#130392,#105743,.T.);
#166666=EDGE_CURVE('',#130392,#130217,#35304,.T.);
#166667=EDGE_CURVE('',#130393,#130393,#105744,.T.);
#166668=EDGE_CURVE('',#130393,#130218,#35305,.T.);
#166669=EDGE_CURVE('',#130394,#130394,#105745,.T.);
#166670=EDGE_CURVE('',#130394,#130219,#35306,.T.);
#166671=EDGE_CURVE('',#130395,#130395,#105746,.T.);
#166672=EDGE_CURVE('',#130395,#130220,#35307,.T.);
#166673=EDGE_CURVE('',#130396,#130396,#105747,.T.);
#166674=EDGE_CURVE('',#130396,#130324,#35308,.T.);
#166675=EDGE_CURVE('',#130397,#130397,#105748,.T.);
#166676=EDGE_CURVE('',#130397,#130325,#35309,.T.);
#166677=EDGE_CURVE('',#130398,#130398,#105749,.T.);
#166678=EDGE_CURVE('',#130398,#130326,#35310,.T.);
#166679=EDGE_CURVE('',#130399,#130399,#105750,.T.);
#166680=EDGE_CURVE('',#130399,#130259,#35311,.T.);
#166681=EDGE_CURVE('',#130400,#130400,#105751,.T.);
#166682=EDGE_CURVE('',#130400,#130221,#35312,.T.);
#166683=EDGE_CURVE('',#130401,#130401,#105752,.T.);
#166684=EDGE_CURVE('',#130401,#130355,#35313,.T.);
#166685=EDGE_CURVE('',#130402,#130402,#105753,.T.);
#166686=EDGE_CURVE('',#130402,#130356,#35314,.T.);
#166687=EDGE_CURVE('',#130403,#130403,#105754,.T.);
#166688=EDGE_CURVE('',#130403,#130260,#35315,.T.);
#166689=EDGE_CURVE('',#130404,#130404,#105755,.T.);
#166690=EDGE_CURVE('',#130404,#130357,#35316,.T.);
#166691=EDGE_CURVE('',#130405,#130405,#105756,.T.);
#166692=EDGE_CURVE('',#130405,#130327,#35317,.T.);
#166693=EDGE_CURVE('',#130406,#130406,#105757,.T.);
#166694=EDGE_CURVE('',#130406,#130222,#35318,.T.);
#166695=EDGE_CURVE('',#130407,#130407,#105758,.T.);
#166696=EDGE_CURVE('',#130407,#130291,#35319,.T.);
#166697=EDGE_CURVE('',#130408,#130408,#105759,.T.);
#166698=EDGE_CURVE('',#130408,#130358,#35320,.T.);
#166699=EDGE_CURVE('',#130409,#130409,#105760,.T.);
#166700=EDGE_CURVE('',#130409,#130359,#35321,.T.);
#166701=EDGE_CURVE('',#130410,#130410,#105761,.T.);
#166702=EDGE_CURVE('',#130410,#130328,#35322,.T.);
#166703=EDGE_CURVE('',#130411,#130411,#105762,.T.);
#166704=EDGE_CURVE('',#130411,#130329,#35323,.T.);
#166705=EDGE_CURVE('',#130412,#130412,#105763,.T.);
#166706=EDGE_CURVE('',#130412,#130360,#35324,.T.);
#166707=EDGE_CURVE('',#130413,#130413,#105764,.T.);
#166708=EDGE_CURVE('',#130413,#130292,#35325,.T.);
#166709=EDGE_CURVE('',#130414,#130414,#105765,.T.);
#166710=EDGE_CURVE('',#130414,#130330,#35326,.T.);
#166711=EDGE_CURVE('',#130415,#130415,#105766,.T.);
#166712=EDGE_CURVE('',#130415,#130223,#35327,.T.);
#166713=EDGE_CURVE('',#130416,#130416,#105767,.T.);
#166714=EDGE_CURVE('',#130416,#130261,#35328,.T.);
#166715=EDGE_CURVE('',#130417,#130417,#105768,.T.);
#166716=EDGE_CURVE('',#130417,#130293,#35329,.T.);
#166717=EDGE_CURVE('',#130418,#130418,#105769,.T.);
#166718=EDGE_CURVE('',#130418,#130224,#35330,.T.);
#166719=EDGE_CURVE('',#130419,#130419,#105770,.T.);
#166720=EDGE_CURVE('',#130419,#130294,#35331,.T.);
#166721=EDGE_CURVE('',#130420,#130420,#105771,.T.);
#166722=EDGE_CURVE('',#130420,#130295,#35332,.T.);
#166723=EDGE_CURVE('',#130421,#130421,#105772,.T.);
#166724=EDGE_CURVE('',#130421,#130296,#35333,.T.);
#166725=EDGE_CURVE('',#130422,#130422,#105773,.T.);
#166726=EDGE_CURVE('',#130422,#130262,#35334,.T.);
#166727=EDGE_CURVE('',#130423,#130423,#105774,.T.);
#166728=EDGE_CURVE('',#130423,#130263,#35335,.T.);
#166729=EDGE_CURVE('',#130424,#130424,#105775,.T.);
#166730=EDGE_CURVE('',#130424,#130264,#35336,.T.);
#166731=EDGE_CURVE('',#130425,#130425,#105776,.T.);
#166732=EDGE_CURVE('',#130425,#130331,#35337,.T.);
#166733=EDGE_CURVE('',#130426,#130426,#105777,.T.);
#166734=EDGE_CURVE('',#130426,#130332,#35338,.T.);
#166735=EDGE_CURVE('',#130427,#130427,#105778,.T.);
#166736=EDGE_CURVE('',#130427,#130333,#35339,.T.);
#166737=EDGE_CURVE('',#130428,#130428,#105779,.T.);
#166738=EDGE_CURVE('',#130428,#130361,#35340,.T.);
#166739=EDGE_CURVE('',#130429,#130429,#105780,.T.);
#166740=EDGE_CURVE('',#130429,#130265,#35341,.T.);
#166741=EDGE_CURVE('',#130430,#130430,#105781,.T.);
#166742=EDGE_CURVE('',#130430,#130334,#35342,.T.);
#166743=EDGE_CURVE('',#130431,#130431,#105782,.T.);
#166744=EDGE_CURVE('',#130431,#130362,#35343,.T.);
#166745=EDGE_CURVE('',#130432,#130432,#105783,.T.);
#166746=EDGE_CURVE('',#130432,#130266,#35344,.T.);
#166747=EDGE_CURVE('',#130433,#130433,#105784,.T.);
#166748=EDGE_CURVE('',#130433,#130267,#35345,.T.);
#166749=EDGE_CURVE('',#130434,#130434,#105785,.T.);
#166750=EDGE_CURVE('',#130434,#130363,#35346,.T.);
#166751=EDGE_CURVE('',#130435,#130435,#105786,.T.);
#166752=EDGE_CURVE('',#130435,#130268,#35347,.T.);
#166753=EDGE_CURVE('',#130436,#130436,#105787,.T.);
#166754=EDGE_CURVE('',#130436,#130225,#35348,.T.);
#166755=EDGE_CURVE('',#130437,#130437,#105788,.T.);
#166756=EDGE_CURVE('',#130437,#130269,#35349,.T.);
#166757=EDGE_CURVE('',#130438,#130438,#105789,.T.);
#166758=EDGE_CURVE('',#130438,#130335,#35350,.T.);
#166759=EDGE_CURVE('',#130439,#130439,#105790,.T.);
#166760=EDGE_CURVE('',#130439,#130336,#35351,.T.);
#166761=EDGE_CURVE('',#130440,#130440,#105791,.T.);
#166762=EDGE_CURVE('',#130440,#130270,#35352,.T.);
#166763=EDGE_CURVE('',#130441,#130441,#105792,.T.);
#166764=EDGE_CURVE('',#130441,#130297,#35353,.T.);
#166765=EDGE_CURVE('',#130442,#130442,#105793,.T.);
#166766=EDGE_CURVE('',#130442,#130298,#35354,.T.);
#166767=EDGE_CURVE('',#130443,#130443,#105794,.T.);
#166768=EDGE_CURVE('',#130443,#130226,#35355,.T.);
#166769=EDGE_CURVE('',#130444,#130444,#105795,.T.);
#166770=EDGE_CURVE('',#130444,#130364,#35356,.T.);
#166771=EDGE_CURVE('',#130445,#130445,#105796,.T.);
#166772=EDGE_CURVE('',#130445,#130271,#35357,.T.);
#166773=EDGE_CURVE('',#130446,#130446,#105797,.T.);
#166774=EDGE_CURVE('',#130446,#130272,#35358,.T.);
#166775=EDGE_CURVE('',#130447,#130447,#105798,.T.);
#166776=EDGE_CURVE('',#130447,#130299,#35359,.T.);
#166777=EDGE_CURVE('',#130448,#130448,#105799,.T.);
#166778=EDGE_CURVE('',#130448,#130300,#35360,.T.);
#166779=EDGE_CURVE('',#130449,#130449,#105800,.T.);
#166780=EDGE_CURVE('',#130449,#130365,#35361,.T.);
#166781=EDGE_CURVE('',#130450,#130450,#105801,.T.);
#166782=EDGE_CURVE('',#130450,#130301,#35362,.T.);
#166783=EDGE_CURVE('',#130451,#130451,#105802,.T.);
#166784=EDGE_CURVE('',#130451,#130366,#35363,.T.);
#166785=EDGE_CURVE('',#130452,#130452,#105803,.T.);
#166786=EDGE_CURVE('',#130452,#130302,#35364,.T.);
#166787=EDGE_CURVE('',#130453,#130453,#105804,.T.);
#166788=EDGE_CURVE('',#130453,#130337,#35365,.T.);
#166789=EDGE_CURVE('',#130454,#130454,#105805,.T.);
#166790=EDGE_CURVE('',#130454,#130367,#35366,.T.);
#166791=EDGE_CURVE('',#130455,#130455,#105806,.T.);
#166792=EDGE_CURVE('',#130455,#130303,#35367,.T.);
#166793=EDGE_CURVE('',#130456,#130456,#105807,.T.);
#166794=EDGE_CURVE('',#130456,#130273,#35368,.T.);
#166795=EDGE_CURVE('',#130457,#130457,#105808,.T.);
#166796=EDGE_CURVE('',#130457,#130274,#35369,.T.);
#166797=EDGE_CURVE('',#130458,#130458,#105809,.T.);
#166798=EDGE_CURVE('',#130458,#130304,#35370,.T.);
#166799=EDGE_CURVE('',#130459,#130459,#105810,.T.);
#166800=EDGE_CURVE('',#130459,#130368,#35371,.T.);
#166801=EDGE_CURVE('',#130460,#130460,#105811,.T.);
#166802=EDGE_CURVE('',#130460,#130369,#35372,.T.);
#166803=EDGE_CURVE('',#130461,#130461,#105812,.T.);
#166804=EDGE_CURVE('',#130461,#130305,#35373,.T.);
#166805=EDGE_CURVE('',#130462,#130462,#105813,.T.);
#166806=EDGE_CURVE('',#130462,#130227,#35374,.T.);
#166807=EDGE_CURVE('',#130463,#130463,#105814,.T.);
#166808=EDGE_CURVE('',#130463,#130228,#35375,.T.);
#166809=EDGE_CURVE('',#130464,#130464,#105815,.T.);
#166810=EDGE_CURVE('',#130464,#130229,#35376,.T.);
#166811=EDGE_CURVE('',#130465,#130465,#105816,.T.);
#166812=EDGE_CURVE('',#130465,#130338,#35377,.T.);
#166813=EDGE_CURVE('',#130466,#130466,#105817,.T.);
#166814=EDGE_CURVE('',#130466,#130230,#35378,.T.);
#166815=EDGE_CURVE('',#130467,#130467,#105818,.T.);
#166816=EDGE_CURVE('',#130467,#130231,#35379,.T.);
#166817=EDGE_CURVE('',#130468,#130468,#105819,.T.);
#166818=EDGE_CURVE('',#130468,#130306,#35380,.T.);
#166819=EDGE_CURVE('',#130469,#130469,#105820,.T.);
#166820=EDGE_CURVE('',#130469,#130232,#35381,.T.);
#166821=EDGE_CURVE('',#130470,#130470,#105821,.T.);
#166822=EDGE_CURVE('',#130470,#130307,#35382,.T.);
#166823=EDGE_CURVE('',#130471,#130471,#105822,.T.);
#166824=EDGE_CURVE('',#130471,#130275,#35383,.T.);
#166825=EDGE_CURVE('',#130472,#130472,#105823,.T.);
#166826=EDGE_CURVE('',#130472,#130233,#35384,.T.);
#166827=EDGE_CURVE('',#130473,#130473,#105824,.T.);
#166828=EDGE_CURVE('',#130473,#130234,#35385,.T.);
#166829=EDGE_CURVE('',#130474,#130474,#105825,.T.);
#166830=EDGE_CURVE('',#130474,#130235,#35386,.T.);
#166831=EDGE_CURVE('',#130475,#130475,#105826,.T.);
#166832=EDGE_CURVE('',#130475,#130236,#35387,.T.);
#166833=EDGE_CURVE('',#130476,#130476,#105827,.T.);
#166834=EDGE_CURVE('',#130476,#130237,#35388,.T.);
#166835=EDGE_CURVE('',#130477,#130477,#105828,.T.);
#166836=EDGE_CURVE('',#130477,#130238,#35389,.T.);
#166837=EDGE_CURVE('',#130478,#130478,#105829,.T.);
#166838=EDGE_CURVE('',#130478,#130339,#35390,.T.);
#166839=EDGE_CURVE('',#130479,#130479,#105830,.T.);
#166840=EDGE_CURVE('',#130479,#130276,#35391,.T.);
#166841=EDGE_CURVE('',#130480,#130480,#105831,.T.);
#166842=EDGE_CURVE('',#130480,#130370,#35392,.T.);
#166843=EDGE_CURVE('',#130481,#130481,#105832,.T.);
#166844=EDGE_CURVE('',#130481,#130340,#35393,.T.);
#166845=EDGE_CURVE('',#130482,#130482,#105833,.T.);
#166846=EDGE_CURVE('',#130482,#130308,#35394,.T.);
#166847=EDGE_CURVE('',#130483,#130483,#105834,.T.);
#166848=EDGE_CURVE('',#130483,#130341,#35395,.T.);
#166849=EDGE_CURVE('',#130484,#130484,#105835,.T.);
#166850=EDGE_CURVE('',#130484,#130277,#35396,.T.);
#166851=EDGE_CURVE('',#130485,#130485,#105836,.T.);
#166852=EDGE_CURVE('',#130485,#130309,#35397,.T.);
#166853=EDGE_CURVE('',#130486,#130486,#105837,.T.);
#166854=EDGE_CURVE('',#130486,#130342,#35398,.T.);
#166855=EDGE_CURVE('',#130487,#130487,#105838,.T.);
#166856=EDGE_CURVE('',#130487,#130310,#35399,.T.);
#166857=EDGE_CURVE('',#130488,#130488,#105839,.T.);
#166858=EDGE_CURVE('',#130488,#130278,#35400,.T.);
#166859=EDGE_CURVE('',#130489,#130489,#105840,.T.);
#166860=EDGE_CURVE('',#130489,#130279,#35401,.T.);
#166861=EDGE_CURVE('',#130490,#130490,#105841,.T.);
#166862=EDGE_CURVE('',#130490,#130311,#35402,.T.);
#166863=EDGE_CURVE('',#130491,#130491,#105842,.T.);
#166864=EDGE_CURVE('',#130491,#130239,#35403,.T.);
#166865=EDGE_CURVE('',#130492,#130492,#105843,.T.);
#166866=EDGE_CURVE('',#130492,#130280,#35404,.T.);
#166867=EDGE_CURVE('',#130493,#130493,#105844,.T.);
#166868=EDGE_CURVE('',#130493,#130371,#35405,.T.);
#166869=EDGE_CURVE('',#130494,#130494,#105845,.T.);
#166870=EDGE_CURVE('',#130494,#130240,#35406,.T.);
#166871=EDGE_CURVE('',#130495,#130495,#105846,.T.);
#166872=EDGE_CURVE('',#130495,#130241,#35407,.T.);
#166873=EDGE_CURVE('',#130496,#130496,#105847,.T.);
#166874=EDGE_CURVE('',#130496,#130281,#35408,.T.);
#166875=EDGE_CURVE('',#130497,#130497,#105848,.T.);
#166876=EDGE_CURVE('',#130497,#130282,#35409,.T.);
#166877=EDGE_CURVE('',#130498,#130498,#105849,.T.);
#166878=EDGE_CURVE('',#130498,#130312,#35410,.T.);
#166879=EDGE_CURVE('',#130499,#130499,#105850,.T.);
#166880=EDGE_CURVE('',#130499,#130313,#35411,.T.);
#166881=EDGE_CURVE('',#130500,#130500,#105851,.T.);
#166882=EDGE_CURVE('',#130500,#130314,#35412,.T.);
#166883=EDGE_CURVE('',#130501,#130501,#105852,.T.);
#166884=EDGE_CURVE('',#130501,#130372,#35413,.T.);
#166885=EDGE_CURVE('',#130502,#130502,#105853,.T.);
#166886=EDGE_CURVE('',#130502,#130283,#35414,.T.);
#166887=EDGE_CURVE('',#130503,#130503,#105854,.T.);
#166888=EDGE_CURVE('',#130503,#130343,#35415,.T.);
#166889=EDGE_CURVE('',#130504,#130504,#105855,.T.);
#166890=EDGE_CURVE('',#130504,#130373,#35416,.T.);
#166891=EDGE_CURVE('',#130505,#130505,#105856,.T.);
#166892=EDGE_CURVE('',#130505,#130374,#35417,.T.);
#166893=EDGE_CURVE('',#130506,#130506,#105857,.T.);
#166894=EDGE_CURVE('',#130506,#130375,#35418,.T.);
#166895=EDGE_CURVE('',#130507,#130507,#105858,.T.);
#166896=EDGE_CURVE('',#130507,#130344,#35419,.T.);
#166897=EDGE_CURVE('',#130508,#130508,#105859,.T.);
#166898=EDGE_CURVE('',#130508,#130376,#35420,.T.);
#166899=EDGE_CURVE('',#130509,#130509,#105860,.T.);
#166900=EDGE_CURVE('',#130509,#130377,#35421,.T.);
#166901=EDGE_CURVE('',#130510,#130510,#105861,.T.);
#166902=EDGE_CURVE('',#130510,#130284,#35422,.T.);
#166903=EDGE_CURVE('',#130511,#130511,#105862,.T.);
#166904=EDGE_CURVE('',#130511,#130378,#35423,.T.);
#166905=EDGE_CURVE('',#130512,#130512,#105863,.T.);
#166906=EDGE_CURVE('',#130512,#130285,#35424,.T.);
#166907=EDGE_CURVE('',#130513,#130513,#105864,.T.);
#166908=EDGE_CURVE('',#130513,#130242,#35425,.T.);
#166909=EDGE_CURVE('',#130514,#130514,#105865,.T.);
#166910=EDGE_CURVE('',#130514,#130243,#35426,.T.);
#166911=EDGE_CURVE('',#130515,#130515,#105866,.T.);
#166912=EDGE_CURVE('',#130515,#130244,#35427,.T.);
#166913=EDGE_CURVE('',#130516,#130516,#105867,.T.);
#166914=EDGE_CURVE('',#130516,#130245,#35428,.T.);
#166915=EDGE_CURVE('',#130517,#130517,#105868,.T.);
#166916=EDGE_CURVE('',#130517,#130379,#35429,.T.);
#166917=EDGE_CURVE('',#130518,#130518,#105869,.T.);
#166918=EDGE_CURVE('',#130518,#130380,#35430,.T.);
#166919=EDGE_CURVE('',#130519,#130519,#105870,.T.);
#166920=EDGE_CURVE('',#130519,#130345,#35431,.T.);
#166921=EDGE_CURVE('',#130520,#130520,#105871,.T.);
#166922=EDGE_CURVE('',#130520,#130346,#35432,.T.);
#166923=EDGE_CURVE('',#130521,#130521,#105872,.T.);
#166924=EDGE_CURVE('',#130521,#130246,#35433,.T.);
#166925=EDGE_CURVE('',#130522,#130522,#105873,.T.);
#166926=EDGE_CURVE('',#130522,#130347,#35434,.T.);
#166927=EDGE_CURVE('',#130523,#130523,#105874,.T.);
#166928=EDGE_CURVE('',#130523,#130286,#35435,.T.);
#166929=EDGE_CURVE('',#130524,#130524,#105875,.T.);
#166930=EDGE_CURVE('',#130524,#130348,#35436,.T.);
#166931=EDGE_CURVE('',#130525,#130525,#105876,.T.);
#166932=EDGE_CURVE('',#130525,#130381,#35437,.T.);
#166933=EDGE_CURVE('',#130526,#130526,#105877,.T.);
#166934=EDGE_CURVE('',#130526,#130247,#35438,.T.);
#166935=EDGE_CURVE('',#130527,#130527,#105878,.T.);
#166936=EDGE_CURVE('',#130527,#130315,#35439,.T.);
#166937=EDGE_CURVE('',#130528,#130528,#105879,.T.);
#166938=EDGE_CURVE('',#130528,#130316,#35440,.T.);
#166939=EDGE_CURVE('',#130529,#130529,#105880,.T.);
#166940=EDGE_CURVE('',#130529,#130382,#35441,.T.);
#166941=EDGE_CURVE('',#130530,#130530,#105881,.T.);
#166942=EDGE_CURVE('',#130530,#130383,#35442,.T.);
#166943=EDGE_CURVE('',#130531,#130531,#105882,.T.);
#166944=EDGE_CURVE('',#130531,#130317,#35443,.T.);
#166945=EDGE_CURVE('',#130532,#130532,#105883,.T.);
#166946=EDGE_CURVE('',#130532,#130248,#35444,.T.);
#166947=EDGE_CURVE('',#130533,#130533,#105884,.T.);
#166948=EDGE_CURVE('',#130533,#130349,#35445,.T.);
#166949=EDGE_CURVE('',#130534,#130534,#105885,.T.);
#166950=EDGE_CURVE('',#130534,#130350,#35446,.T.);
#166951=EDGE_CURVE('',#130535,#130535,#105886,.T.);
#166952=EDGE_CURVE('',#130535,#130249,#35447,.T.);
#166953=EDGE_CURVE('',#130536,#130536,#105887,.T.);
#166954=EDGE_CURVE('',#130536,#130384,#35448,.T.);
#166955=EDGE_CURVE('',#130537,#130537,#105888,.T.);
#166956=EDGE_CURVE('',#130537,#130351,#35449,.T.);
#166957=EDGE_CURVE('',#130538,#130538,#105889,.T.);
#166958=EDGE_CURVE('',#130538,#130318,#35450,.T.);
#166959=EDGE_CURVE('',#130539,#130539,#105890,.T.);
#166960=EDGE_CURVE('',#130539,#130287,#35451,.T.);
#166961=EDGE_CURVE('',#130540,#130540,#105891,.T.);
#166962=EDGE_CURVE('',#130540,#130288,#35452,.T.);
#166963=EDGE_CURVE('',#130541,#130541,#105892,.T.);
#166964=EDGE_CURVE('',#130541,#130250,#35453,.T.);
#166965=EDGE_CURVE('',#130542,#130542,#105893,.T.);
#166966=EDGE_CURVE('',#130542,#130251,#35454,.T.);
#166967=EDGE_CURVE('',#130543,#130543,#105894,.T.);
#166968=EDGE_CURVE('',#130543,#130252,#35455,.T.);
#166969=EDGE_CURVE('',#130544,#130544,#105895,.T.);
#166970=EDGE_CURVE('',#130544,#130253,#35456,.T.);
#166971=EDGE_CURVE('',#130545,#130545,#105896,.T.);
#166972=EDGE_CURVE('',#130545,#130254,#35457,.T.);
#166973=EDGE_CURVE('',#130546,#130546,#105897,.T.);
#166974=EDGE_CURVE('',#130546,#130255,#35458,.T.);
#166975=EDGE_CURVE('',#130547,#130547,#105898,.T.);
#166976=EDGE_CURVE('',#130547,#130256,#35459,.T.);
#166977=EDGE_CURVE('',#130548,#130548,#105899,.T.);
#166978=EDGE_CURVE('',#130548,#130352,#35460,.T.);
#166979=EDGE_CURVE('',#130549,#130549,#105900,.T.);
#166980=EDGE_CURVE('',#130549,#130319,#35461,.T.);
#166981=EDGE_CURVE('',#130550,#130550,#105901,.T.);
#166982=EDGE_CURVE('',#130550,#130320,#35462,.T.);
#166983=EDGE_CURVE('',#130551,#130552,#35463,.T.);
#166984=EDGE_CURVE('',#130552,#130023,#35464,.T.);
#166985=EDGE_CURVE('',#130551,#130026,#35465,.T.);
#166986=EDGE_CURVE('',#130553,#130551,#35466,.T.);
#166987=EDGE_CURVE('',#130553,#130025,#35467,.T.);
#166988=EDGE_CURVE('',#130554,#130553,#35468,.T.);
#166989=EDGE_CURVE('',#130554,#130024,#35469,.T.);
#166990=EDGE_CURVE('',#130552,#130554,#35470,.T.);
#166991=EDGE_CURVE('',#130104,#130555,#35471,.T.);
#166992=EDGE_CURVE('',#130555,#130555,#105902,.F.);
#236096=ORIENTED_EDGE('',*,*,#166149,.T.);
#236097=ORIENTED_EDGE('',*,*,#166150,.T.);
#236098=ORIENTED_EDGE('',*,*,#166151,.F.);
#236099=ORIENTED_EDGE('',*,*,#166152,.F.);
#236100=ORIENTED_EDGE('',*,*,#166153,.F.);
#236101=ORIENTED_EDGE('',*,*,#166150,.F.);
#236102=ORIENTED_EDGE('',*,*,#166154,.T.);
#236103=ORIENTED_EDGE('',*,*,#166155,.T.);
#236104=ORIENTED_EDGE('',*,*,#166156,.F.);
#236105=ORIENTED_EDGE('',*,*,#166155,.F.);
#236106=ORIENTED_EDGE('',*,*,#166157,.T.);
#236107=ORIENTED_EDGE('',*,*,#166158,.T.);
#236108=ORIENTED_EDGE('',*,*,#166159,.T.);
#236109=ORIENTED_EDGE('',*,*,#166158,.F.);
#236110=ORIENTED_EDGE('',*,*,#166160,.T.);
#236111=ORIENTED_EDGE('',*,*,#166152,.T.);
#236112=ORIENTED_EDGE('',*,*,#166149,.F.);
#236113=ORIENTED_EDGE('',*,*,#166160,.F.);
#236114=ORIENTED_EDGE('',*,*,#166157,.F.);
#236115=ORIENTED_EDGE('',*,*,#166154,.F.);
#236116=ORIENTED_EDGE('',*,*,#166161,.T.);
#236117=ORIENTED_EDGE('',*,*,#166162,.T.);
#236118=ORIENTED_EDGE('',*,*,#166163,.T.);
#236119=ORIENTED_EDGE('',*,*,#166164,.T.);
#236120=ORIENTED_EDGE('',*,*,#166165,.T.);
#236121=ORIENTED_EDGE('',*,*,#166166,.T.);
#236122=ORIENTED_EDGE('',*,*,#166167,.F.);
#236123=ORIENTED_EDGE('',*,*,#166168,.F.);
#236124=ORIENTED_EDGE('',*,*,#166169,.F.);
#236125=ORIENTED_EDGE('',*,*,#166163,.F.);
#236126=ORIENTED_EDGE('',*,*,#166170,.F.);
#236127=ORIENTED_EDGE('',*,*,#166171,.F.);
#236128=ORIENTED_EDGE('',*,*,#166172,.T.);
#236129=ORIENTED_EDGE('',*,*,#166165,.F.);
#236130=ORIENTED_EDGE('',*,*,#166173,.F.);
#236131=ORIENTED_EDGE('',*,*,#166166,.F.);
#236132=ORIENTED_EDGE('',*,*,#166162,.F.);
#236133=ORIENTED_EDGE('',*,*,#166172,.F.);
#236134=ORIENTED_EDGE('',*,*,#166174,.F.);
#236135=ORIENTED_EDGE('',*,*,#166175,.T.);
#236136=ORIENTED_EDGE('',*,*,#166176,.T.);
#236137=ORIENTED_EDGE('',*,*,#166177,.T.);
#236138=ORIENTED_EDGE('',*,*,#166178,.T.);
#236139=ORIENTED_EDGE('',*,*,#166167,.T.);
#236140=ORIENTED_EDGE('',*,*,#166174,.T.);
#236141=ORIENTED_EDGE('',*,*,#166171,.T.);
#236142=ORIENTED_EDGE('',*,*,#166179,.F.);
#236143=ORIENTED_EDGE('',*,*,#166169,.T.);
#236144=ORIENTED_EDGE('',*,*,#166180,.T.);
#236145=ORIENTED_EDGE('',*,*,#166173,.T.);
#236146=ORIENTED_EDGE('',*,*,#166164,.F.);
#236147=ORIENTED_EDGE('',*,*,#166181,.T.);
#236148=ORIENTED_EDGE('',*,*,#166182,.T.);
#236149=ORIENTED_EDGE('',*,*,#166183,.T.);
#236150=ORIENTED_EDGE('',*,*,#166184,.T.);
#236151=ORIENTED_EDGE('',*,*,#166182,.F.);
#236152=ORIENTED_EDGE('',*,*,#166185,.T.);
#236153=ORIENTED_EDGE('',*,*,#166186,.F.);
#236154=ORIENTED_EDGE('',*,*,#166187,.F.);
#236155=ORIENTED_EDGE('',*,*,#166188,.T.);
#236156=ORIENTED_EDGE('',*,*,#166189,.T.);
#236157=ORIENTED_EDGE('',*,*,#166190,.T.);
#236158=ORIENTED_EDGE('',*,*,#166186,.T.);
#236159=ORIENTED_EDGE('',*,*,#166189,.F.);
#236160=ORIENTED_EDGE('',*,*,#166191,.T.);
#236161=ORIENTED_EDGE('',*,*,#166192,.F.);
#236162=ORIENTED_EDGE('',*,*,#166193,.F.);
#236163=ORIENTED_EDGE('',*,*,#166194,.T.);
#236164=ORIENTED_EDGE('',*,*,#166192,.T.);
#236165=ORIENTED_EDGE('',*,*,#166195,.T.);
#236166=ORIENTED_EDGE('',*,*,#166196,.T.);
#236167=ORIENTED_EDGE('',*,*,#166197,.T.);
#236168=ORIENTED_EDGE('',*,*,#166198,.T.);
#236169=ORIENTED_EDGE('',*,*,#166199,.T.);
#236170=ORIENTED_EDGE('',*,*,#166200,.T.);
#236171=ORIENTED_EDGE('',*,*,#166184,.F.);
#236172=ORIENTED_EDGE('',*,*,#166201,.F.);
#236173=ORIENTED_EDGE('',*,*,#166198,.F.);
#236174=ORIENTED_EDGE('',*,*,#166202,.T.);
#236175=ORIENTED_EDGE('',*,*,#166203,.T.);
#236176=ORIENTED_EDGE('',*,*,#166204,.T.);
#236177=ORIENTED_EDGE('',*,*,#166205,.T.);
#236178=ORIENTED_EDGE('',*,*,#166206,.T.);
#236179=ORIENTED_EDGE('',*,*,#166207,.T.);
#236180=ORIENTED_EDGE('',*,*,#166208,.T.);
#236181=ORIENTED_EDGE('',*,*,#166203,.F.);
#236182=ORIENTED_EDGE('',*,*,#166209,.T.);
#236183=ORIENTED_EDGE('',*,*,#166210,.T.);
#236184=ORIENTED_EDGE('',*,*,#166211,.T.);
#236185=ORIENTED_EDGE('',*,*,#166207,.F.);
#236186=ORIENTED_EDGE('',*,*,#166212,.T.);
#236187=ORIENTED_EDGE('',*,*,#166213,.T.);
#236188=ORIENTED_EDGE('',*,*,#166214,.T.);
#236189=ORIENTED_EDGE('',*,*,#166210,.F.);
#236190=ORIENTED_EDGE('',*,*,#166215,.T.);
#236191=ORIENTED_EDGE('',*,*,#166216,.T.);
#236192=ORIENTED_EDGE('',*,*,#166217,.T.);
#236193=ORIENTED_EDGE('',*,*,#166213,.F.);
#236194=ORIENTED_EDGE('',*,*,#166218,.T.);
#236195=ORIENTED_EDGE('',*,*,#166219,.T.);
#236196=ORIENTED_EDGE('',*,*,#166220,.T.);
#236197=ORIENTED_EDGE('',*,*,#166216,.F.);
#236198=ORIENTED_EDGE('',*,*,#166221,.T.);
#236199=ORIENTED_EDGE('',*,*,#166222,.T.);
#236200=ORIENTED_EDGE('',*,*,#166223,.T.);
#236201=ORIENTED_EDGE('',*,*,#166219,.F.);
#236202=ORIENTED_EDGE('',*,*,#166224,.T.);
#236203=ORIENTED_EDGE('',*,*,#166225,.T.);
#236204=ORIENTED_EDGE('',*,*,#166226,.T.);
#236205=ORIENTED_EDGE('',*,*,#166222,.F.);
#236206=ORIENTED_EDGE('',*,*,#166227,.T.);
#236207=ORIENTED_EDGE('',*,*,#166228,.T.);
#236208=ORIENTED_EDGE('',*,*,#166229,.T.);
#236209=ORIENTED_EDGE('',*,*,#166225,.F.);
#236210=ORIENTED_EDGE('',*,*,#166230,.T.);
#236211=ORIENTED_EDGE('',*,*,#166231,.T.);
#236212=ORIENTED_EDGE('',*,*,#166232,.T.);
#236213=ORIENTED_EDGE('',*,*,#166228,.F.);
#236214=ORIENTED_EDGE('',*,*,#166233,.T.);
#236215=ORIENTED_EDGE('',*,*,#166234,.T.);
#236216=ORIENTED_EDGE('',*,*,#166235,.T.);
#236217=ORIENTED_EDGE('',*,*,#166231,.F.);
#236218=ORIENTED_EDGE('',*,*,#166236,.T.);
#236219=ORIENTED_EDGE('',*,*,#166237,.T.);
#236220=ORIENTED_EDGE('',*,*,#166238,.T.);
#236221=ORIENTED_EDGE('',*,*,#166234,.F.);
#236222=ORIENTED_EDGE('',*,*,#166239,.T.);
#236223=ORIENTED_EDGE('',*,*,#166240,.T.);
#236224=ORIENTED_EDGE('',*,*,#166241,.T.);
#236225=ORIENTED_EDGE('',*,*,#166237,.F.);
#236226=ORIENTED_EDGE('',*,*,#166242,.T.);
#236227=ORIENTED_EDGE('',*,*,#166243,.T.);
#236228=ORIENTED_EDGE('',*,*,#166244,.T.);
#236229=ORIENTED_EDGE('',*,*,#166240,.F.);
#236230=ORIENTED_EDGE('',*,*,#166245,.T.);
#236231=ORIENTED_EDGE('',*,*,#166246,.T.);
#236232=ORIENTED_EDGE('',*,*,#166247,.T.);
#236233=ORIENTED_EDGE('',*,*,#166243,.F.);
#236234=ORIENTED_EDGE('',*,*,#166248,.T.);
#236235=ORIENTED_EDGE('',*,*,#166205,.F.);
#236236=ORIENTED_EDGE('',*,*,#166249,.T.);
#236237=ORIENTED_EDGE('',*,*,#166246,.F.);
#236238=ORIENTED_EDGE('',*,*,#166250,.T.);
#236239=ORIENTED_EDGE('',*,*,#166227,.F.);
#236240=ORIENTED_EDGE('',*,*,#166251,.F.);
#236241=ORIENTED_EDGE('',*,*,#166252,.T.);
#236242=ORIENTED_EDGE('',*,*,#166253,.T.);
#236243=ORIENTED_EDGE('',*,*,#166224,.F.);
#236244=ORIENTED_EDGE('',*,*,#166254,.F.);
#236245=ORIENTED_EDGE('',*,*,#166255,.T.);
#236246=ORIENTED_EDGE('',*,*,#166251,.T.);
#236247=ORIENTED_EDGE('',*,*,#166221,.F.);
#236248=ORIENTED_EDGE('',*,*,#166256,.T.);
#236249=ORIENTED_EDGE('',*,*,#166257,.T.);
#236250=ORIENTED_EDGE('',*,*,#166254,.T.);
#236251=ORIENTED_EDGE('',*,*,#166218,.F.);
#236252=ORIENTED_EDGE('',*,*,#166258,.T.);
#236253=ORIENTED_EDGE('',*,*,#166259,.T.);
#236254=ORIENTED_EDGE('',*,*,#166256,.F.);
#236255=ORIENTED_EDGE('',*,*,#166215,.F.);
#236256=ORIENTED_EDGE('',*,*,#166260,.T.);
#236257=ORIENTED_EDGE('',*,*,#166261,.T.);
#236258=ORIENTED_EDGE('',*,*,#166258,.F.);
#236259=ORIENTED_EDGE('',*,*,#166212,.F.);
#236260=ORIENTED_EDGE('',*,*,#166262,.T.);
#236261=ORIENTED_EDGE('',*,*,#166263,.T.);
#236262=ORIENTED_EDGE('',*,*,#166260,.F.);
#236263=ORIENTED_EDGE('',*,*,#166209,.F.);
#236264=ORIENTED_EDGE('',*,*,#166264,.T.);
#236265=ORIENTED_EDGE('',*,*,#166265,.T.);
#236266=ORIENTED_EDGE('',*,*,#166262,.F.);
#236267=ORIENTED_EDGE('',*,*,#166206,.F.);
#236268=ORIENTED_EDGE('',*,*,#166266,.T.);
#236269=ORIENTED_EDGE('',*,*,#166267,.T.);
#236270=ORIENTED_EDGE('',*,*,#166264,.F.);
#236271=ORIENTED_EDGE('',*,*,#166232,.F.);
#236272=ORIENTED_EDGE('',*,*,#166268,.F.);
#236273=ORIENTED_EDGE('',*,*,#166269,.T.);
#236274=ORIENTED_EDGE('',*,*,#166270,.F.);
#236275=ORIENTED_EDGE('',*,*,#166235,.F.);
#236276=ORIENTED_EDGE('',*,*,#166238,.F.);
#236277=ORIENTED_EDGE('',*,*,#166241,.F.);
#236278=ORIENTED_EDGE('',*,*,#166271,.T.);
#236279=ORIENTED_EDGE('',*,*,#166272,.F.);
#236280=ORIENTED_EDGE('',*,*,#166268,.T.);
#236281=ORIENTED_EDGE('',*,*,#166244,.F.);
#236282=ORIENTED_EDGE('',*,*,#166273,.F.);
#236283=ORIENTED_EDGE('',*,*,#166274,.F.);
#236284=ORIENTED_EDGE('',*,*,#166271,.F.);
#236285=ORIENTED_EDGE('',*,*,#166247,.F.);
#236286=ORIENTED_EDGE('',*,*,#166249,.F.);
#236287=ORIENTED_EDGE('',*,*,#166204,.F.);
#236288=ORIENTED_EDGE('',*,*,#166275,.T.);
#236289=ORIENTED_EDGE('',*,*,#166276,.F.);
#236290=ORIENTED_EDGE('',*,*,#166273,.T.);
#236291=ORIENTED_EDGE('',*,*,#166230,.F.);
#236292=ORIENTED_EDGE('',*,*,#166253,.F.);
#236293=ORIENTED_EDGE('',*,*,#166277,.T.);
#236294=ORIENTED_EDGE('',*,*,#166278,.T.);
#236295=ORIENTED_EDGE('',*,*,#166233,.F.);
#236296=ORIENTED_EDGE('',*,*,#166278,.F.);
#236297=ORIENTED_EDGE('',*,*,#166279,.T.);
#236298=ORIENTED_EDGE('',*,*,#166280,.T.);
#236299=ORIENTED_EDGE('',*,*,#166236,.F.);
#236300=ORIENTED_EDGE('',*,*,#166280,.F.);
#236301=ORIENTED_EDGE('',*,*,#166281,.T.);
#236302=ORIENTED_EDGE('',*,*,#166282,.T.);
#236303=ORIENTED_EDGE('',*,*,#166250,.F.);
#236304=ORIENTED_EDGE('',*,*,#166283,.T.);
#236305=ORIENTED_EDGE('',*,*,#166284,.T.);
#236306=ORIENTED_EDGE('',*,*,#166266,.F.);
#236307=ORIENTED_EDGE('',*,*,#166239,.F.);
#236308=ORIENTED_EDGE('',*,*,#166282,.F.);
#236309=ORIENTED_EDGE('',*,*,#166285,.T.);
#236310=ORIENTED_EDGE('',*,*,#166286,.T.);
#236311=ORIENTED_EDGE('',*,*,#166248,.F.);
#236312=ORIENTED_EDGE('',*,*,#166287,.T.);
#236313=ORIENTED_EDGE('',*,*,#166288,.T.);
#236314=ORIENTED_EDGE('',*,*,#166283,.F.);
#236315=ORIENTED_EDGE('',*,*,#166242,.F.);
#236316=ORIENTED_EDGE('',*,*,#166286,.F.);
#236317=ORIENTED_EDGE('',*,*,#166289,.T.);
#236318=ORIENTED_EDGE('',*,*,#166290,.T.);
#236319=ORIENTED_EDGE('',*,*,#166245,.F.);
#236320=ORIENTED_EDGE('',*,*,#166290,.F.);
#236321=ORIENTED_EDGE('',*,*,#166291,.T.);
#236322=ORIENTED_EDGE('',*,*,#166287,.F.);
#236323=ORIENTED_EDGE('',*,*,#166285,.F.);
#236324=ORIENTED_EDGE('',*,*,#166292,.T.);
#236325=ORIENTED_EDGE('',*,*,#166293,.T.);
#236326=ORIENTED_EDGE('',*,*,#166294,.T.);
#236327=ORIENTED_EDGE('',*,*,#166281,.F.);
#236328=ORIENTED_EDGE('',*,*,#166279,.F.);
#236329=ORIENTED_EDGE('',*,*,#166277,.F.);
#236330=ORIENTED_EDGE('',*,*,#166295,.F.);
#236331=ORIENTED_EDGE('',*,*,#166296,.T.);
#236332=ORIENTED_EDGE('',*,*,#166292,.F.);
#236333=ORIENTED_EDGE('',*,*,#166252,.F.);
#236334=ORIENTED_EDGE('',*,*,#166297,.T.);
#236335=ORIENTED_EDGE('',*,*,#166298,.T.);
#236336=ORIENTED_EDGE('',*,*,#166295,.T.);
#236337=ORIENTED_EDGE('',*,*,#166255,.F.);
#236338=ORIENTED_EDGE('',*,*,#166257,.F.);
#236339=ORIENTED_EDGE('',*,*,#166259,.F.);
#236340=ORIENTED_EDGE('',*,*,#166299,.F.);
#236341=ORIENTED_EDGE('',*,*,#166300,.T.);
#236342=ORIENTED_EDGE('',*,*,#166297,.F.);
#236343=ORIENTED_EDGE('',*,*,#166217,.F.);
#236344=ORIENTED_EDGE('',*,*,#166301,.T.);
#236345=ORIENTED_EDGE('',*,*,#166302,.F.);
#236346=ORIENTED_EDGE('',*,*,#166303,.T.);
#236347=ORIENTED_EDGE('',*,*,#166211,.F.);
#236348=ORIENTED_EDGE('',*,*,#166214,.F.);
#236349=ORIENTED_EDGE('',*,*,#166302,.T.);
#236350=ORIENTED_EDGE('',*,*,#166304,.T.);
#236351=ORIENTED_EDGE('',*,*,#166305,.T.);
#236352=ORIENTED_EDGE('',*,*,#166269,.F.);
#236353=ORIENTED_EDGE('',*,*,#166272,.T.);
#236354=ORIENTED_EDGE('',*,*,#166274,.T.);
#236355=ORIENTED_EDGE('',*,*,#166276,.T.);
#236356=ORIENTED_EDGE('',*,*,#166306,.F.);
#236357=ORIENTED_EDGE('',*,*,#166168,.T.);
#236358=ORIENTED_EDGE('',*,*,#166179,.T.);
#236359=ORIENTED_EDGE('',*,*,#166170,.T.);
#236360=ORIENTED_EDGE('',*,*,#166180,.F.);
#236361=ORIENTED_EDGE('',*,*,#166307,.T.);
#236362=ORIENTED_EDGE('',*,*,#166199,.F.);
#236363=ORIENTED_EDGE('',*,*,#166201,.T.);
#236364=ORIENTED_EDGE('',*,*,#166183,.F.);
#236365=ORIENTED_EDGE('',*,*,#166187,.T.);
#236366=ORIENTED_EDGE('',*,*,#166190,.F.);
#236367=ORIENTED_EDGE('',*,*,#166193,.T.);
#236368=ORIENTED_EDGE('',*,*,#166194,.F.);
#236369=ORIENTED_EDGE('',*,*,#166159,.F.);
#236370=ORIENTED_EDGE('',*,*,#166151,.T.);
#236371=ORIENTED_EDGE('',*,*,#166153,.T.);
#236372=ORIENTED_EDGE('',*,*,#166156,.T.);
#236373=ORIENTED_EDGE('',*,*,#166308,.T.);
#236374=ORIENTED_EDGE('',*,*,#166309,.T.);
#236375=ORIENTED_EDGE('',*,*,#166310,.T.);
#236376=ORIENTED_EDGE('',*,*,#166311,.T.);
#236377=ORIENTED_EDGE('',*,*,#166312,.T.);
#236378=ORIENTED_EDGE('',*,*,#166313,.T.);
#236379=ORIENTED_EDGE('',*,*,#166314,.T.);
#236380=ORIENTED_EDGE('',*,*,#166315,.T.);
#236381=ORIENTED_EDGE('',*,*,#166316,.T.);
#236382=ORIENTED_EDGE('',*,*,#166317,.T.);
#236383=ORIENTED_EDGE('',*,*,#166318,.T.);
#236384=ORIENTED_EDGE('',*,*,#166319,.T.);
#236385=ORIENTED_EDGE('',*,*,#166320,.T.);
#236386=ORIENTED_EDGE('',*,*,#166321,.T.);
#236387=ORIENTED_EDGE('',*,*,#166322,.T.);
#236388=ORIENTED_EDGE('',*,*,#166323,.T.);
#236389=ORIENTED_EDGE('',*,*,#166324,.T.);
#236390=ORIENTED_EDGE('',*,*,#166325,.T.);
#236391=ORIENTED_EDGE('',*,*,#166326,.T.);
#236392=ORIENTED_EDGE('',*,*,#166327,.T.);
#236393=ORIENTED_EDGE('',*,*,#166328,.T.);
#236394=ORIENTED_EDGE('',*,*,#166329,.T.);
#236395=ORIENTED_EDGE('',*,*,#166330,.T.);
#236396=ORIENTED_EDGE('',*,*,#166331,.T.);
#236397=ORIENTED_EDGE('',*,*,#166332,.T.);
#236398=ORIENTED_EDGE('',*,*,#166333,.T.);
#236399=ORIENTED_EDGE('',*,*,#166334,.T.);
#236400=ORIENTED_EDGE('',*,*,#166335,.T.);
#236401=ORIENTED_EDGE('',*,*,#166336,.T.);
#236402=ORIENTED_EDGE('',*,*,#166220,.F.);
#236403=ORIENTED_EDGE('',*,*,#166337,.F.);
#236404=ORIENTED_EDGE('',*,*,#166304,.F.);
#236405=ORIENTED_EDGE('',*,*,#166301,.F.);
#236406=ORIENTED_EDGE('',*,*,#166229,.F.);
#236407=ORIENTED_EDGE('',*,*,#166270,.T.);
#236408=ORIENTED_EDGE('',*,*,#166305,.F.);
#236409=ORIENTED_EDGE('',*,*,#166337,.T.);
#236410=ORIENTED_EDGE('',*,*,#166223,.F.);
#236411=ORIENTED_EDGE('',*,*,#166226,.F.);
#236412=ORIENTED_EDGE('',*,*,#166208,.F.);
#236413=ORIENTED_EDGE('',*,*,#166303,.F.);
#236414=ORIENTED_EDGE('',*,*,#166306,.T.);
#236415=ORIENTED_EDGE('',*,*,#166275,.F.);
#236416=ORIENTED_EDGE('',*,*,#166261,.F.);
#236417=ORIENTED_EDGE('',*,*,#166338,.T.);
#236418=ORIENTED_EDGE('',*,*,#166339,.T.);
#236419=ORIENTED_EDGE('',*,*,#166299,.T.);
#236420=ORIENTED_EDGE('',*,*,#166267,.F.);
#236421=ORIENTED_EDGE('',*,*,#166340,.F.);
#236422=ORIENTED_EDGE('',*,*,#166341,.T.);
#236423=ORIENTED_EDGE('',*,*,#166338,.F.);
#236424=ORIENTED_EDGE('',*,*,#166263,.F.);
#236425=ORIENTED_EDGE('',*,*,#166265,.F.);
#236426=ORIENTED_EDGE('',*,*,#166284,.F.);
#236427=ORIENTED_EDGE('',*,*,#166342,.T.);
#236428=ORIENTED_EDGE('',*,*,#166343,.T.);
#236429=ORIENTED_EDGE('',*,*,#166340,.T.);
#236430=ORIENTED_EDGE('',*,*,#166289,.F.);
#236431=ORIENTED_EDGE('',*,*,#166294,.F.);
#236432=ORIENTED_EDGE('',*,*,#166344,.T.);
#236433=ORIENTED_EDGE('',*,*,#166342,.F.);
#236434=ORIENTED_EDGE('',*,*,#166288,.F.);
#236435=ORIENTED_EDGE('',*,*,#166291,.F.);
#236436=ORIENTED_EDGE('',*,*,#166345,.F.);
#236437=ORIENTED_EDGE('',*,*,#166346,.F.);
#236438=ORIENTED_EDGE('',*,*,#166347,.F.);
#236439=ORIENTED_EDGE('',*,*,#166348,.F.);
#236440=ORIENTED_EDGE('',*,*,#166349,.F.);
#236441=ORIENTED_EDGE('',*,*,#166350,.F.);
#236442=ORIENTED_EDGE('',*,*,#166351,.F.);
#236443=ORIENTED_EDGE('',*,*,#166352,.F.);
#236444=ORIENTED_EDGE('',*,*,#166351,.T.);
#236445=ORIENTED_EDGE('',*,*,#166353,.F.);
#236446=ORIENTED_EDGE('',*,*,#166354,.F.);
#236447=ORIENTED_EDGE('',*,*,#166355,.T.);
#236448=ORIENTED_EDGE('',*,*,#166350,.T.);
#236449=ORIENTED_EDGE('',*,*,#166356,.T.);
#236450=ORIENTED_EDGE('',*,*,#166357,.F.);
#236451=ORIENTED_EDGE('',*,*,#166353,.T.);
#236452=ORIENTED_EDGE('',*,*,#166347,.T.);
#236453=ORIENTED_EDGE('',*,*,#166358,.F.);
#236454=ORIENTED_EDGE('',*,*,#166328,.F.);
#236455=ORIENTED_EDGE('',*,*,#166359,.T.);
#236456=ORIENTED_EDGE('',*,*,#166346,.T.);
#236457=ORIENTED_EDGE('',*,*,#166360,.T.);
#236458=ORIENTED_EDGE('',*,*,#166329,.F.);
#236459=ORIENTED_EDGE('',*,*,#166358,.T.);
#236460=ORIENTED_EDGE('',*,*,#166361,.F.);
#236461=ORIENTED_EDGE('',*,*,#166362,.F.);
#236462=ORIENTED_EDGE('',*,*,#166363,.F.);
#236463=ORIENTED_EDGE('',*,*,#166364,.F.);
#236464=ORIENTED_EDGE('',*,*,#166365,.F.);
#236465=ORIENTED_EDGE('',*,*,#166366,.F.);
#236466=ORIENTED_EDGE('',*,*,#166367,.F.);
#236467=ORIENTED_EDGE('',*,*,#166368,.F.);
#236468=ORIENTED_EDGE('',*,*,#166369,.F.);
#236469=ORIENTED_EDGE('',*,*,#166370,.F.);
#236470=ORIENTED_EDGE('',*,*,#166371,.F.);
#236471=ORIENTED_EDGE('',*,*,#166372,.F.);
#236472=ORIENTED_EDGE('',*,*,#166370,.T.);
#236473=ORIENTED_EDGE('',*,*,#166373,.F.);
#236474=ORIENTED_EDGE('',*,*,#166374,.F.);
#236475=ORIENTED_EDGE('',*,*,#166375,.T.);
#236476=ORIENTED_EDGE('',*,*,#166369,.T.);
#236477=ORIENTED_EDGE('',*,*,#166376,.F.);
#236478=ORIENTED_EDGE('',*,*,#166377,.F.);
#236479=ORIENTED_EDGE('',*,*,#166373,.T.);
#236480=ORIENTED_EDGE('',*,*,#166368,.T.);
#236481=ORIENTED_EDGE('',*,*,#166378,.T.);
#236482=ORIENTED_EDGE('',*,*,#166379,.F.);
#236483=ORIENTED_EDGE('',*,*,#166376,.T.);
#236484=ORIENTED_EDGE('',*,*,#166364,.T.);
#236485=ORIENTED_EDGE('',*,*,#166380,.F.);
#236486=ORIENTED_EDGE('',*,*,#166315,.F.);
#236487=ORIENTED_EDGE('',*,*,#166381,.T.);
#236488=ORIENTED_EDGE('',*,*,#166363,.T.);
#236489=ORIENTED_EDGE('',*,*,#166382,.F.);
#236490=ORIENTED_EDGE('',*,*,#166316,.F.);
#236491=ORIENTED_EDGE('',*,*,#166380,.T.);
#236492=ORIENTED_EDGE('',*,*,#166362,.T.);
#236493=ORIENTED_EDGE('',*,*,#166383,.T.);
#236494=ORIENTED_EDGE('',*,*,#166317,.F.);
#236495=ORIENTED_EDGE('',*,*,#166382,.T.);
#236496=ORIENTED_EDGE('',*,*,#166384,.F.);
#236497=ORIENTED_EDGE('',*,*,#166385,.F.);
#236498=ORIENTED_EDGE('',*,*,#166386,.F.);
#236499=ORIENTED_EDGE('',*,*,#166387,.F.);
#236500=ORIENTED_EDGE('',*,*,#166388,.F.);
#236501=ORIENTED_EDGE('',*,*,#166389,.F.);
#236502=ORIENTED_EDGE('',*,*,#166390,.F.);
#236503=ORIENTED_EDGE('',*,*,#166391,.F.);
#236504=ORIENTED_EDGE('',*,*,#166392,.F.);
#236505=ORIENTED_EDGE('',*,*,#166393,.F.);
#236506=ORIENTED_EDGE('',*,*,#166394,.F.);
#236507=ORIENTED_EDGE('',*,*,#166395,.F.);
#236508=ORIENTED_EDGE('',*,*,#166393,.T.);
#236509=ORIENTED_EDGE('',*,*,#166396,.F.);
#236510=ORIENTED_EDGE('',*,*,#166397,.F.);
#236511=ORIENTED_EDGE('',*,*,#166398,.T.);
#236512=ORIENTED_EDGE('',*,*,#166392,.T.);
#236513=ORIENTED_EDGE('',*,*,#166399,.F.);
#236514=ORIENTED_EDGE('',*,*,#166400,.F.);
#236515=ORIENTED_EDGE('',*,*,#166396,.T.);
#236516=ORIENTED_EDGE('',*,*,#166391,.T.);
#236517=ORIENTED_EDGE('',*,*,#166401,.T.);
#236518=ORIENTED_EDGE('',*,*,#166402,.F.);
#236519=ORIENTED_EDGE('',*,*,#166399,.T.);
#236520=ORIENTED_EDGE('',*,*,#166387,.T.);
#236521=ORIENTED_EDGE('',*,*,#166403,.F.);
#236522=ORIENTED_EDGE('',*,*,#166321,.F.);
#236523=ORIENTED_EDGE('',*,*,#166404,.T.);
#236524=ORIENTED_EDGE('',*,*,#166386,.T.);
#236525=ORIENTED_EDGE('',*,*,#166405,.F.);
#236526=ORIENTED_EDGE('',*,*,#166322,.F.);
#236527=ORIENTED_EDGE('',*,*,#166403,.T.);
#236528=ORIENTED_EDGE('',*,*,#166385,.T.);
#236529=ORIENTED_EDGE('',*,*,#166406,.T.);
#236530=ORIENTED_EDGE('',*,*,#166323,.F.);
#236531=ORIENTED_EDGE('',*,*,#166405,.T.);
#236532=ORIENTED_EDGE('',*,*,#166407,.F.);
#236533=ORIENTED_EDGE('',*,*,#166408,.F.);
#236534=ORIENTED_EDGE('',*,*,#166409,.F.);
#236535=ORIENTED_EDGE('',*,*,#166410,.F.);
#236536=ORIENTED_EDGE('',*,*,#166411,.F.);
#236537=ORIENTED_EDGE('',*,*,#166412,.F.);
#236538=ORIENTED_EDGE('',*,*,#166413,.F.);
#236539=ORIENTED_EDGE('',*,*,#166414,.F.);
#236540=ORIENTED_EDGE('',*,*,#166415,.F.);
#236541=ORIENTED_EDGE('',*,*,#166416,.F.);
#236542=ORIENTED_EDGE('',*,*,#166417,.F.);
#236543=ORIENTED_EDGE('',*,*,#166418,.F.);
#236544=ORIENTED_EDGE('',*,*,#166416,.T.);
#236545=ORIENTED_EDGE('',*,*,#166419,.F.);
#236546=ORIENTED_EDGE('',*,*,#166420,.F.);
#236547=ORIENTED_EDGE('',*,*,#166421,.T.);
#236548=ORIENTED_EDGE('',*,*,#166415,.T.);
#236549=ORIENTED_EDGE('',*,*,#166422,.F.);
#236550=ORIENTED_EDGE('',*,*,#166423,.F.);
#236551=ORIENTED_EDGE('',*,*,#166419,.T.);
#236552=ORIENTED_EDGE('',*,*,#166414,.T.);
#236553=ORIENTED_EDGE('',*,*,#166424,.T.);
#236554=ORIENTED_EDGE('',*,*,#166425,.F.);
#236555=ORIENTED_EDGE('',*,*,#166422,.T.);
#236556=ORIENTED_EDGE('',*,*,#166410,.T.);
#236557=ORIENTED_EDGE('',*,*,#166426,.F.);
#236558=ORIENTED_EDGE('',*,*,#166309,.F.);
#236559=ORIENTED_EDGE('',*,*,#166427,.T.);
#236560=ORIENTED_EDGE('',*,*,#166409,.T.);
#236561=ORIENTED_EDGE('',*,*,#166428,.F.);
#236562=ORIENTED_EDGE('',*,*,#166310,.F.);
#236563=ORIENTED_EDGE('',*,*,#166426,.T.);
#236564=ORIENTED_EDGE('',*,*,#166408,.T.);
#236565=ORIENTED_EDGE('',*,*,#166429,.T.);
#236566=ORIENTED_EDGE('',*,*,#166311,.F.);
#236567=ORIENTED_EDGE('',*,*,#166428,.T.);
#236568=ORIENTED_EDGE('',*,*,#166430,.F.);
#236569=ORIENTED_EDGE('',*,*,#166431,.F.);
#236570=ORIENTED_EDGE('',*,*,#166432,.F.);
#236571=ORIENTED_EDGE('',*,*,#166433,.F.);
#236572=ORIENTED_EDGE('',*,*,#166434,.F.);
#236573=ORIENTED_EDGE('',*,*,#166435,.F.);
#236574=ORIENTED_EDGE('',*,*,#166436,.F.);
#236575=ORIENTED_EDGE('',*,*,#166437,.F.);
#236576=ORIENTED_EDGE('',*,*,#166438,.F.);
#236577=ORIENTED_EDGE('',*,*,#166439,.F.);
#236578=ORIENTED_EDGE('',*,*,#166440,.F.);
#236579=ORIENTED_EDGE('',*,*,#166441,.F.);
#236580=ORIENTED_EDGE('',*,*,#166439,.T.);
#236581=ORIENTED_EDGE('',*,*,#166442,.F.);
#236582=ORIENTED_EDGE('',*,*,#166443,.F.);
#236583=ORIENTED_EDGE('',*,*,#166444,.T.);
#236584=ORIENTED_EDGE('',*,*,#166438,.T.);
#236585=ORIENTED_EDGE('',*,*,#166445,.F.);
#236586=ORIENTED_EDGE('',*,*,#166446,.F.);
#236587=ORIENTED_EDGE('',*,*,#166442,.T.);
#236588=ORIENTED_EDGE('',*,*,#166437,.T.);
#236589=ORIENTED_EDGE('',*,*,#166447,.T.);
#236590=ORIENTED_EDGE('',*,*,#166448,.F.);
#236591=ORIENTED_EDGE('',*,*,#166445,.T.);
#236592=ORIENTED_EDGE('',*,*,#166433,.T.);
#236593=ORIENTED_EDGE('',*,*,#166449,.F.);
#236594=ORIENTED_EDGE('',*,*,#166331,.F.);
#236595=ORIENTED_EDGE('',*,*,#166450,.T.);
#236596=ORIENTED_EDGE('',*,*,#166432,.T.);
#236597=ORIENTED_EDGE('',*,*,#166451,.F.);
#236598=ORIENTED_EDGE('',*,*,#166332,.F.);
#236599=ORIENTED_EDGE('',*,*,#166449,.T.);
#236600=ORIENTED_EDGE('',*,*,#166431,.T.);
#236601=ORIENTED_EDGE('',*,*,#166452,.T.);
#236602=ORIENTED_EDGE('',*,*,#166333,.F.);
#236603=ORIENTED_EDGE('',*,*,#166451,.T.);
#236604=ORIENTED_EDGE('',*,*,#166357,.T.);
#236605=ORIENTED_EDGE('',*,*,#166453,.T.);
#236606=ORIENTED_EDGE('',*,*,#166454,.T.);
#236607=ORIENTED_EDGE('',*,*,#166354,.T.);
#236608=ORIENTED_EDGE('',*,*,#166455,.T.);
#236609=ORIENTED_EDGE('',*,*,#166456,.T.);
#236610=ORIENTED_EDGE('',*,*,#166457,.T.);
#236611=ORIENTED_EDGE('',*,*,#166458,.T.);
#236612=ORIENTED_EDGE('',*,*,#166459,.T.);
#236613=ORIENTED_EDGE('',*,*,#166460,.T.);
#236614=ORIENTED_EDGE('',*,*,#166461,.T.);
#236615=ORIENTED_EDGE('',*,*,#166462,.T.);
#236616=ORIENTED_EDGE('',*,*,#166463,.T.);
#236617=ORIENTED_EDGE('',*,*,#166464,.T.);
#236618=ORIENTED_EDGE('',*,*,#166465,.T.);
#236619=ORIENTED_EDGE('',*,*,#166466,.T.);
#236620=ORIENTED_EDGE('',*,*,#166467,.T.);
#236621=ORIENTED_EDGE('',*,*,#166468,.T.);
#236622=ORIENTED_EDGE('',*,*,#166469,.T.);
#236623=ORIENTED_EDGE('',*,*,#166470,.T.);
#236624=ORIENTED_EDGE('',*,*,#166471,.T.);
#236625=ORIENTED_EDGE('',*,*,#166472,.T.);
#236626=ORIENTED_EDGE('',*,*,#166473,.T.);
#236627=ORIENTED_EDGE('',*,*,#166474,.T.);
#236628=ORIENTED_EDGE('',*,*,#166475,.T.);
#236629=ORIENTED_EDGE('',*,*,#166476,.T.);
#236630=ORIENTED_EDGE('',*,*,#166477,.T.);
#236631=ORIENTED_EDGE('',*,*,#166478,.T.);
#236632=ORIENTED_EDGE('',*,*,#166479,.T.);
#236633=ORIENTED_EDGE('',*,*,#166480,.T.);
#236634=ORIENTED_EDGE('',*,*,#166481,.T.);
#236635=ORIENTED_EDGE('',*,*,#166482,.T.);
#236636=ORIENTED_EDGE('',*,*,#166483,.T.);
#236637=ORIENTED_EDGE('',*,*,#166484,.T.);
#236638=ORIENTED_EDGE('',*,*,#166485,.T.);
#236639=ORIENTED_EDGE('',*,*,#166486,.T.);
#236640=ORIENTED_EDGE('',*,*,#166487,.T.);
#236641=ORIENTED_EDGE('',*,*,#166488,.T.);
#236642=ORIENTED_EDGE('',*,*,#166489,.T.);
#236643=ORIENTED_EDGE('',*,*,#166490,.T.);
#236644=ORIENTED_EDGE('',*,*,#166491,.T.);
#236645=ORIENTED_EDGE('',*,*,#166492,.T.);
#236646=ORIENTED_EDGE('',*,*,#166493,.T.);
#236647=ORIENTED_EDGE('',*,*,#166494,.T.);
#236648=ORIENTED_EDGE('',*,*,#166495,.T.);
#236649=ORIENTED_EDGE('',*,*,#166496,.T.);
#236650=ORIENTED_EDGE('',*,*,#166497,.T.);
#236651=ORIENTED_EDGE('',*,*,#166498,.T.);
#236652=ORIENTED_EDGE('',*,*,#166499,.T.);
#236653=ORIENTED_EDGE('',*,*,#166379,.T.);
#236654=ORIENTED_EDGE('',*,*,#166500,.T.);
#236655=ORIENTED_EDGE('',*,*,#166501,.T.);
#236656=ORIENTED_EDGE('',*,*,#166502,.T.);
#236657=ORIENTED_EDGE('',*,*,#166374,.T.);
#236658=ORIENTED_EDGE('',*,*,#166377,.T.);
#236659=ORIENTED_EDGE('',*,*,#166503,.T.);
#236660=ORIENTED_EDGE('',*,*,#166504,.T.);
#236661=ORIENTED_EDGE('',*,*,#166505,.T.);
#236662=ORIENTED_EDGE('',*,*,#166506,.T.);
#236663=ORIENTED_EDGE('',*,*,#166507,.T.);
#236664=ORIENTED_EDGE('',*,*,#166508,.T.);
#236665=ORIENTED_EDGE('',*,*,#166509,.T.);
#236666=ORIENTED_EDGE('',*,*,#166510,.T.);
#236667=ORIENTED_EDGE('',*,*,#166511,.T.);
#236668=ORIENTED_EDGE('',*,*,#166512,.T.);
#236669=ORIENTED_EDGE('',*,*,#166513,.T.);
#236670=ORIENTED_EDGE('',*,*,#166514,.T.);
#236671=ORIENTED_EDGE('',*,*,#166515,.T.);
#236672=ORIENTED_EDGE('',*,*,#166516,.T.);
#236673=ORIENTED_EDGE('',*,*,#166517,.T.);
#236674=ORIENTED_EDGE('',*,*,#166518,.T.);
#236675=ORIENTED_EDGE('',*,*,#166519,.T.);
#236676=ORIENTED_EDGE('',*,*,#166520,.T.);
#236677=ORIENTED_EDGE('',*,*,#166521,.T.);
#236678=ORIENTED_EDGE('',*,*,#166522,.T.);
#236679=ORIENTED_EDGE('',*,*,#166523,.T.);
#236680=ORIENTED_EDGE('',*,*,#166524,.T.);
#236681=ORIENTED_EDGE('',*,*,#166525,.T.);
#236682=ORIENTED_EDGE('',*,*,#166526,.T.);
#236683=ORIENTED_EDGE('',*,*,#166527,.T.);
#236684=ORIENTED_EDGE('',*,*,#166528,.T.);
#236685=ORIENTED_EDGE('',*,*,#166529,.T.);
#236686=ORIENTED_EDGE('',*,*,#166530,.T.);
#236687=ORIENTED_EDGE('',*,*,#166531,.T.);
#236688=ORIENTED_EDGE('',*,*,#166532,.T.);
#236689=ORIENTED_EDGE('',*,*,#166402,.T.);
#236690=ORIENTED_EDGE('',*,*,#166533,.T.);
#236691=ORIENTED_EDGE('',*,*,#166534,.T.);
#236692=ORIENTED_EDGE('',*,*,#166535,.T.);
#236693=ORIENTED_EDGE('',*,*,#166397,.T.);
#236694=ORIENTED_EDGE('',*,*,#166400,.T.);
#236695=ORIENTED_EDGE('',*,*,#166536,.T.);
#236696=ORIENTED_EDGE('',*,*,#166537,.T.);
#236697=ORIENTED_EDGE('',*,*,#166538,.T.);
#236698=ORIENTED_EDGE('',*,*,#166539,.T.);
#236699=ORIENTED_EDGE('',*,*,#166540,.T.);
#236700=ORIENTED_EDGE('',*,*,#166541,.T.);
#236701=ORIENTED_EDGE('',*,*,#166542,.T.);
#236702=ORIENTED_EDGE('',*,*,#166543,.T.);
#236703=ORIENTED_EDGE('',*,*,#166544,.T.);
#236704=ORIENTED_EDGE('',*,*,#166545,.T.);
#236705=ORIENTED_EDGE('',*,*,#166546,.T.);
#236706=ORIENTED_EDGE('',*,*,#166547,.T.);
#236707=ORIENTED_EDGE('',*,*,#166548,.T.);
#236708=ORIENTED_EDGE('',*,*,#166549,.T.);
#236709=ORIENTED_EDGE('',*,*,#166550,.T.);
#236710=ORIENTED_EDGE('',*,*,#166551,.T.);
#236711=ORIENTED_EDGE('',*,*,#166552,.T.);
#236712=ORIENTED_EDGE('',*,*,#166553,.T.);
#236713=ORIENTED_EDGE('',*,*,#166554,.T.);
#236714=ORIENTED_EDGE('',*,*,#166555,.T.);
#236715=ORIENTED_EDGE('',*,*,#166556,.T.);
#236716=ORIENTED_EDGE('',*,*,#166557,.T.);
#236717=ORIENTED_EDGE('',*,*,#166558,.T.);
#236718=ORIENTED_EDGE('',*,*,#166559,.T.);
#236719=ORIENTED_EDGE('',*,*,#166560,.T.);
#236720=ORIENTED_EDGE('',*,*,#166561,.T.);
#236721=ORIENTED_EDGE('',*,*,#166562,.T.);
#236722=ORIENTED_EDGE('',*,*,#166563,.T.);
#236723=ORIENTED_EDGE('',*,*,#166564,.T.);
#236724=ORIENTED_EDGE('',*,*,#166565,.T.);
#236725=ORIENTED_EDGE('',*,*,#166425,.T.);
#236726=ORIENTED_EDGE('',*,*,#166566,.T.);
#236727=ORIENTED_EDGE('',*,*,#166567,.T.);
#236728=ORIENTED_EDGE('',*,*,#166568,.T.);
#236729=ORIENTED_EDGE('',*,*,#166420,.T.);
#236730=ORIENTED_EDGE('',*,*,#166423,.T.);
#236731=ORIENTED_EDGE('',*,*,#166569,.T.);
#236732=ORIENTED_EDGE('',*,*,#166570,.T.);
#236733=ORIENTED_EDGE('',*,*,#166571,.T.);
#236734=ORIENTED_EDGE('',*,*,#166572,.T.);
#236735=ORIENTED_EDGE('',*,*,#166573,.T.);
#236736=ORIENTED_EDGE('',*,*,#166574,.T.);
#236737=ORIENTED_EDGE('',*,*,#166575,.T.);
#236738=ORIENTED_EDGE('',*,*,#166576,.T.);
#236739=ORIENTED_EDGE('',*,*,#166577,.T.);
#236740=ORIENTED_EDGE('',*,*,#166578,.T.);
#236741=ORIENTED_EDGE('',*,*,#166579,.T.);
#236742=ORIENTED_EDGE('',*,*,#166580,.T.);
#236743=ORIENTED_EDGE('',*,*,#166581,.T.);
#236744=ORIENTED_EDGE('',*,*,#166582,.T.);
#236745=ORIENTED_EDGE('',*,*,#166583,.T.);
#236746=ORIENTED_EDGE('',*,*,#166584,.T.);
#236747=ORIENTED_EDGE('',*,*,#166585,.T.);
#236748=ORIENTED_EDGE('',*,*,#166586,.T.);
#236749=ORIENTED_EDGE('',*,*,#166587,.T.);
#236750=ORIENTED_EDGE('',*,*,#166588,.T.);
#236751=ORIENTED_EDGE('',*,*,#166589,.T.);
#236752=ORIENTED_EDGE('',*,*,#166590,.T.);
#236753=ORIENTED_EDGE('',*,*,#166591,.T.);
#236754=ORIENTED_EDGE('',*,*,#166592,.T.);
#236755=ORIENTED_EDGE('',*,*,#166593,.T.);
#236756=ORIENTED_EDGE('',*,*,#166594,.T.);
#236757=ORIENTED_EDGE('',*,*,#166595,.T.);
#236758=ORIENTED_EDGE('',*,*,#166596,.T.);
#236759=ORIENTED_EDGE('',*,*,#166597,.T.);
#236760=ORIENTED_EDGE('',*,*,#166598,.T.);
#236761=ORIENTED_EDGE('',*,*,#166448,.T.);
#236762=ORIENTED_EDGE('',*,*,#166599,.T.);
#236763=ORIENTED_EDGE('',*,*,#166600,.T.);
#236764=ORIENTED_EDGE('',*,*,#166601,.T.);
#236765=ORIENTED_EDGE('',*,*,#166443,.T.);
#236766=ORIENTED_EDGE('',*,*,#166446,.T.);
#236767=ORIENTED_EDGE('',*,*,#166602,.T.);
#236768=ORIENTED_EDGE('',*,*,#166603,.T.);
#236769=ORIENTED_EDGE('',*,*,#166604,.T.);
#236770=ORIENTED_EDGE('',*,*,#166605,.T.);
#236771=ORIENTED_EDGE('',*,*,#166606,.T.);
#236772=ORIENTED_EDGE('',*,*,#166607,.T.);
#236773=ORIENTED_EDGE('',*,*,#166608,.T.);
#236774=ORIENTED_EDGE('',*,*,#166609,.T.);
#236775=ORIENTED_EDGE('',*,*,#166610,.T.);
#236776=ORIENTED_EDGE('',*,*,#166611,.T.);
#236777=ORIENTED_EDGE('',*,*,#166612,.T.);
#236778=ORIENTED_EDGE('',*,*,#166613,.T.);
#236779=ORIENTED_EDGE('',*,*,#166614,.T.);
#236780=ORIENTED_EDGE('',*,*,#166615,.T.);
#236781=ORIENTED_EDGE('',*,*,#166616,.T.);
#236782=ORIENTED_EDGE('',*,*,#166617,.T.);
#236783=ORIENTED_EDGE('',*,*,#166618,.T.);
#236784=ORIENTED_EDGE('',*,*,#166619,.T.);
#236785=ORIENTED_EDGE('',*,*,#166620,.T.);
#236786=ORIENTED_EDGE('',*,*,#166621,.T.);
#236787=ORIENTED_EDGE('',*,*,#166622,.T.);
#236788=ORIENTED_EDGE('',*,*,#166623,.T.);
#236789=ORIENTED_EDGE('',*,*,#166624,.T.);
#236790=ORIENTED_EDGE('',*,*,#166625,.T.);
#236791=ORIENTED_EDGE('',*,*,#166626,.T.);
#236792=ORIENTED_EDGE('',*,*,#166627,.T.);
#236793=ORIENTED_EDGE('',*,*,#166628,.T.);
#236794=ORIENTED_EDGE('',*,*,#166629,.T.);
#236795=ORIENTED_EDGE('',*,*,#166630,.T.);
#236796=ORIENTED_EDGE('',*,*,#166631,.T.);
#236797=ORIENTED_EDGE('',*,*,#166161,.F.);
#236798=ORIENTED_EDGE('',*,*,#166632,.T.);
#236799=ORIENTED_EDGE('',*,*,#166633,.F.);
#236800=ORIENTED_EDGE('',*,*,#166632,.F.);
#236801=ORIENTED_EDGE('',*,*,#166196,.F.);
#236802=ORIENTED_EDGE('',*,*,#166634,.T.);
#236803=ORIENTED_EDGE('',*,*,#166200,.F.);
#236804=ORIENTED_EDGE('',*,*,#166307,.F.);
#236805=ORIENTED_EDGE('',*,*,#166440,.T.);
#236806=ORIENTED_EDGE('',*,*,#166444,.F.);
#236807=ORIENTED_EDGE('',*,*,#166601,.F.);
#236808=ORIENTED_EDGE('',*,*,#166635,.T.);
#236809=ORIENTED_EDGE('',*,*,#166441,.T.);
#236810=ORIENTED_EDGE('',*,*,#166635,.F.);
#236811=ORIENTED_EDGE('',*,*,#166600,.F.);
#236812=ORIENTED_EDGE('',*,*,#166636,.T.);
#236813=ORIENTED_EDGE('',*,*,#166436,.T.);
#236814=ORIENTED_EDGE('',*,*,#166636,.F.);
#236815=ORIENTED_EDGE('',*,*,#166599,.F.);
#236816=ORIENTED_EDGE('',*,*,#166447,.F.);
#236817=ORIENTED_EDGE('',*,*,#166434,.T.);
#236818=ORIENTED_EDGE('',*,*,#166450,.F.);
#236819=ORIENTED_EDGE('',*,*,#166336,.F.);
#236820=ORIENTED_EDGE('',*,*,#166637,.T.);
#236821=ORIENTED_EDGE('',*,*,#166435,.T.);
#236822=ORIENTED_EDGE('',*,*,#166637,.F.);
#236823=ORIENTED_EDGE('',*,*,#166335,.F.);
#236824=ORIENTED_EDGE('',*,*,#166638,.T.);
#236825=ORIENTED_EDGE('',*,*,#166430,.T.);
#236826=ORIENTED_EDGE('',*,*,#166638,.F.);
#236827=ORIENTED_EDGE('',*,*,#166334,.F.);
#236828=ORIENTED_EDGE('',*,*,#166452,.F.);
#236829=ORIENTED_EDGE('',*,*,#166371,.T.);
#236830=ORIENTED_EDGE('',*,*,#166375,.F.);
#236831=ORIENTED_EDGE('',*,*,#166502,.F.);
#236832=ORIENTED_EDGE('',*,*,#166639,.T.);
#236833=ORIENTED_EDGE('',*,*,#166372,.T.);
#236834=ORIENTED_EDGE('',*,*,#166639,.F.);
#236835=ORIENTED_EDGE('',*,*,#166501,.F.);
#236836=ORIENTED_EDGE('',*,*,#166640,.T.);
#236837=ORIENTED_EDGE('',*,*,#166367,.T.);
#236838=ORIENTED_EDGE('',*,*,#166640,.F.);
#236839=ORIENTED_EDGE('',*,*,#166500,.F.);
#236840=ORIENTED_EDGE('',*,*,#166378,.F.);
#236841=ORIENTED_EDGE('',*,*,#166365,.T.);
#236842=ORIENTED_EDGE('',*,*,#166381,.F.);
#236843=ORIENTED_EDGE('',*,*,#166320,.F.);
#236844=ORIENTED_EDGE('',*,*,#166641,.T.);
#236845=ORIENTED_EDGE('',*,*,#166366,.T.);
#236846=ORIENTED_EDGE('',*,*,#166641,.F.);
#236847=ORIENTED_EDGE('',*,*,#166319,.F.);
#236848=ORIENTED_EDGE('',*,*,#166642,.T.);
#236849=ORIENTED_EDGE('',*,*,#166361,.T.);
#236850=ORIENTED_EDGE('',*,*,#166642,.F.);
#236851=ORIENTED_EDGE('',*,*,#166318,.F.);
#236852=ORIENTED_EDGE('',*,*,#166383,.F.);
#236853=ORIENTED_EDGE('',*,*,#166352,.T.);
#236854=ORIENTED_EDGE('',*,*,#166355,.F.);
#236855=ORIENTED_EDGE('',*,*,#166454,.F.);
#236856=ORIENTED_EDGE('',*,*,#166643,.T.);
#236857=ORIENTED_EDGE('',*,*,#166349,.T.);
#236858=ORIENTED_EDGE('',*,*,#166643,.F.);
#236859=ORIENTED_EDGE('',*,*,#166453,.F.);
#236860=ORIENTED_EDGE('',*,*,#166356,.F.);
#236861=ORIENTED_EDGE('',*,*,#166348,.T.);
#236862=ORIENTED_EDGE('',*,*,#166359,.F.);
#236863=ORIENTED_EDGE('',*,*,#166327,.F.);
#236864=ORIENTED_EDGE('',*,*,#166644,.T.);
#236865=ORIENTED_EDGE('',*,*,#166345,.T.);
#236866=ORIENTED_EDGE('',*,*,#166644,.F.);
#236867=ORIENTED_EDGE('',*,*,#166330,.F.);
#236868=ORIENTED_EDGE('',*,*,#166360,.F.);
#236869=ORIENTED_EDGE('',*,*,#166417,.T.);
#236870=ORIENTED_EDGE('',*,*,#166421,.F.);
#236871=ORIENTED_EDGE('',*,*,#166568,.F.);
#236872=ORIENTED_EDGE('',*,*,#166645,.T.);
#236873=ORIENTED_EDGE('',*,*,#166418,.T.);
#236874=ORIENTED_EDGE('',*,*,#166645,.F.);
#236875=ORIENTED_EDGE('',*,*,#166567,.F.);
#236876=ORIENTED_EDGE('',*,*,#166646,.T.);
#236877=ORIENTED_EDGE('',*,*,#166413,.T.);
#236878=ORIENTED_EDGE('',*,*,#166646,.F.);
#236879=ORIENTED_EDGE('',*,*,#166566,.F.);
#236880=ORIENTED_EDGE('',*,*,#166424,.F.);
#236881=ORIENTED_EDGE('',*,*,#166411,.T.);
#236882=ORIENTED_EDGE('',*,*,#166427,.F.);
#236883=ORIENTED_EDGE('',*,*,#166314,.F.);
#236884=ORIENTED_EDGE('',*,*,#166647,.T.);
#236885=ORIENTED_EDGE('',*,*,#166412,.T.);
#236886=ORIENTED_EDGE('',*,*,#166647,.F.);
#236887=ORIENTED_EDGE('',*,*,#166313,.F.);
#236888=ORIENTED_EDGE('',*,*,#166648,.T.);
#236889=ORIENTED_EDGE('',*,*,#166407,.T.);
#236890=ORIENTED_EDGE('',*,*,#166648,.F.);
#236891=ORIENTED_EDGE('',*,*,#166312,.F.);
#236892=ORIENTED_EDGE('',*,*,#166429,.F.);
#236893=ORIENTED_EDGE('',*,*,#166394,.T.);
#236894=ORIENTED_EDGE('',*,*,#166398,.F.);
#236895=ORIENTED_EDGE('',*,*,#166535,.F.);
#236896=ORIENTED_EDGE('',*,*,#166649,.T.);
#236897=ORIENTED_EDGE('',*,*,#166395,.T.);
#236898=ORIENTED_EDGE('',*,*,#166649,.F.);
#236899=ORIENTED_EDGE('',*,*,#166534,.F.);
#236900=ORIENTED_EDGE('',*,*,#166650,.T.);
#236901=ORIENTED_EDGE('',*,*,#166390,.T.);
#236902=ORIENTED_EDGE('',*,*,#166650,.F.);
#236903=ORIENTED_EDGE('',*,*,#166533,.F.);
#236904=ORIENTED_EDGE('',*,*,#166401,.F.);
#236905=ORIENTED_EDGE('',*,*,#166388,.T.);
#236906=ORIENTED_EDGE('',*,*,#166404,.F.);
#236907=ORIENTED_EDGE('',*,*,#166326,.F.);
#236908=ORIENTED_EDGE('',*,*,#166651,.T.);
#236909=ORIENTED_EDGE('',*,*,#166389,.T.);
#236910=ORIENTED_EDGE('',*,*,#166651,.F.);
#236911=ORIENTED_EDGE('',*,*,#166325,.F.);
#236912=ORIENTED_EDGE('',*,*,#166652,.T.);
#236913=ORIENTED_EDGE('',*,*,#166384,.T.);
#236914=ORIENTED_EDGE('',*,*,#166652,.F.);
#236915=ORIENTED_EDGE('',*,*,#166324,.F.);
#236916=ORIENTED_EDGE('',*,*,#166406,.F.);
#236917=ORIENTED_EDGE('',*,*,#166653,.F.);
#236918=ORIENTED_EDGE('',*,*,#166654,.T.);
#236919=ORIENTED_EDGE('',*,*,#166455,.F.);
#236920=ORIENTED_EDGE('',*,*,#166654,.F.);
#236921=ORIENTED_EDGE('',*,*,#166655,.F.);
#236922=ORIENTED_EDGE('',*,*,#166656,.T.);
#236923=ORIENTED_EDGE('',*,*,#166456,.F.);
#236924=ORIENTED_EDGE('',*,*,#166656,.F.);
#236925=ORIENTED_EDGE('',*,*,#166657,.F.);
#236926=ORIENTED_EDGE('',*,*,#166658,.T.);
#236927=ORIENTED_EDGE('',*,*,#166569,.F.);
#236928=ORIENTED_EDGE('',*,*,#166658,.F.);
#236929=ORIENTED_EDGE('',*,*,#166659,.F.);
#236930=ORIENTED_EDGE('',*,*,#166660,.T.);
#236931=ORIENTED_EDGE('',*,*,#166457,.F.);
#236932=ORIENTED_EDGE('',*,*,#166660,.F.);
#236933=ORIENTED_EDGE('',*,*,#166661,.F.);
#236934=ORIENTED_EDGE('',*,*,#166662,.T.);
#236935=ORIENTED_EDGE('',*,*,#166458,.F.);
#236936=ORIENTED_EDGE('',*,*,#166662,.F.);
#236937=ORIENTED_EDGE('',*,*,#166663,.F.);
#236938=ORIENTED_EDGE('',*,*,#166664,.T.);
#236939=ORIENTED_EDGE('',*,*,#166459,.F.);
#236940=ORIENTED_EDGE('',*,*,#166664,.F.);
#236941=ORIENTED_EDGE('',*,*,#166665,.F.);
#236942=ORIENTED_EDGE('',*,*,#166666,.T.);
#236943=ORIENTED_EDGE('',*,*,#166460,.F.);
#236944=ORIENTED_EDGE('',*,*,#166666,.F.);
#236945=ORIENTED_EDGE('',*,*,#166667,.F.);
#236946=ORIENTED_EDGE('',*,*,#166668,.T.);
#236947=ORIENTED_EDGE('',*,*,#166461,.F.);
#236948=ORIENTED_EDGE('',*,*,#166668,.F.);
#236949=ORIENTED_EDGE('',*,*,#166669,.F.);
#236950=ORIENTED_EDGE('',*,*,#166670,.T.);
#236951=ORIENTED_EDGE('',*,*,#166462,.F.);
#236952=ORIENTED_EDGE('',*,*,#166670,.F.);
#236953=ORIENTED_EDGE('',*,*,#166671,.F.);
#236954=ORIENTED_EDGE('',*,*,#166672,.T.);
#236955=ORIENTED_EDGE('',*,*,#166463,.F.);
#236956=ORIENTED_EDGE('',*,*,#166672,.F.);
#236957=ORIENTED_EDGE('',*,*,#166673,.F.);
#236958=ORIENTED_EDGE('',*,*,#166674,.T.);
#236959=ORIENTED_EDGE('',*,*,#166570,.F.);
#236960=ORIENTED_EDGE('',*,*,#166674,.F.);
#236961=ORIENTED_EDGE('',*,*,#166675,.F.);
#236962=ORIENTED_EDGE('',*,*,#166676,.T.);
#236963=ORIENTED_EDGE('',*,*,#166571,.F.);
#236964=ORIENTED_EDGE('',*,*,#166676,.F.);
#236965=ORIENTED_EDGE('',*,*,#166677,.F.);
#236966=ORIENTED_EDGE('',*,*,#166678,.T.);
#236967=ORIENTED_EDGE('',*,*,#166572,.F.);
#236968=ORIENTED_EDGE('',*,*,#166678,.F.);
#236969=ORIENTED_EDGE('',*,*,#166679,.F.);
#236970=ORIENTED_EDGE('',*,*,#166680,.T.);
#236971=ORIENTED_EDGE('',*,*,#166503,.F.);
#236972=ORIENTED_EDGE('',*,*,#166680,.F.);
#236973=ORIENTED_EDGE('',*,*,#166681,.F.);
#236974=ORIENTED_EDGE('',*,*,#166682,.T.);
#236975=ORIENTED_EDGE('',*,*,#166464,.F.);
#236976=ORIENTED_EDGE('',*,*,#166682,.F.);
#236977=ORIENTED_EDGE('',*,*,#166683,.F.);
#236978=ORIENTED_EDGE('',*,*,#166684,.T.);
#236979=ORIENTED_EDGE('',*,*,#166602,.F.);
#236980=ORIENTED_EDGE('',*,*,#166684,.F.);
#236981=ORIENTED_EDGE('',*,*,#166685,.F.);
#236982=ORIENTED_EDGE('',*,*,#166686,.T.);
#236983=ORIENTED_EDGE('',*,*,#166603,.F.);
#236984=ORIENTED_EDGE('',*,*,#166686,.F.);
#236985=ORIENTED_EDGE('',*,*,#166687,.F.);
#236986=ORIENTED_EDGE('',*,*,#166688,.T.);
#236987=ORIENTED_EDGE('',*,*,#166504,.F.);
#236988=ORIENTED_EDGE('',*,*,#166688,.F.);
#236989=ORIENTED_EDGE('',*,*,#166689,.F.);
#236990=ORIENTED_EDGE('',*,*,#166690,.T.);
#236991=ORIENTED_EDGE('',*,*,#166604,.F.);
#236992=ORIENTED_EDGE('',*,*,#166690,.F.);
#236993=ORIENTED_EDGE('',*,*,#166691,.F.);
#236994=ORIENTED_EDGE('',*,*,#166692,.T.);
#236995=ORIENTED_EDGE('',*,*,#166573,.F.);
#236996=ORIENTED_EDGE('',*,*,#166692,.F.);
#236997=ORIENTED_EDGE('',*,*,#166693,.F.);
#236998=ORIENTED_EDGE('',*,*,#166694,.T.);
#236999=ORIENTED_EDGE('',*,*,#166465,.F.);
#237000=ORIENTED_EDGE('',*,*,#166694,.F.);
#237001=ORIENTED_EDGE('',*,*,#166695,.F.);
#237002=ORIENTED_EDGE('',*,*,#166696,.T.);
#237003=ORIENTED_EDGE('',*,*,#166536,.F.);
#237004=ORIENTED_EDGE('',*,*,#166696,.F.);
#237005=ORIENTED_EDGE('',*,*,#166697,.F.);
#237006=ORIENTED_EDGE('',*,*,#166698,.T.);
#237007=ORIENTED_EDGE('',*,*,#166605,.F.);
#237008=ORIENTED_EDGE('',*,*,#166698,.F.);
#237009=ORIENTED_EDGE('',*,*,#166699,.F.);
#237010=ORIENTED_EDGE('',*,*,#166700,.T.);
#237011=ORIENTED_EDGE('',*,*,#166606,.F.);
#237012=ORIENTED_EDGE('',*,*,#166700,.F.);
#237013=ORIENTED_EDGE('',*,*,#166701,.F.);
#237014=ORIENTED_EDGE('',*,*,#166702,.T.);
#237015=ORIENTED_EDGE('',*,*,#166574,.F.);
#237016=ORIENTED_EDGE('',*,*,#166702,.F.);
#237017=ORIENTED_EDGE('',*,*,#166703,.F.);
#237018=ORIENTED_EDGE('',*,*,#166704,.T.);
#237019=ORIENTED_EDGE('',*,*,#166575,.F.);
#237020=ORIENTED_EDGE('',*,*,#166704,.F.);
#237021=ORIENTED_EDGE('',*,*,#166705,.F.);
#237022=ORIENTED_EDGE('',*,*,#166706,.T.);
#237023=ORIENTED_EDGE('',*,*,#166607,.F.);
#237024=ORIENTED_EDGE('',*,*,#166706,.F.);
#237025=ORIENTED_EDGE('',*,*,#166707,.F.);
#237026=ORIENTED_EDGE('',*,*,#166708,.T.);
#237027=ORIENTED_EDGE('',*,*,#166537,.F.);
#237028=ORIENTED_EDGE('',*,*,#166708,.F.);
#237029=ORIENTED_EDGE('',*,*,#166709,.F.);
#237030=ORIENTED_EDGE('',*,*,#166710,.T.);
#237031=ORIENTED_EDGE('',*,*,#166576,.F.);
#237032=ORIENTED_EDGE('',*,*,#166710,.F.);
#237033=ORIENTED_EDGE('',*,*,#166711,.F.);
#237034=ORIENTED_EDGE('',*,*,#166712,.T.);
#237035=ORIENTED_EDGE('',*,*,#166466,.F.);
#237036=ORIENTED_EDGE('',*,*,#166712,.F.);
#237037=ORIENTED_EDGE('',*,*,#166713,.F.);
#237038=ORIENTED_EDGE('',*,*,#166714,.T.);
#237039=ORIENTED_EDGE('',*,*,#166505,.F.);
#237040=ORIENTED_EDGE('',*,*,#166714,.F.);
#237041=ORIENTED_EDGE('',*,*,#166715,.F.);
#237042=ORIENTED_EDGE('',*,*,#166716,.T.);
#237043=ORIENTED_EDGE('',*,*,#166538,.F.);
#237044=ORIENTED_EDGE('',*,*,#166716,.F.);
#237045=ORIENTED_EDGE('',*,*,#166717,.F.);
#237046=ORIENTED_EDGE('',*,*,#166718,.T.);
#237047=ORIENTED_EDGE('',*,*,#166467,.F.);
#237048=ORIENTED_EDGE('',*,*,#166718,.F.);
#237049=ORIENTED_EDGE('',*,*,#166719,.F.);
#237050=ORIENTED_EDGE('',*,*,#166720,.T.);
#237051=ORIENTED_EDGE('',*,*,#166539,.F.);
#237052=ORIENTED_EDGE('',*,*,#166720,.F.);
#237053=ORIENTED_EDGE('',*,*,#166721,.F.);
#237054=ORIENTED_EDGE('',*,*,#166722,.T.);
#237055=ORIENTED_EDGE('',*,*,#166540,.F.);
#237056=ORIENTED_EDGE('',*,*,#166722,.F.);
#237057=ORIENTED_EDGE('',*,*,#166723,.F.);
#237058=ORIENTED_EDGE('',*,*,#166724,.T.);
#237059=ORIENTED_EDGE('',*,*,#166541,.F.);
#237060=ORIENTED_EDGE('',*,*,#166724,.F.);
#237061=ORIENTED_EDGE('',*,*,#166725,.F.);
#237062=ORIENTED_EDGE('',*,*,#166726,.T.);
#237063=ORIENTED_EDGE('',*,*,#166506,.F.);
#237064=ORIENTED_EDGE('',*,*,#166726,.F.);
#237065=ORIENTED_EDGE('',*,*,#166727,.F.);
#237066=ORIENTED_EDGE('',*,*,#166728,.T.);
#237067=ORIENTED_EDGE('',*,*,#166507,.F.);
#237068=ORIENTED_EDGE('',*,*,#166728,.F.);
#237069=ORIENTED_EDGE('',*,*,#166729,.F.);
#237070=ORIENTED_EDGE('',*,*,#166730,.T.);
#237071=ORIENTED_EDGE('',*,*,#166508,.F.);
#237072=ORIENTED_EDGE('',*,*,#166730,.F.);
#237073=ORIENTED_EDGE('',*,*,#166731,.F.);
#237074=ORIENTED_EDGE('',*,*,#166732,.T.);
#237075=ORIENTED_EDGE('',*,*,#166577,.F.);
#237076=ORIENTED_EDGE('',*,*,#166732,.F.);
#237077=ORIENTED_EDGE('',*,*,#166733,.F.);
#237078=ORIENTED_EDGE('',*,*,#166734,.T.);
#237079=ORIENTED_EDGE('',*,*,#166578,.F.);
#237080=ORIENTED_EDGE('',*,*,#166734,.F.);
#237081=ORIENTED_EDGE('',*,*,#166735,.F.);
#237082=ORIENTED_EDGE('',*,*,#166736,.T.);
#237083=ORIENTED_EDGE('',*,*,#166579,.F.);
#237084=ORIENTED_EDGE('',*,*,#166736,.F.);
#237085=ORIENTED_EDGE('',*,*,#166737,.F.);
#237086=ORIENTED_EDGE('',*,*,#166738,.T.);
#237087=ORIENTED_EDGE('',*,*,#166608,.F.);
#237088=ORIENTED_EDGE('',*,*,#166738,.F.);
#237089=ORIENTED_EDGE('',*,*,#166739,.F.);
#237090=ORIENTED_EDGE('',*,*,#166740,.T.);
#237091=ORIENTED_EDGE('',*,*,#166509,.F.);
#237092=ORIENTED_EDGE('',*,*,#166740,.F.);
#237093=ORIENTED_EDGE('',*,*,#166741,.F.);
#237094=ORIENTED_EDGE('',*,*,#166742,.T.);
#237095=ORIENTED_EDGE('',*,*,#166580,.F.);
#237096=ORIENTED_EDGE('',*,*,#166742,.F.);
#237097=ORIENTED_EDGE('',*,*,#166743,.F.);
#237098=ORIENTED_EDGE('',*,*,#166744,.T.);
#237099=ORIENTED_EDGE('',*,*,#166609,.F.);
#237100=ORIENTED_EDGE('',*,*,#166744,.F.);
#237101=ORIENTED_EDGE('',*,*,#166745,.F.);
#237102=ORIENTED_EDGE('',*,*,#166746,.T.);
#237103=ORIENTED_EDGE('',*,*,#166510,.F.);
#237104=ORIENTED_EDGE('',*,*,#166746,.F.);
#237105=ORIENTED_EDGE('',*,*,#166747,.F.);
#237106=ORIENTED_EDGE('',*,*,#166748,.T.);
#237107=ORIENTED_EDGE('',*,*,#166511,.F.);
#237108=ORIENTED_EDGE('',*,*,#166748,.F.);
#237109=ORIENTED_EDGE('',*,*,#166749,.F.);
#237110=ORIENTED_EDGE('',*,*,#166750,.T.);
#237111=ORIENTED_EDGE('',*,*,#166610,.F.);
#237112=ORIENTED_EDGE('',*,*,#166750,.F.);
#237113=ORIENTED_EDGE('',*,*,#166751,.F.);
#237114=ORIENTED_EDGE('',*,*,#166752,.T.);
#237115=ORIENTED_EDGE('',*,*,#166512,.F.);
#237116=ORIENTED_EDGE('',*,*,#166752,.F.);
#237117=ORIENTED_EDGE('',*,*,#166753,.F.);
#237118=ORIENTED_EDGE('',*,*,#166754,.T.);
#237119=ORIENTED_EDGE('',*,*,#166468,.F.);
#237120=ORIENTED_EDGE('',*,*,#166754,.F.);
#237121=ORIENTED_EDGE('',*,*,#166755,.F.);
#237122=ORIENTED_EDGE('',*,*,#166756,.T.);
#237123=ORIENTED_EDGE('',*,*,#166513,.F.);
#237124=ORIENTED_EDGE('',*,*,#166756,.F.);
#237125=ORIENTED_EDGE('',*,*,#166757,.F.);
#237126=ORIENTED_EDGE('',*,*,#166758,.T.);
#237127=ORIENTED_EDGE('',*,*,#166581,.F.);
#237128=ORIENTED_EDGE('',*,*,#166758,.F.);
#237129=ORIENTED_EDGE('',*,*,#166759,.F.);
#237130=ORIENTED_EDGE('',*,*,#166760,.T.);
#237131=ORIENTED_EDGE('',*,*,#166582,.F.);
#237132=ORIENTED_EDGE('',*,*,#166760,.F.);
#237133=ORIENTED_EDGE('',*,*,#166761,.F.);
#237134=ORIENTED_EDGE('',*,*,#166762,.T.);
#237135=ORIENTED_EDGE('',*,*,#166514,.F.);
#237136=ORIENTED_EDGE('',*,*,#166762,.F.);
#237137=ORIENTED_EDGE('',*,*,#166763,.F.);
#237138=ORIENTED_EDGE('',*,*,#166764,.T.);
#237139=ORIENTED_EDGE('',*,*,#166542,.F.);
#237140=ORIENTED_EDGE('',*,*,#166764,.F.);
#237141=ORIENTED_EDGE('',*,*,#166765,.F.);
#237142=ORIENTED_EDGE('',*,*,#166766,.T.);
#237143=ORIENTED_EDGE('',*,*,#166543,.F.);
#237144=ORIENTED_EDGE('',*,*,#166766,.F.);
#237145=ORIENTED_EDGE('',*,*,#166767,.F.);
#237146=ORIENTED_EDGE('',*,*,#166768,.T.);
#237147=ORIENTED_EDGE('',*,*,#166469,.F.);
#237148=ORIENTED_EDGE('',*,*,#166768,.F.);
#237149=ORIENTED_EDGE('',*,*,#166769,.F.);
#237150=ORIENTED_EDGE('',*,*,#166770,.T.);
#237151=ORIENTED_EDGE('',*,*,#166611,.F.);
#237152=ORIENTED_EDGE('',*,*,#166770,.F.);
#237153=ORIENTED_EDGE('',*,*,#166771,.F.);
#237154=ORIENTED_EDGE('',*,*,#166772,.T.);
#237155=ORIENTED_EDGE('',*,*,#166515,.F.);
#237156=ORIENTED_EDGE('',*,*,#166772,.F.);
#237157=ORIENTED_EDGE('',*,*,#166773,.F.);
#237158=ORIENTED_EDGE('',*,*,#166774,.T.);
#237159=ORIENTED_EDGE('',*,*,#166516,.F.);
#237160=ORIENTED_EDGE('',*,*,#166774,.F.);
#237161=ORIENTED_EDGE('',*,*,#166775,.F.);
#237162=ORIENTED_EDGE('',*,*,#166776,.T.);
#237163=ORIENTED_EDGE('',*,*,#166544,.F.);
#237164=ORIENTED_EDGE('',*,*,#166776,.F.);
#237165=ORIENTED_EDGE('',*,*,#166777,.F.);
#237166=ORIENTED_EDGE('',*,*,#166778,.T.);
#237167=ORIENTED_EDGE('',*,*,#166545,.F.);
#237168=ORIENTED_EDGE('',*,*,#166778,.F.);
#237169=ORIENTED_EDGE('',*,*,#166779,.F.);
#237170=ORIENTED_EDGE('',*,*,#166780,.T.);
#237171=ORIENTED_EDGE('',*,*,#166612,.F.);
#237172=ORIENTED_EDGE('',*,*,#166780,.F.);
#237173=ORIENTED_EDGE('',*,*,#166781,.F.);
#237174=ORIENTED_EDGE('',*,*,#166782,.T.);
#237175=ORIENTED_EDGE('',*,*,#166546,.F.);
#237176=ORIENTED_EDGE('',*,*,#166782,.F.);
#237177=ORIENTED_EDGE('',*,*,#166783,.F.);
#237178=ORIENTED_EDGE('',*,*,#166784,.T.);
#237179=ORIENTED_EDGE('',*,*,#166613,.F.);
#237180=ORIENTED_EDGE('',*,*,#166784,.F.);
#237181=ORIENTED_EDGE('',*,*,#166785,.F.);
#237182=ORIENTED_EDGE('',*,*,#166786,.T.);
#237183=ORIENTED_EDGE('',*,*,#166547,.F.);
#237184=ORIENTED_EDGE('',*,*,#166786,.F.);
#237185=ORIENTED_EDGE('',*,*,#166787,.F.);
#237186=ORIENTED_EDGE('',*,*,#166788,.T.);
#237187=ORIENTED_EDGE('',*,*,#166583,.F.);
#237188=ORIENTED_EDGE('',*,*,#166788,.F.);
#237189=ORIENTED_EDGE('',*,*,#166789,.F.);
#237190=ORIENTED_EDGE('',*,*,#166790,.T.);
#237191=ORIENTED_EDGE('',*,*,#166614,.F.);
#237192=ORIENTED_EDGE('',*,*,#166790,.F.);
#237193=ORIENTED_EDGE('',*,*,#166791,.F.);
#237194=ORIENTED_EDGE('',*,*,#166792,.T.);
#237195=ORIENTED_EDGE('',*,*,#166548,.F.);
#237196=ORIENTED_EDGE('',*,*,#166792,.F.);
#237197=ORIENTED_EDGE('',*,*,#166793,.F.);
#237198=ORIENTED_EDGE('',*,*,#166794,.T.);
#237199=ORIENTED_EDGE('',*,*,#166517,.F.);
#237200=ORIENTED_EDGE('',*,*,#166794,.F.);
#237201=ORIENTED_EDGE('',*,*,#166795,.F.);
#237202=ORIENTED_EDGE('',*,*,#166796,.T.);
#237203=ORIENTED_EDGE('',*,*,#166518,.F.);
#237204=ORIENTED_EDGE('',*,*,#166796,.F.);
#237205=ORIENTED_EDGE('',*,*,#166797,.F.);
#237206=ORIENTED_EDGE('',*,*,#166798,.T.);
#237207=ORIENTED_EDGE('',*,*,#166549,.F.);
#237208=ORIENTED_EDGE('',*,*,#166798,.F.);
#237209=ORIENTED_EDGE('',*,*,#166799,.F.);
#237210=ORIENTED_EDGE('',*,*,#166800,.T.);
#237211=ORIENTED_EDGE('',*,*,#166615,.F.);
#237212=ORIENTED_EDGE('',*,*,#166800,.F.);
#237213=ORIENTED_EDGE('',*,*,#166801,.F.);
#237214=ORIENTED_EDGE('',*,*,#166802,.T.);
#237215=ORIENTED_EDGE('',*,*,#166616,.F.);
#237216=ORIENTED_EDGE('',*,*,#166802,.F.);
#237217=ORIENTED_EDGE('',*,*,#166803,.F.);
#237218=ORIENTED_EDGE('',*,*,#166804,.T.);
#237219=ORIENTED_EDGE('',*,*,#166550,.F.);
#237220=ORIENTED_EDGE('',*,*,#166804,.F.);
#237221=ORIENTED_EDGE('',*,*,#166805,.F.);
#237222=ORIENTED_EDGE('',*,*,#166806,.T.);
#237223=ORIENTED_EDGE('',*,*,#166470,.F.);
#237224=ORIENTED_EDGE('',*,*,#166806,.F.);
#237225=ORIENTED_EDGE('',*,*,#166807,.F.);
#237226=ORIENTED_EDGE('',*,*,#166808,.T.);
#237227=ORIENTED_EDGE('',*,*,#166471,.F.);
#237228=ORIENTED_EDGE('',*,*,#166808,.F.);
#237229=ORIENTED_EDGE('',*,*,#166809,.F.);
#237230=ORIENTED_EDGE('',*,*,#166810,.T.);
#237231=ORIENTED_EDGE('',*,*,#166472,.F.);
#237232=ORIENTED_EDGE('',*,*,#166810,.F.);
#237233=ORIENTED_EDGE('',*,*,#166811,.F.);
#237234=ORIENTED_EDGE('',*,*,#166812,.T.);
#237235=ORIENTED_EDGE('',*,*,#166584,.F.);
#237236=ORIENTED_EDGE('',*,*,#166812,.F.);
#237237=ORIENTED_EDGE('',*,*,#166813,.F.);
#237238=ORIENTED_EDGE('',*,*,#166814,.T.);
#237239=ORIENTED_EDGE('',*,*,#166473,.F.);
#237240=ORIENTED_EDGE('',*,*,#166814,.F.);
#237241=ORIENTED_EDGE('',*,*,#166815,.F.);
#237242=ORIENTED_EDGE('',*,*,#166816,.T.);
#237243=ORIENTED_EDGE('',*,*,#166474,.F.);
#237244=ORIENTED_EDGE('',*,*,#166816,.F.);
#237245=ORIENTED_EDGE('',*,*,#166817,.F.);
#237246=ORIENTED_EDGE('',*,*,#166818,.T.);
#237247=ORIENTED_EDGE('',*,*,#166551,.F.);
#237248=ORIENTED_EDGE('',*,*,#166818,.F.);
#237249=ORIENTED_EDGE('',*,*,#166819,.F.);
#237250=ORIENTED_EDGE('',*,*,#166820,.T.);
#237251=ORIENTED_EDGE('',*,*,#166475,.F.);
#237252=ORIENTED_EDGE('',*,*,#166820,.F.);
#237253=ORIENTED_EDGE('',*,*,#166821,.F.);
#237254=ORIENTED_EDGE('',*,*,#166822,.T.);
#237255=ORIENTED_EDGE('',*,*,#166552,.F.);
#237256=ORIENTED_EDGE('',*,*,#166822,.F.);
#237257=ORIENTED_EDGE('',*,*,#166823,.F.);
#237258=ORIENTED_EDGE('',*,*,#166824,.T.);
#237259=ORIENTED_EDGE('',*,*,#166519,.F.);
#237260=ORIENTED_EDGE('',*,*,#166824,.F.);
#237261=ORIENTED_EDGE('',*,*,#166825,.F.);
#237262=ORIENTED_EDGE('',*,*,#166826,.T.);
#237263=ORIENTED_EDGE('',*,*,#166476,.F.);
#237264=ORIENTED_EDGE('',*,*,#166826,.F.);
#237265=ORIENTED_EDGE('',*,*,#166827,.F.);
#237266=ORIENTED_EDGE('',*,*,#166828,.T.);
#237267=ORIENTED_EDGE('',*,*,#166477,.F.);
#237268=ORIENTED_EDGE('',*,*,#166828,.F.);
#237269=ORIENTED_EDGE('',*,*,#166829,.F.);
#237270=ORIENTED_EDGE('',*,*,#166830,.T.);
#237271=ORIENTED_EDGE('',*,*,#166478,.F.);
#237272=ORIENTED_EDGE('',*,*,#166830,.F.);
#237273=ORIENTED_EDGE('',*,*,#166831,.F.);
#237274=ORIENTED_EDGE('',*,*,#166832,.T.);
#237275=ORIENTED_EDGE('',*,*,#166479,.F.);
#237276=ORIENTED_EDGE('',*,*,#166832,.F.);
#237277=ORIENTED_EDGE('',*,*,#166833,.F.);
#237278=ORIENTED_EDGE('',*,*,#166834,.T.);
#237279=ORIENTED_EDGE('',*,*,#166480,.F.);
#237280=ORIENTED_EDGE('',*,*,#166834,.F.);
#237281=ORIENTED_EDGE('',*,*,#166835,.F.);
#237282=ORIENTED_EDGE('',*,*,#166836,.T.);
#237283=ORIENTED_EDGE('',*,*,#166481,.F.);
#237284=ORIENTED_EDGE('',*,*,#166836,.F.);
#237285=ORIENTED_EDGE('',*,*,#166837,.F.);
#237286=ORIENTED_EDGE('',*,*,#166838,.T.);
#237287=ORIENTED_EDGE('',*,*,#166585,.F.);
#237288=ORIENTED_EDGE('',*,*,#166838,.F.);
#237289=ORIENTED_EDGE('',*,*,#166839,.F.);
#237290=ORIENTED_EDGE('',*,*,#166840,.T.);
#237291=ORIENTED_EDGE('',*,*,#166520,.F.);
#237292=ORIENTED_EDGE('',*,*,#166840,.F.);
#237293=ORIENTED_EDGE('',*,*,#166841,.F.);
#237294=ORIENTED_EDGE('',*,*,#166842,.T.);
#237295=ORIENTED_EDGE('',*,*,#166617,.F.);
#237296=ORIENTED_EDGE('',*,*,#166842,.F.);
#237297=ORIENTED_EDGE('',*,*,#166843,.F.);
#237298=ORIENTED_EDGE('',*,*,#166844,.T.);
#237299=ORIENTED_EDGE('',*,*,#166586,.F.);
#237300=ORIENTED_EDGE('',*,*,#166844,.F.);
#237301=ORIENTED_EDGE('',*,*,#166845,.F.);
#237302=ORIENTED_EDGE('',*,*,#166846,.T.);
#237303=ORIENTED_EDGE('',*,*,#166553,.F.);
#237304=ORIENTED_EDGE('',*,*,#166846,.F.);
#237305=ORIENTED_EDGE('',*,*,#166847,.F.);
#237306=ORIENTED_EDGE('',*,*,#166848,.T.);
#237307=ORIENTED_EDGE('',*,*,#166587,.F.);
#237308=ORIENTED_EDGE('',*,*,#166848,.F.);
#237309=ORIENTED_EDGE('',*,*,#166849,.F.);
#237310=ORIENTED_EDGE('',*,*,#166850,.T.);
#237311=ORIENTED_EDGE('',*,*,#166521,.F.);
#237312=ORIENTED_EDGE('',*,*,#166850,.F.);
#237313=ORIENTED_EDGE('',*,*,#166851,.F.);
#237314=ORIENTED_EDGE('',*,*,#166852,.T.);
#237315=ORIENTED_EDGE('',*,*,#166554,.F.);
#237316=ORIENTED_EDGE('',*,*,#166852,.F.);
#237317=ORIENTED_EDGE('',*,*,#166853,.F.);
#237318=ORIENTED_EDGE('',*,*,#166854,.T.);
#237319=ORIENTED_EDGE('',*,*,#166588,.F.);
#237320=ORIENTED_EDGE('',*,*,#166854,.F.);
#237321=ORIENTED_EDGE('',*,*,#166855,.F.);
#237322=ORIENTED_EDGE('',*,*,#166856,.T.);
#237323=ORIENTED_EDGE('',*,*,#166555,.F.);
#237324=ORIENTED_EDGE('',*,*,#166856,.F.);
#237325=ORIENTED_EDGE('',*,*,#166857,.F.);
#237326=ORIENTED_EDGE('',*,*,#166858,.T.);
#237327=ORIENTED_EDGE('',*,*,#166522,.F.);
#237328=ORIENTED_EDGE('',*,*,#166858,.F.);
#237329=ORIENTED_EDGE('',*,*,#166859,.F.);
#237330=ORIENTED_EDGE('',*,*,#166860,.T.);
#237331=ORIENTED_EDGE('',*,*,#166523,.F.);
#237332=ORIENTED_EDGE('',*,*,#166860,.F.);
#237333=ORIENTED_EDGE('',*,*,#166861,.F.);
#237334=ORIENTED_EDGE('',*,*,#166862,.T.);
#237335=ORIENTED_EDGE('',*,*,#166556,.F.);
#237336=ORIENTED_EDGE('',*,*,#166862,.F.);
#237337=ORIENTED_EDGE('',*,*,#166863,.F.);
#237338=ORIENTED_EDGE('',*,*,#166864,.T.);
#237339=ORIENTED_EDGE('',*,*,#166482,.F.);
#237340=ORIENTED_EDGE('',*,*,#166864,.F.);
#237341=ORIENTED_EDGE('',*,*,#166865,.F.);
#237342=ORIENTED_EDGE('',*,*,#166866,.T.);
#237343=ORIENTED_EDGE('',*,*,#166524,.F.);
#237344=ORIENTED_EDGE('',*,*,#166866,.F.);
#237345=ORIENTED_EDGE('',*,*,#166867,.F.);
#237346=ORIENTED_EDGE('',*,*,#166868,.T.);
#237347=ORIENTED_EDGE('',*,*,#166618,.F.);
#237348=ORIENTED_EDGE('',*,*,#166868,.F.);
#237349=ORIENTED_EDGE('',*,*,#166869,.F.);
#237350=ORIENTED_EDGE('',*,*,#166870,.T.);
#237351=ORIENTED_EDGE('',*,*,#166483,.F.);
#237352=ORIENTED_EDGE('',*,*,#166870,.F.);
#237353=ORIENTED_EDGE('',*,*,#166871,.F.);
#237354=ORIENTED_EDGE('',*,*,#166872,.T.);
#237355=ORIENTED_EDGE('',*,*,#166484,.F.);
#237356=ORIENTED_EDGE('',*,*,#166872,.F.);
#237357=ORIENTED_EDGE('',*,*,#166873,.F.);
#237358=ORIENTED_EDGE('',*,*,#166874,.T.);
#237359=ORIENTED_EDGE('',*,*,#166525,.F.);
#237360=ORIENTED_EDGE('',*,*,#166874,.F.);
#237361=ORIENTED_EDGE('',*,*,#166875,.F.);
#237362=ORIENTED_EDGE('',*,*,#166876,.T.);
#237363=ORIENTED_EDGE('',*,*,#166526,.F.);
#237364=ORIENTED_EDGE('',*,*,#166876,.F.);
#237365=ORIENTED_EDGE('',*,*,#166877,.F.);
#237366=ORIENTED_EDGE('',*,*,#166878,.T.);
#237367=ORIENTED_EDGE('',*,*,#166557,.F.);
#237368=ORIENTED_EDGE('',*,*,#166878,.F.);
#237369=ORIENTED_EDGE('',*,*,#166879,.F.);
#237370=ORIENTED_EDGE('',*,*,#166880,.T.);
#237371=ORIENTED_EDGE('',*,*,#166558,.F.);
#237372=ORIENTED_EDGE('',*,*,#166880,.F.);
#237373=ORIENTED_EDGE('',*,*,#166881,.F.);
#237374=ORIENTED_EDGE('',*,*,#166882,.T.);
#237375=ORIENTED_EDGE('',*,*,#166559,.F.);
#237376=ORIENTED_EDGE('',*,*,#166882,.F.);
#237377=ORIENTED_EDGE('',*,*,#166883,.F.);
#237378=ORIENTED_EDGE('',*,*,#166884,.T.);
#237379=ORIENTED_EDGE('',*,*,#166619,.F.);
#237380=ORIENTED_EDGE('',*,*,#166884,.F.);
#237381=ORIENTED_EDGE('',*,*,#166885,.F.);
#237382=ORIENTED_EDGE('',*,*,#166886,.T.);
#237383=ORIENTED_EDGE('',*,*,#166527,.F.);
#237384=ORIENTED_EDGE('',*,*,#166886,.F.);
#237385=ORIENTED_EDGE('',*,*,#166887,.F.);
#237386=ORIENTED_EDGE('',*,*,#166888,.T.);
#237387=ORIENTED_EDGE('',*,*,#166589,.F.);
#237388=ORIENTED_EDGE('',*,*,#166888,.F.);
#237389=ORIENTED_EDGE('',*,*,#166889,.F.);
#237390=ORIENTED_EDGE('',*,*,#166890,.T.);
#237391=ORIENTED_EDGE('',*,*,#166620,.F.);
#237392=ORIENTED_EDGE('',*,*,#166890,.F.);
#237393=ORIENTED_EDGE('',*,*,#166891,.F.);
#237394=ORIENTED_EDGE('',*,*,#166892,.T.);
#237395=ORIENTED_EDGE('',*,*,#166621,.F.);
#237396=ORIENTED_EDGE('',*,*,#166892,.F.);
#237397=ORIENTED_EDGE('',*,*,#166893,.F.);
#237398=ORIENTED_EDGE('',*,*,#166894,.T.);
#237399=ORIENTED_EDGE('',*,*,#166622,.F.);
#237400=ORIENTED_EDGE('',*,*,#166894,.F.);
#237401=ORIENTED_EDGE('',*,*,#166895,.F.);
#237402=ORIENTED_EDGE('',*,*,#166896,.T.);
#237403=ORIENTED_EDGE('',*,*,#166590,.F.);
#237404=ORIENTED_EDGE('',*,*,#166896,.F.);
#237405=ORIENTED_EDGE('',*,*,#166897,.F.);
#237406=ORIENTED_EDGE('',*,*,#166898,.T.);
#237407=ORIENTED_EDGE('',*,*,#166623,.F.);
#237408=ORIENTED_EDGE('',*,*,#166898,.F.);
#237409=ORIENTED_EDGE('',*,*,#166899,.F.);
#237410=ORIENTED_EDGE('',*,*,#166900,.T.);
#237411=ORIENTED_EDGE('',*,*,#166624,.F.);
#237412=ORIENTED_EDGE('',*,*,#166900,.F.);
#237413=ORIENTED_EDGE('',*,*,#166901,.F.);
#237414=ORIENTED_EDGE('',*,*,#166902,.T.);
#237415=ORIENTED_EDGE('',*,*,#166528,.F.);
#237416=ORIENTED_EDGE('',*,*,#166902,.F.);
#237417=ORIENTED_EDGE('',*,*,#166903,.F.);
#237418=ORIENTED_EDGE('',*,*,#166904,.T.);
#237419=ORIENTED_EDGE('',*,*,#166625,.F.);
#237420=ORIENTED_EDGE('',*,*,#166904,.F.);
#237421=ORIENTED_EDGE('',*,*,#166905,.F.);
#237422=ORIENTED_EDGE('',*,*,#166906,.T.);
#237423=ORIENTED_EDGE('',*,*,#166529,.F.);
#237424=ORIENTED_EDGE('',*,*,#166906,.F.);
#237425=ORIENTED_EDGE('',*,*,#166907,.F.);
#237426=ORIENTED_EDGE('',*,*,#166908,.T.);
#237427=ORIENTED_EDGE('',*,*,#166485,.F.);
#237428=ORIENTED_EDGE('',*,*,#166908,.F.);
#237429=ORIENTED_EDGE('',*,*,#166909,.F.);
#237430=ORIENTED_EDGE('',*,*,#166910,.T.);
#237431=ORIENTED_EDGE('',*,*,#166486,.F.);
#237432=ORIENTED_EDGE('',*,*,#166910,.F.);
#237433=ORIENTED_EDGE('',*,*,#166911,.F.);
#237434=ORIENTED_EDGE('',*,*,#166912,.T.);
#237435=ORIENTED_EDGE('',*,*,#166487,.F.);
#237436=ORIENTED_EDGE('',*,*,#166912,.F.);
#237437=ORIENTED_EDGE('',*,*,#166913,.F.);
#237438=ORIENTED_EDGE('',*,*,#166914,.T.);
#237439=ORIENTED_EDGE('',*,*,#166488,.F.);
#237440=ORIENTED_EDGE('',*,*,#166914,.F.);
#237441=ORIENTED_EDGE('',*,*,#166915,.F.);
#237442=ORIENTED_EDGE('',*,*,#166916,.T.);
#237443=ORIENTED_EDGE('',*,*,#166626,.F.);
#237444=ORIENTED_EDGE('',*,*,#166916,.F.);
#237445=ORIENTED_EDGE('',*,*,#166917,.F.);
#237446=ORIENTED_EDGE('',*,*,#166918,.T.);
#237447=ORIENTED_EDGE('',*,*,#166627,.F.);
#237448=ORIENTED_EDGE('',*,*,#166918,.F.);
#237449=ORIENTED_EDGE('',*,*,#166919,.F.);
#237450=ORIENTED_EDGE('',*,*,#166920,.T.);
#237451=ORIENTED_EDGE('',*,*,#166591,.F.);
#237452=ORIENTED_EDGE('',*,*,#166920,.F.);
#237453=ORIENTED_EDGE('',*,*,#166921,.F.);
#237454=ORIENTED_EDGE('',*,*,#166922,.T.);
#237455=ORIENTED_EDGE('',*,*,#166592,.F.);
#237456=ORIENTED_EDGE('',*,*,#166922,.F.);
#237457=ORIENTED_EDGE('',*,*,#166923,.F.);
#237458=ORIENTED_EDGE('',*,*,#166924,.T.);
#237459=ORIENTED_EDGE('',*,*,#166489,.F.);
#237460=ORIENTED_EDGE('',*,*,#166924,.F.);
#237461=ORIENTED_EDGE('',*,*,#166925,.F.);
#237462=ORIENTED_EDGE('',*,*,#166926,.T.);
#237463=ORIENTED_EDGE('',*,*,#166593,.F.);
#237464=ORIENTED_EDGE('',*,*,#166926,.F.);
#237465=ORIENTED_EDGE('',*,*,#166927,.F.);
#237466=ORIENTED_EDGE('',*,*,#166928,.T.);
#237467=ORIENTED_EDGE('',*,*,#166530,.F.);
#237468=ORIENTED_EDGE('',*,*,#166928,.F.);
#237469=ORIENTED_EDGE('',*,*,#166929,.F.);
#237470=ORIENTED_EDGE('',*,*,#166930,.T.);
#237471=ORIENTED_EDGE('',*,*,#166594,.F.);
#237472=ORIENTED_EDGE('',*,*,#166930,.F.);
#237473=ORIENTED_EDGE('',*,*,#166931,.F.);
#237474=ORIENTED_EDGE('',*,*,#166932,.T.);
#237475=ORIENTED_EDGE('',*,*,#166628,.F.);
#237476=ORIENTED_EDGE('',*,*,#166932,.F.);
#237477=ORIENTED_EDGE('',*,*,#166933,.F.);
#237478=ORIENTED_EDGE('',*,*,#166934,.T.);
#237479=ORIENTED_EDGE('',*,*,#166490,.F.);
#237480=ORIENTED_EDGE('',*,*,#166934,.F.);
#237481=ORIENTED_EDGE('',*,*,#166935,.F.);
#237482=ORIENTED_EDGE('',*,*,#166936,.T.);
#237483=ORIENTED_EDGE('',*,*,#166560,.F.);
#237484=ORIENTED_EDGE('',*,*,#166936,.F.);
#237485=ORIENTED_EDGE('',*,*,#166937,.F.);
#237486=ORIENTED_EDGE('',*,*,#166938,.T.);
#237487=ORIENTED_EDGE('',*,*,#166561,.F.);
#237488=ORIENTED_EDGE('',*,*,#166938,.F.);
#237489=ORIENTED_EDGE('',*,*,#166939,.F.);
#237490=ORIENTED_EDGE('',*,*,#166940,.T.);
#237491=ORIENTED_EDGE('',*,*,#166629,.F.);
#237492=ORIENTED_EDGE('',*,*,#166940,.F.);
#237493=ORIENTED_EDGE('',*,*,#166941,.F.);
#237494=ORIENTED_EDGE('',*,*,#166942,.T.);
#237495=ORIENTED_EDGE('',*,*,#166630,.F.);
#237496=ORIENTED_EDGE('',*,*,#166942,.F.);
#237497=ORIENTED_EDGE('',*,*,#166943,.F.);
#237498=ORIENTED_EDGE('',*,*,#166944,.T.);
#237499=ORIENTED_EDGE('',*,*,#166562,.F.);
#237500=ORIENTED_EDGE('',*,*,#166944,.F.);
#237501=ORIENTED_EDGE('',*,*,#166945,.F.);
#237502=ORIENTED_EDGE('',*,*,#166946,.T.);
#237503=ORIENTED_EDGE('',*,*,#166491,.F.);
#237504=ORIENTED_EDGE('',*,*,#166946,.F.);
#237505=ORIENTED_EDGE('',*,*,#166947,.F.);
#237506=ORIENTED_EDGE('',*,*,#166948,.T.);
#237507=ORIENTED_EDGE('',*,*,#166595,.F.);
#237508=ORIENTED_EDGE('',*,*,#166948,.F.);
#237509=ORIENTED_EDGE('',*,*,#166949,.F.);
#237510=ORIENTED_EDGE('',*,*,#166950,.T.);
#237511=ORIENTED_EDGE('',*,*,#166596,.F.);
#237512=ORIENTED_EDGE('',*,*,#166950,.F.);
#237513=ORIENTED_EDGE('',*,*,#166951,.F.);
#237514=ORIENTED_EDGE('',*,*,#166952,.T.);
#237515=ORIENTED_EDGE('',*,*,#166492,.F.);
#237516=ORIENTED_EDGE('',*,*,#166952,.F.);
#237517=ORIENTED_EDGE('',*,*,#166953,.F.);
#237518=ORIENTED_EDGE('',*,*,#166954,.T.);
#237519=ORIENTED_EDGE('',*,*,#166631,.F.);
#237520=ORIENTED_EDGE('',*,*,#166954,.F.);
#237521=ORIENTED_EDGE('',*,*,#166955,.F.);
#237522=ORIENTED_EDGE('',*,*,#166956,.T.);
#237523=ORIENTED_EDGE('',*,*,#166597,.F.);
#237524=ORIENTED_EDGE('',*,*,#166956,.F.);
#237525=ORIENTED_EDGE('',*,*,#166957,.F.);
#237526=ORIENTED_EDGE('',*,*,#166958,.T.);
#237527=ORIENTED_EDGE('',*,*,#166563,.F.);
#237528=ORIENTED_EDGE('',*,*,#166958,.F.);
#237529=ORIENTED_EDGE('',*,*,#166959,.F.);
#237530=ORIENTED_EDGE('',*,*,#166960,.T.);
#237531=ORIENTED_EDGE('',*,*,#166531,.F.);
#237532=ORIENTED_EDGE('',*,*,#166960,.F.);
#237533=ORIENTED_EDGE('',*,*,#166961,.F.);
#237534=ORIENTED_EDGE('',*,*,#166962,.T.);
#237535=ORIENTED_EDGE('',*,*,#166532,.F.);
#237536=ORIENTED_EDGE('',*,*,#166962,.F.);
#237537=ORIENTED_EDGE('',*,*,#166963,.F.);
#237538=ORIENTED_EDGE('',*,*,#166964,.T.);
#237539=ORIENTED_EDGE('',*,*,#166493,.F.);
#237540=ORIENTED_EDGE('',*,*,#166964,.F.);
#237541=ORIENTED_EDGE('',*,*,#166965,.F.);
#237542=ORIENTED_EDGE('',*,*,#166966,.T.);
#237543=ORIENTED_EDGE('',*,*,#166494,.F.);
#237544=ORIENTED_EDGE('',*,*,#166966,.F.);
#237545=ORIENTED_EDGE('',*,*,#166967,.F.);
#237546=ORIENTED_EDGE('',*,*,#166968,.T.);
#237547=ORIENTED_EDGE('',*,*,#166495,.F.);
#237548=ORIENTED_EDGE('',*,*,#166968,.F.);
#237549=ORIENTED_EDGE('',*,*,#166969,.F.);
#237550=ORIENTED_EDGE('',*,*,#166970,.T.);
#237551=ORIENTED_EDGE('',*,*,#166496,.F.);
#237552=ORIENTED_EDGE('',*,*,#166970,.F.);
#237553=ORIENTED_EDGE('',*,*,#166971,.F.);
#237554=ORIENTED_EDGE('',*,*,#166972,.T.);
#237555=ORIENTED_EDGE('',*,*,#166497,.F.);
#237556=ORIENTED_EDGE('',*,*,#166972,.F.);
#237557=ORIENTED_EDGE('',*,*,#166973,.F.);
#237558=ORIENTED_EDGE('',*,*,#166974,.T.);
#237559=ORIENTED_EDGE('',*,*,#166498,.F.);
#237560=ORIENTED_EDGE('',*,*,#166974,.F.);
#237561=ORIENTED_EDGE('',*,*,#166975,.F.);
#237562=ORIENTED_EDGE('',*,*,#166976,.T.);
#237563=ORIENTED_EDGE('',*,*,#166499,.F.);
#237564=ORIENTED_EDGE('',*,*,#166976,.F.);
#237565=ORIENTED_EDGE('',*,*,#166977,.F.);
#237566=ORIENTED_EDGE('',*,*,#166978,.T.);
#237567=ORIENTED_EDGE('',*,*,#166598,.F.);
#237568=ORIENTED_EDGE('',*,*,#166978,.F.);
#237569=ORIENTED_EDGE('',*,*,#166979,.F.);
#237570=ORIENTED_EDGE('',*,*,#166980,.T.);
#237571=ORIENTED_EDGE('',*,*,#166564,.F.);
#237572=ORIENTED_EDGE('',*,*,#166980,.F.);
#237573=ORIENTED_EDGE('',*,*,#166981,.F.);
#237574=ORIENTED_EDGE('',*,*,#166982,.T.);
#237575=ORIENTED_EDGE('',*,*,#166565,.F.);
#237576=ORIENTED_EDGE('',*,*,#166982,.F.);
#237577=ORIENTED_EDGE('',*,*,#166983,.T.);
#237578=ORIENTED_EDGE('',*,*,#166984,.T.);
#237579=ORIENTED_EDGE('',*,*,#166178,.F.);
#237580=ORIENTED_EDGE('',*,*,#166985,.F.);
#237581=ORIENTED_EDGE('',*,*,#166986,.T.);
#237582=ORIENTED_EDGE('',*,*,#166985,.T.);
#237583=ORIENTED_EDGE('',*,*,#166177,.F.);
#237584=ORIENTED_EDGE('',*,*,#166987,.F.);
#237585=ORIENTED_EDGE('',*,*,#166988,.T.);
#237586=ORIENTED_EDGE('',*,*,#166987,.T.);
#237587=ORIENTED_EDGE('',*,*,#166176,.F.);
#237588=ORIENTED_EDGE('',*,*,#166989,.F.);
#237589=ORIENTED_EDGE('',*,*,#166990,.T.);
#237590=ORIENTED_EDGE('',*,*,#166989,.T.);
#237591=ORIENTED_EDGE('',*,*,#166175,.F.);
#237592=ORIENTED_EDGE('',*,*,#166984,.F.);
#237593=ORIENTED_EDGE('',*,*,#166308,.F.);
#237594=ORIENTED_EDGE('',*,*,#166991,.T.);
#237595=ORIENTED_EDGE('',*,*,#166992,.T.);
#237596=ORIENTED_EDGE('',*,*,#166991,.F.);
#237597=ORIENTED_EDGE('',*,*,#166298,.F.);
#237598=ORIENTED_EDGE('',*,*,#166300,.F.);
#237599=ORIENTED_EDGE('',*,*,#166339,.F.);
#237600=ORIENTED_EDGE('',*,*,#166341,.F.);
#237601=ORIENTED_EDGE('',*,*,#166343,.F.);
#237602=ORIENTED_EDGE('',*,*,#166344,.F.);
#237603=ORIENTED_EDGE('',*,*,#166293,.F.);
#237604=ORIENTED_EDGE('',*,*,#166296,.F.);
#237605=ORIENTED_EDGE('',*,*,#166633,.T.);
#237606=ORIENTED_EDGE('',*,*,#166181,.F.);
#237607=ORIENTED_EDGE('',*,*,#166202,.F.);
#237608=ORIENTED_EDGE('',*,*,#166197,.F.);
#237609=ORIENTED_EDGE('',*,*,#166634,.F.);
#237610=ORIENTED_EDGE('',*,*,#166195,.F.);
#237611=ORIENTED_EDGE('',*,*,#166191,.F.);
#237612=ORIENTED_EDGE('',*,*,#166188,.F.);
#237613=ORIENTED_EDGE('',*,*,#166185,.F.);
#237614=ORIENTED_EDGE('',*,*,#166990,.F.);
#237615=ORIENTED_EDGE('',*,*,#166983,.F.);
#237616=ORIENTED_EDGE('',*,*,#166986,.F.);
#237617=ORIENTED_EDGE('',*,*,#166988,.F.);
#237618=ORIENTED_EDGE('',*,*,#166992,.F.);
#237619=ORIENTED_EDGE('',*,*,#166653,.T.);
#237620=ORIENTED_EDGE('',*,*,#166655,.T.);
#237621=ORIENTED_EDGE('',*,*,#166657,.T.);
#237622=ORIENTED_EDGE('',*,*,#166659,.T.);
#237623=ORIENTED_EDGE('',*,*,#166661,.T.);
#237624=ORIENTED_EDGE('',*,*,#166663,.T.);
#237625=ORIENTED_EDGE('',*,*,#166665,.T.);
#237626=ORIENTED_EDGE('',*,*,#166667,.T.);
#237627=ORIENTED_EDGE('',*,*,#166669,.T.);
#237628=ORIENTED_EDGE('',*,*,#166671,.T.);
#237629=ORIENTED_EDGE('',*,*,#166673,.T.);
#237630=ORIENTED_EDGE('',*,*,#166675,.T.);
#237631=ORIENTED_EDGE('',*,*,#166677,.T.);
#237632=ORIENTED_EDGE('',*,*,#166679,.T.);
#237633=ORIENTED_EDGE('',*,*,#166681,.T.);
#237634=ORIENTED_EDGE('',*,*,#166683,.T.);
#237635=ORIENTED_EDGE('',*,*,#166685,.T.);
#237636=ORIENTED_EDGE('',*,*,#166687,.T.);
#237637=ORIENTED_EDGE('',*,*,#166689,.T.);
#237638=ORIENTED_EDGE('',*,*,#166691,.T.);
#237639=ORIENTED_EDGE('',*,*,#166693,.T.);
#237640=ORIENTED_EDGE('',*,*,#166695,.T.);
#237641=ORIENTED_EDGE('',*,*,#166697,.T.);
#237642=ORIENTED_EDGE('',*,*,#166699,.T.);
#237643=ORIENTED_EDGE('',*,*,#166701,.T.);
#237644=ORIENTED_EDGE('',*,*,#166703,.T.);
#237645=ORIENTED_EDGE('',*,*,#166705,.T.);
#237646=ORIENTED_EDGE('',*,*,#166707,.T.);
#237647=ORIENTED_EDGE('',*,*,#166709,.T.);
#237648=ORIENTED_EDGE('',*,*,#166711,.T.);
#237649=ORIENTED_EDGE('',*,*,#166713,.T.);
#237650=ORIENTED_EDGE('',*,*,#166715,.T.);
#237651=ORIENTED_EDGE('',*,*,#166717,.T.);
#237652=ORIENTED_EDGE('',*,*,#166719,.T.);
#237653=ORIENTED_EDGE('',*,*,#166721,.T.);
#237654=ORIENTED_EDGE('',*,*,#166723,.T.);
#237655=ORIENTED_EDGE('',*,*,#166725,.T.);
#237656=ORIENTED_EDGE('',*,*,#166727,.T.);
#237657=ORIENTED_EDGE('',*,*,#166729,.T.);
#237658=ORIENTED_EDGE('',*,*,#166731,.T.);
#237659=ORIENTED_EDGE('',*,*,#166733,.T.);
#237660=ORIENTED_EDGE('',*,*,#166735,.T.);
#237661=ORIENTED_EDGE('',*,*,#166737,.T.);
#237662=ORIENTED_EDGE('',*,*,#166739,.T.);
#237663=ORIENTED_EDGE('',*,*,#166741,.T.);
#237664=ORIENTED_EDGE('',*,*,#166743,.T.);
#237665=ORIENTED_EDGE('',*,*,#166745,.T.);
#237666=ORIENTED_EDGE('',*,*,#166747,.T.);
#237667=ORIENTED_EDGE('',*,*,#166749,.T.);
#237668=ORIENTED_EDGE('',*,*,#166751,.T.);
#237669=ORIENTED_EDGE('',*,*,#166753,.T.);
#237670=ORIENTED_EDGE('',*,*,#166755,.T.);
#237671=ORIENTED_EDGE('',*,*,#166757,.T.);
#237672=ORIENTED_EDGE('',*,*,#166759,.T.);
#237673=ORIENTED_EDGE('',*,*,#166761,.T.);
#237674=ORIENTED_EDGE('',*,*,#166763,.T.);
#237675=ORIENTED_EDGE('',*,*,#166765,.T.);
#237676=ORIENTED_EDGE('',*,*,#166767,.T.);
#237677=ORIENTED_EDGE('',*,*,#166769,.T.);
#237678=ORIENTED_EDGE('',*,*,#166771,.T.);
#237679=ORIENTED_EDGE('',*,*,#166773,.T.);
#237680=ORIENTED_EDGE('',*,*,#166775,.T.);
#237681=ORIENTED_EDGE('',*,*,#166777,.T.);
#237682=ORIENTED_EDGE('',*,*,#166779,.T.);
#237683=ORIENTED_EDGE('',*,*,#166781,.T.);
#237684=ORIENTED_EDGE('',*,*,#166783,.T.);
#237685=ORIENTED_EDGE('',*,*,#166785,.T.);
#237686=ORIENTED_EDGE('',*,*,#166787,.T.);
#237687=ORIENTED_EDGE('',*,*,#166789,.T.);
#237688=ORIENTED_EDGE('',*,*,#166791,.T.);
#237689=ORIENTED_EDGE('',*,*,#166793,.T.);
#237690=ORIENTED_EDGE('',*,*,#166795,.T.);
#237691=ORIENTED_EDGE('',*,*,#166797,.T.);
#237692=ORIENTED_EDGE('',*,*,#166799,.T.);
#237693=ORIENTED_EDGE('',*,*,#166801,.T.);
#237694=ORIENTED_EDGE('',*,*,#166803,.T.);
#237695=ORIENTED_EDGE('',*,*,#166805,.T.);
#237696=ORIENTED_EDGE('',*,*,#166807,.T.);
#237697=ORIENTED_EDGE('',*,*,#166809,.T.);
#237698=ORIENTED_EDGE('',*,*,#166811,.T.);
#237699=ORIENTED_EDGE('',*,*,#166813,.T.);
#237700=ORIENTED_EDGE('',*,*,#166815,.T.);
#237701=ORIENTED_EDGE('',*,*,#166817,.T.);
#237702=ORIENTED_EDGE('',*,*,#166819,.T.);
#237703=ORIENTED_EDGE('',*,*,#166821,.T.);
#237704=ORIENTED_EDGE('',*,*,#166823,.T.);
#237705=ORIENTED_EDGE('',*,*,#166825,.T.);
#237706=ORIENTED_EDGE('',*,*,#166827,.T.);
#237707=ORIENTED_EDGE('',*,*,#166829,.T.);
#237708=ORIENTED_EDGE('',*,*,#166831,.T.);
#237709=ORIENTED_EDGE('',*,*,#166833,.T.);
#237710=ORIENTED_EDGE('',*,*,#166835,.T.);
#237711=ORIENTED_EDGE('',*,*,#166837,.T.);
#237712=ORIENTED_EDGE('',*,*,#166839,.T.);
#237713=ORIENTED_EDGE('',*,*,#166841,.T.);
#237714=ORIENTED_EDGE('',*,*,#166843,.T.);
#237715=ORIENTED_EDGE('',*,*,#166845,.T.);
#237716=ORIENTED_EDGE('',*,*,#166847,.T.);
#237717=ORIENTED_EDGE('',*,*,#166849,.T.);
#237718=ORIENTED_EDGE('',*,*,#166851,.T.);
#237719=ORIENTED_EDGE('',*,*,#166853,.T.);
#237720=ORIENTED_EDGE('',*,*,#166855,.T.);
#237721=ORIENTED_EDGE('',*,*,#166857,.T.);
#237722=ORIENTED_EDGE('',*,*,#166859,.T.);
#237723=ORIENTED_EDGE('',*,*,#166861,.T.);
#237724=ORIENTED_EDGE('',*,*,#166863,.T.);
#237725=ORIENTED_EDGE('',*,*,#166865,.T.);
#237726=ORIENTED_EDGE('',*,*,#166867,.T.);
#237727=ORIENTED_EDGE('',*,*,#166869,.T.);
#237728=ORIENTED_EDGE('',*,*,#166871,.T.);
#237729=ORIENTED_EDGE('',*,*,#166873,.T.);
#237730=ORIENTED_EDGE('',*,*,#166875,.T.);
#237731=ORIENTED_EDGE('',*,*,#166877,.T.);
#237732=ORIENTED_EDGE('',*,*,#166879,.T.);
#237733=ORIENTED_EDGE('',*,*,#166881,.T.);
#237734=ORIENTED_EDGE('',*,*,#166883,.T.);
#237735=ORIENTED_EDGE('',*,*,#166885,.T.);
#237736=ORIENTED_EDGE('',*,*,#166887,.T.);
#237737=ORIENTED_EDGE('',*,*,#166889,.T.);
#237738=ORIENTED_EDGE('',*,*,#166891,.T.);
#237739=ORIENTED_EDGE('',*,*,#166893,.T.);
#237740=ORIENTED_EDGE('',*,*,#166895,.T.);
#237741=ORIENTED_EDGE('',*,*,#166897,.T.);
#237742=ORIENTED_EDGE('',*,*,#166899,.T.);
#237743=ORIENTED_EDGE('',*,*,#166901,.T.);
#237744=ORIENTED_EDGE('',*,*,#166903,.T.);
#237745=ORIENTED_EDGE('',*,*,#166905,.T.);
#237746=ORIENTED_EDGE('',*,*,#166907,.T.);
#237747=ORIENTED_EDGE('',*,*,#166909,.T.);
#237748=ORIENTED_EDGE('',*,*,#166911,.T.);
#237749=ORIENTED_EDGE('',*,*,#166913,.T.);
#237750=ORIENTED_EDGE('',*,*,#166915,.T.);
#237751=ORIENTED_EDGE('',*,*,#166917,.T.);
#237752=ORIENTED_EDGE('',*,*,#166919,.T.);
#237753=ORIENTED_EDGE('',*,*,#166921,.T.);
#237754=ORIENTED_EDGE('',*,*,#166923,.T.);
#237755=ORIENTED_EDGE('',*,*,#166925,.T.);
#237756=ORIENTED_EDGE('',*,*,#166927,.T.);
#237757=ORIENTED_EDGE('',*,*,#166929,.T.);
#237758=ORIENTED_EDGE('',*,*,#166931,.T.);
#237759=ORIENTED_EDGE('',*,*,#166933,.T.);
#237760=ORIENTED_EDGE('',*,*,#166935,.T.);
#237761=ORIENTED_EDGE('',*,*,#166937,.T.);
#237762=ORIENTED_EDGE('',*,*,#166939,.T.);
#237763=ORIENTED_EDGE('',*,*,#166941,.T.);
#237764=ORIENTED_EDGE('',*,*,#166943,.T.);
#237765=ORIENTED_EDGE('',*,*,#166945,.T.);
#237766=ORIENTED_EDGE('',*,*,#166947,.T.);
#237767=ORIENTED_EDGE('',*,*,#166949,.T.);
#237768=ORIENTED_EDGE('',*,*,#166951,.T.);
#237769=ORIENTED_EDGE('',*,*,#166953,.T.);
#237770=ORIENTED_EDGE('',*,*,#166955,.T.);
#237771=ORIENTED_EDGE('',*,*,#166957,.T.);
#237772=ORIENTED_EDGE('',*,*,#166959,.T.);
#237773=ORIENTED_EDGE('',*,*,#166961,.T.);
#237774=ORIENTED_EDGE('',*,*,#166963,.T.);
#237775=ORIENTED_EDGE('',*,*,#166965,.T.);
#237776=ORIENTED_EDGE('',*,*,#166967,.T.);
#237777=ORIENTED_EDGE('',*,*,#166969,.T.);
#237778=ORIENTED_EDGE('',*,*,#166971,.T.);
#237779=ORIENTED_EDGE('',*,*,#166973,.T.);
#237780=ORIENTED_EDGE('',*,*,#166975,.T.);
#237781=ORIENTED_EDGE('',*,*,#166977,.T.);
#237782=ORIENTED_EDGE('',*,*,#166979,.T.);
#237783=ORIENTED_EDGE('',*,*,#166981,.T.);
#247863=PLANE('',#283182);
#247864=PLANE('',#283183);
#247865=PLANE('',#283184);
#247866=PLANE('',#283185);
#247867=PLANE('',#283186);
#247868=PLANE('',#283188);
#247869=PLANE('',#283189);
#247870=PLANE('',#283190);
#247871=PLANE('',#283191);
#247872=PLANE('',#283192);
#247873=PLANE('',#283193);
#247874=PLANE('',#283197);
#247875=PLANE('',#283201);
#247876=PLANE('',#283208);
#247877=PLANE('',#283240);
#247878=PLANE('',#283243);
#247879=PLANE('',#283257);
#247880=PLANE('',#283260);
#247881=PLANE('',#283263);
#247882=PLANE('',#283266);
#247883=PLANE('',#283268);
#247884=PLANE('',#283271);
#247885=PLANE('',#283274);
#247886=PLANE('',#283275);
#247887=PLANE('',#283276);
#247888=PLANE('',#283277);
#247889=PLANE('',#283278);
#247890=PLANE('',#283279);
#247891=PLANE('',#283280);
#247892=PLANE('',#283281);
#247893=PLANE('',#283282);
#247894=PLANE('',#283283);
#247895=PLANE('',#283284);
#247896=PLANE('',#283285);
#247897=PLANE('',#283286);
#247898=PLANE('',#283287);
#247899=PLANE('',#283288);
#247900=PLANE('',#283289);
#247901=PLANE('',#283290);
#247902=PLANE('',#283291);
#247903=PLANE('',#283292);
#247904=PLANE('',#283293);
#247905=PLANE('',#283294);
#247906=PLANE('',#283295);
#247907=PLANE('',#283296);
#247908=PLANE('',#283297);
#247909=PLANE('',#283298);
#247910=PLANE('',#283299);
#247911=PLANE('',#283300);
#247912=PLANE('',#283301);
#247913=PLANE('',#283302);
#247914=PLANE('',#283303);
#247915=PLANE('',#283304);
#247916=PLANE('',#283305);
#247917=PLANE('',#283306);
#247918=PLANE('',#283307);
#247919=PLANE('',#283308);
#247920=PLANE('',#283354);
#247921=PLANE('',#283385);
#247922=PLANE('',#283416);
#247923=PLANE('',#283447);
#247924=PLANE('',#283480);
#247925=PLANE('',#283481);
#247926=PLANE('',#283482);
#247927=PLANE('',#283483);
#247928=PLANE('',#283484);
#247929=PLANE('',#283485);
#247930=PLANE('',#283486);
#247931=PLANE('',#283487);
#247932=PLANE('',#283488);
#247933=PLANE('',#283489);
#247934=PLANE('',#283490);
#247935=PLANE('',#283491);
#247936=PLANE('',#283492);
#247937=PLANE('',#283493);
#247938=PLANE('',#283494);
#247939=PLANE('',#283495);
#247940=PLANE('',#283496);
#247941=PLANE('',#283497);
#247942=PLANE('',#283498);
#247943=PLANE('',#283499);
#247944=PLANE('',#283500);
#247945=PLANE('',#283501);
#247946=PLANE('',#283502);
#247947=PLANE('',#283503);
#247948=PLANE('',#283504);
#247949=PLANE('',#283505);
#247950=PLANE('',#283506);
#247951=PLANE('',#283507);
#247952=PLANE('',#283508);
#247953=PLANE('',#283839);
#247954=PLANE('',#283840);
#247955=PLANE('',#283841);
#247956=PLANE('',#283842);
#247957=PLANE('',#283845);
#261285=ADVANCED_FACE('',(#82248),#247863,.T.);
#261286=ADVANCED_FACE('',(#82249),#247864,.T.);
#261287=ADVANCED_FACE('',(#82250),#247865,.T.);
#261288=ADVANCED_FACE('',(#82251),#247866,.T.);
#261289=ADVANCED_FACE('',(#82252,#68587),#247867,.T.);
#261290=ADVANCED_FACE('',(#82253),#247868,.T.);
#261291=ADVANCED_FACE('',(#82254),#247869,.T.);
#261292=ADVANCED_FACE('',(#82255),#247870,.T.);
#261293=ADVANCED_FACE('',(#82256,#68588),#247871,.T.);
#261294=ADVANCED_FACE('',(#82257),#247872,.T.);
#261295=ADVANCED_FACE('',(#82258),#247873,.T.);
#261296=ADVANCED_FACE('',(#82259),#66585,.F.);
#261297=ADVANCED_FACE('',(#82260),#247874,.T.);
#261298=ADVANCED_FACE('',(#82261),#66586,.F.);
#261299=ADVANCED_FACE('',(#82262),#247875,.T.);
#261300=ADVANCED_FACE('',(#82263),#66587,.F.);
#261301=ADVANCED_FACE('',(#82264),#66588,.F.);
#261302=ADVANCED_FACE('',(#82265),#247876,.T.);
#261303=ADVANCED_FACE('',(#82266),#1090,.F.);
#261304=ADVANCED_FACE('',(#82267),#66589,.T.);
#261305=ADVANCED_FACE('',(#82268),#1091,.F.);
#261306=ADVANCED_FACE('',(#82269),#1092,.F.);
#261307=ADVANCED_FACE('',(#82270),#1093,.F.);
#261308=ADVANCED_FACE('',(#82271),#66590,.T.);
#261309=ADVANCED_FACE('',(#82272),#1094,.F.);
#261310=ADVANCED_FACE('',(#82273),#1095,.F.);
#261311=ADVANCED_FACE('',(#82274),#1096,.F.);
#261312=ADVANCED_FACE('',(#82275),#66591,.T.);
#261313=ADVANCED_FACE('',(#82276),#1097,.F.);
#261314=ADVANCED_FACE('',(#82277),#1098,.F.);
#261315=ADVANCED_FACE('',(#82278),#1099,.F.);
#261316=ADVANCED_FACE('',(#82279),#66592,.T.);
#261317=ADVANCED_FACE('',(#82280),#1100,.F.);
#261318=ADVANCED_FACE('',(#82281),#1101,.F.);
#261319=ADVANCED_FACE('',(#82282),#1102,.F.);
#261320=ADVANCED_FACE('',(#82283),#1103,.F.);
#261321=ADVANCED_FACE('',(#82284),#66593,.T.);
#261322=ADVANCED_FACE('',(#82285),#1104,.F.);
#261323=ADVANCED_FACE('',(#82286),#1105,.F.);
#261324=ADVANCED_FACE('',(#82287),#1106,.F.);
#261325=ADVANCED_FACE('',(#82288),#66594,.T.);
#261326=ADVANCED_FACE('',(#82289),#1107,.F.);
#261327=ADVANCED_FACE('',(#82290),#247877,.T.);
#261328=ADVANCED_FACE('',(#82291),#66595,.F.);
#261329=ADVANCED_FACE('',(#82292),#247878,.F.);
#261330=ADVANCED_FACE('',(#82293),#66596,.F.);
#261331=ADVANCED_FACE('',(#82294),#1108,.F.);
#261332=ADVANCED_FACE('',(#82295),#66597,.T.);
#261333=ADVANCED_FACE('',(#82296),#1109,.F.);
#261334=ADVANCED_FACE('',(#82297),#1110,.F.);
#261335=ADVANCED_FACE('',(#82298),#1111,.F.);
#261336=ADVANCED_FACE('',(#82299),#1112,.F.);
#261337=ADVANCED_FACE('',(#82300),#1113,.F.);
#261338=ADVANCED_FACE('',(#82301),#66598,.T.);
#261339=ADVANCED_FACE('',(#82302),#66599,.T.);
#261340=ADVANCED_FACE('',(#82303),#247879,.T.);
#261341=ADVANCED_FACE('',(#82304),#66600,.T.);
#261342=ADVANCED_FACE('',(#82305),#247880,.T.);
#261343=ADVANCED_FACE('',(#82306),#66601,.F.);
#261344=ADVANCED_FACE('',(#82307,#68589,#68590,#68591,#68592,#68593,#68594,
#68595,#68596,#68597),#247881,.T.);
#261345=ADVANCED_FACE('',(#82308),#247882,.F.);
#261346=ADVANCED_FACE('',(#82309),#66602,.F.);
#261347=ADVANCED_FACE('',(#82310),#247883,.T.);
#261348=ADVANCED_FACE('',(#82311),#66603,.T.);
#261349=ADVANCED_FACE('',(#82312),#247884,.T.);
#261350=ADVANCED_FACE('',(#82313),#66604,.T.);
#261351=ADVANCED_FACE('',(#82314),#247885,.T.);
#261352=ADVANCED_FACE('',(#82315,#68598),#247886,.T.);
#261353=ADVANCED_FACE('',(#82316),#247887,.F.);
#261354=ADVANCED_FACE('',(#82317),#247888,.F.);
#261355=ADVANCED_FACE('',(#82318),#247889,.F.);
#261356=ADVANCED_FACE('',(#82319),#247890,.F.);
#261357=ADVANCED_FACE('',(#82320,#68599),#247891,.T.);
#261358=ADVANCED_FACE('',(#82321),#247892,.F.);
#261359=ADVANCED_FACE('',(#82322),#247893,.F.);
#261360=ADVANCED_FACE('',(#82323),#247894,.F.);
#261361=ADVANCED_FACE('',(#82324),#247895,.F.);
#261362=ADVANCED_FACE('',(#82325),#247896,.F.);
#261363=ADVANCED_FACE('',(#82326),#247897,.F.);
#261364=ADVANCED_FACE('',(#82327,#68600),#247898,.T.);
#261365=ADVANCED_FACE('',(#82328),#247899,.F.);
#261366=ADVANCED_FACE('',(#82329),#247900,.F.);
#261367=ADVANCED_FACE('',(#82330),#247901,.F.);
#261368=ADVANCED_FACE('',(#82331),#247902,.F.);
#261369=ADVANCED_FACE('',(#82332),#247903,.F.);
#261370=ADVANCED_FACE('',(#82333),#247904,.F.);
#261371=ADVANCED_FACE('',(#82334,#68601),#247905,.T.);
#261372=ADVANCED_FACE('',(#82335),#247906,.F.);
#261373=ADVANCED_FACE('',(#82336),#247907,.F.);
#261374=ADVANCED_FACE('',(#82337),#247908,.F.);
#261375=ADVANCED_FACE('',(#82338),#247909,.F.);
#261376=ADVANCED_FACE('',(#82339),#247910,.F.);
#261377=ADVANCED_FACE('',(#82340),#247911,.F.);
#261378=ADVANCED_FACE('',(#82341,#68602),#247912,.T.);
#261379=ADVANCED_FACE('',(#82342),#247913,.F.);
#261380=ADVANCED_FACE('',(#82343),#247914,.F.);
#261381=ADVANCED_FACE('',(#82344),#247915,.F.);
#261382=ADVANCED_FACE('',(#82345),#247916,.F.);
#261383=ADVANCED_FACE('',(#82346),#247917,.F.);
#261384=ADVANCED_FACE('',(#82347),#247918,.F.);
#261385=ADVANCED_FACE('',(#82348,#68603,#68604,#68605,#68606,#68607,#68608,
#68609,#68610,#68611,#68612,#68613,#68614,#68615,#68616,#68617,#68618,#68619,
#68620,#68621,#68622,#68623,#68624,#68625,#68626,#68627,#68628,#68629,#68630,
#68631,#68632,#68633,#68634,#68635,#68636,#68637,#68638,#68639,#68640,#68641,
#68642,#68643,#68644,#68645,#68646,#68647),#247919,.T.);
#261386=ADVANCED_FACE('',(#82349,#68648,#68649,#68650,#68651,#68652,#68653,
#68654,#68655,#68656,#68657,#68658,#68659,#68660,#68661,#68662,#68663,#68664,
#68665,#68666,#68667,#68668,#68669,#68670,#68671,#68672,#68673,#68674,#68675,
#68676,#68677),#247920,.T.);
#261387=ADVANCED_FACE('',(#82350,#68678,#68679,#68680,#68681,#68682,#68683,
#68684,#68685,#68686,#68687,#68688,#68689,#68690,#68691,#68692,#68693,#68694,
#68695,#68696,#68697,#68698,#68699,#68700,#68701,#68702,#68703,#68704,#68705,
#68706,#68707),#247921,.T.);
#261388=ADVANCED_FACE('',(#82351,#68708,#68709,#68710,#68711,#68712,#68713,
#68714,#68715,#68716,#68717,#68718,#68719,#68720,#68721,#68722,#68723,#68724,
#68725,#68726,#68727,#68728,#68729,#68730,#68731,#68732,#68733,#68734,#68735,
#68736,#68737),#247922,.T.);
#261389=ADVANCED_FACE('',(#82352,#68738,#68739,#68740,#68741,#68742,#68743,
#68744,#68745,#68746,#68747,#68748,#68749,#68750,#68751,#68752,#68753,#68754,
#68755,#68756,#68757,#68758,#68759,#68760,#68761,#68762,#68763,#68764,#68765,
#68766,#68767),#247923,.T.);
#261390=ADVANCED_FACE('',(#82353),#66605,.F.);
#261391=ADVANCED_FACE('',(#82354),#247924,.T.);
#261392=ADVANCED_FACE('',(#82355),#247925,.F.);
#261393=ADVANCED_FACE('',(#82356),#247926,.F.);
#261394=ADVANCED_FACE('',(#82357),#247927,.F.);
#261395=ADVANCED_FACE('',(#82358),#247928,.F.);
#261396=ADVANCED_FACE('',(#82359),#247929,.F.);
#261397=ADVANCED_FACE('',(#82360),#247930,.F.);
#261398=ADVANCED_FACE('',(#82361),#247931,.F.);
#261399=ADVANCED_FACE('',(#82362),#247932,.F.);
#261400=ADVANCED_FACE('',(#82363),#247933,.F.);
#261401=ADVANCED_FACE('',(#82364),#247934,.F.);
#261402=ADVANCED_FACE('',(#82365),#247935,.F.);
#261403=ADVANCED_FACE('',(#82366),#247936,.F.);
#261404=ADVANCED_FACE('',(#82367),#247937,.F.);
#261405=ADVANCED_FACE('',(#82368),#247938,.F.);
#261406=ADVANCED_FACE('',(#82369),#247939,.F.);
#261407=ADVANCED_FACE('',(#82370),#247940,.F.);
#261408=ADVANCED_FACE('',(#82371),#247941,.F.);
#261409=ADVANCED_FACE('',(#82372),#247942,.F.);
#261410=ADVANCED_FACE('',(#82373),#247943,.F.);
#261411=ADVANCED_FACE('',(#82374),#247944,.F.);
#261412=ADVANCED_FACE('',(#82375),#247945,.F.);
#261413=ADVANCED_FACE('',(#82376),#247946,.F.);
#261414=ADVANCED_FACE('',(#82377),#247947,.F.);
#261415=ADVANCED_FACE('',(#82378),#247948,.F.);
#261416=ADVANCED_FACE('',(#82379),#247949,.F.);
#261417=ADVANCED_FACE('',(#82380),#247950,.F.);
#261418=ADVANCED_FACE('',(#82381),#247951,.F.);
#261419=ADVANCED_FACE('',(#82382),#247952,.F.);
#261420=ADVANCED_FACE('',(#82383),#66606,.F.);
#261421=ADVANCED_FACE('',(#82384),#66607,.F.);
#261422=ADVANCED_FACE('',(#82385),#66608,.F.);
#261423=ADVANCED_FACE('',(#82386),#66609,.F.);
#261424=ADVANCED_FACE('',(#82387),#66610,.F.);
#261425=ADVANCED_FACE('',(#82388),#66611,.F.);
#261426=ADVANCED_FACE('',(#82389),#66612,.F.);
#261427=ADVANCED_FACE('',(#82390),#66613,.F.);
#261428=ADVANCED_FACE('',(#82391),#66614,.F.);
#261429=ADVANCED_FACE('',(#82392),#66615,.F.);
#261430=ADVANCED_FACE('',(#82393),#66616,.F.);
#261431=ADVANCED_FACE('',(#82394),#66617,.F.);
#261432=ADVANCED_FACE('',(#82395),#66618,.F.);
#261433=ADVANCED_FACE('',(#82396),#66619,.F.);
#261434=ADVANCED_FACE('',(#82397),#66620,.F.);
#261435=ADVANCED_FACE('',(#82398),#66621,.F.);
#261436=ADVANCED_FACE('',(#82399),#66622,.F.);
#261437=ADVANCED_FACE('',(#82400),#66623,.F.);
#261438=ADVANCED_FACE('',(#82401),#66624,.F.);
#261439=ADVANCED_FACE('',(#82402),#66625,.F.);
#261440=ADVANCED_FACE('',(#82403),#66626,.F.);
#261441=ADVANCED_FACE('',(#82404),#66627,.F.);
#261442=ADVANCED_FACE('',(#82405),#66628,.F.);
#261443=ADVANCED_FACE('',(#82406),#66629,.F.);
#261444=ADVANCED_FACE('',(#82407),#66630,.F.);
#261445=ADVANCED_FACE('',(#82408),#66631,.F.);
#261446=ADVANCED_FACE('',(#82409),#66632,.F.);
#261447=ADVANCED_FACE('',(#82410),#66633,.F.);
#261448=ADVANCED_FACE('',(#82411),#66634,.F.);
#261449=ADVANCED_FACE('',(#82412),#66635,.F.);
#261450=ADVANCED_FACE('',(#82413),#66636,.F.);
#261451=ADVANCED_FACE('',(#82414),#66637,.F.);
#261452=ADVANCED_FACE('',(#82415),#66638,.F.);
#261453=ADVANCED_FACE('',(#82416),#66639,.F.);
#261454=ADVANCED_FACE('',(#82417),#66640,.F.);
#261455=ADVANCED_FACE('',(#82418),#66641,.F.);
#261456=ADVANCED_FACE('',(#82419),#66642,.F.);
#261457=ADVANCED_FACE('',(#82420),#66643,.F.);
#261458=ADVANCED_FACE('',(#82421),#66644,.F.);
#261459=ADVANCED_FACE('',(#82422),#66645,.F.);
#261460=ADVANCED_FACE('',(#82423),#66646,.F.);
#261461=ADVANCED_FACE('',(#82424),#66647,.F.);
#261462=ADVANCED_FACE('',(#82425),#66648,.F.);
#261463=ADVANCED_FACE('',(#82426),#66649,.F.);
#261464=ADVANCED_FACE('',(#82427),#66650,.F.);
#261465=ADVANCED_FACE('',(#82428),#66651,.F.);
#261466=ADVANCED_FACE('',(#82429),#66652,.F.);
#261467=ADVANCED_FACE('',(#82430),#66653,.F.);
#261468=ADVANCED_FACE('',(#82431),#66654,.F.);
#261469=ADVANCED_FACE('',(#82432),#66655,.F.);
#261470=ADVANCED_FACE('',(#82433),#66656,.F.);
#261471=ADVANCED_FACE('',(#82434),#66657,.F.);
#261472=ADVANCED_FACE('',(#82435),#66658,.F.);
#261473=ADVANCED_FACE('',(#82436),#66659,.F.);
#261474=ADVANCED_FACE('',(#82437),#66660,.F.);
#261475=ADVANCED_FACE('',(#82438),#66661,.F.);
#261476=ADVANCED_FACE('',(#82439),#66662,.F.);
#261477=ADVANCED_FACE('',(#82440),#66663,.F.);
#261478=ADVANCED_FACE('',(#82441),#66664,.F.);
#261479=ADVANCED_FACE('',(#82442),#66665,.F.);
#261480=ADVANCED_FACE('',(#82443),#66666,.F.);
#261481=ADVANCED_FACE('',(#82444),#66667,.F.);
#261482=ADVANCED_FACE('',(#82445),#66668,.F.);
#261483=ADVANCED_FACE('',(#82446),#66669,.F.);
#261484=ADVANCED_FACE('',(#82447),#66670,.F.);
#261485=ADVANCED_FACE('',(#82448),#66671,.F.);
#261486=ADVANCED_FACE('',(#82449),#66672,.F.);
#261487=ADVANCED_FACE('',(#82450),#66673,.F.);
#261488=ADVANCED_FACE('',(#82451),#66674,.F.);
#261489=ADVANCED_FACE('',(#82452),#66675,.F.);
#261490=ADVANCED_FACE('',(#82453),#66676,.F.);
#261491=ADVANCED_FACE('',(#82454),#66677,.F.);
#261492=ADVANCED_FACE('',(#82455),#66678,.F.);
#261493=ADVANCED_FACE('',(#82456),#66679,.F.);
#261494=ADVANCED_FACE('',(#82457),#66680,.F.);
#261495=ADVANCED_FACE('',(#82458),#66681,.F.);
#261496=ADVANCED_FACE('',(#82459),#66682,.F.);
#261497=ADVANCED_FACE('',(#82460),#66683,.F.);
#261498=ADVANCED_FACE('',(#82461),#66684,.F.);
#261499=ADVANCED_FACE('',(#82462),#66685,.F.);
#261500=ADVANCED_FACE('',(#82463),#66686,.F.);
#261501=ADVANCED_FACE('',(#82464),#66687,.F.);
#261502=ADVANCED_FACE('',(#82465),#66688,.F.);
#261503=ADVANCED_FACE('',(#82466),#66689,.F.);
#261504=ADVANCED_FACE('',(#82467),#66690,.F.);
#261505=ADVANCED_FACE('',(#82468),#66691,.F.);
#261506=ADVANCED_FACE('',(#82469),#66692,.F.);
#261507=ADVANCED_FACE('',(#82470),#66693,.F.);
#261508=ADVANCED_FACE('',(#82471),#66694,.F.);
#261509=ADVANCED_FACE('',(#82472),#66695,.F.);
#261510=ADVANCED_FACE('',(#82473),#66696,.F.);
#261511=ADVANCED_FACE('',(#82474),#66697,.F.);
#261512=ADVANCED_FACE('',(#82475),#66698,.F.);
#261513=ADVANCED_FACE('',(#82476),#66699,.F.);
#261514=ADVANCED_FACE('',(#82477),#66700,.F.);
#261515=ADVANCED_FACE('',(#82478),#66701,.F.);
#261516=ADVANCED_FACE('',(#82479),#66702,.F.);
#261517=ADVANCED_FACE('',(#82480),#66703,.F.);
#261518=ADVANCED_FACE('',(#82481),#66704,.F.);
#261519=ADVANCED_FACE('',(#82482),#66705,.F.);
#261520=ADVANCED_FACE('',(#82483),#66706,.F.);
#261521=ADVANCED_FACE('',(#82484),#66707,.F.);
#261522=ADVANCED_FACE('',(#82485),#66708,.F.);
#261523=ADVANCED_FACE('',(#82486),#66709,.F.);
#261524=ADVANCED_FACE('',(#82487),#66710,.F.);
#261525=ADVANCED_FACE('',(#82488),#66711,.F.);
#261526=ADVANCED_FACE('',(#82489),#66712,.F.);
#261527=ADVANCED_FACE('',(#82490),#66713,.F.);
#261528=ADVANCED_FACE('',(#82491),#66714,.F.);
#261529=ADVANCED_FACE('',(#82492),#66715,.F.);
#261530=ADVANCED_FACE('',(#82493),#66716,.F.);
#261531=ADVANCED_FACE('',(#82494),#66717,.F.);
#261532=ADVANCED_FACE('',(#82495),#66718,.F.);
#261533=ADVANCED_FACE('',(#82496),#66719,.F.);
#261534=ADVANCED_FACE('',(#82497),#66720,.F.);
#261535=ADVANCED_FACE('',(#82498),#66721,.F.);
#261536=ADVANCED_FACE('',(#82499),#66722,.F.);
#261537=ADVANCED_FACE('',(#82500),#66723,.F.);
#261538=ADVANCED_FACE('',(#82501),#66724,.F.);
#261539=ADVANCED_FACE('',(#82502),#66725,.F.);
#261540=ADVANCED_FACE('',(#82503),#66726,.F.);
#261541=ADVANCED_FACE('',(#82504),#66727,.F.);
#261542=ADVANCED_FACE('',(#82505),#66728,.F.);
#261543=ADVANCED_FACE('',(#82506),#66729,.F.);
#261544=ADVANCED_FACE('',(#82507),#66730,.F.);
#261545=ADVANCED_FACE('',(#82508),#66731,.F.);
#261546=ADVANCED_FACE('',(#82509),#66732,.F.);
#261547=ADVANCED_FACE('',(#82510),#66733,.F.);
#261548=ADVANCED_FACE('',(#82511),#66734,.F.);
#261549=ADVANCED_FACE('',(#82512),#66735,.F.);
#261550=ADVANCED_FACE('',(#82513),#66736,.F.);
#261551=ADVANCED_FACE('',(#82514),#66737,.F.);
#261552=ADVANCED_FACE('',(#82515),#66738,.F.);
#261553=ADVANCED_FACE('',(#82516),#66739,.F.);
#261554=ADVANCED_FACE('',(#82517),#66740,.F.);
#261555=ADVANCED_FACE('',(#82518),#66741,.F.);
#261556=ADVANCED_FACE('',(#82519),#66742,.F.);
#261557=ADVANCED_FACE('',(#82520),#66743,.F.);
#261558=ADVANCED_FACE('',(#82521),#66744,.F.);
#261559=ADVANCED_FACE('',(#82522),#66745,.F.);
#261560=ADVANCED_FACE('',(#82523),#66746,.F.);
#261561=ADVANCED_FACE('',(#82524),#66747,.F.);
#261562=ADVANCED_FACE('',(#82525),#66748,.F.);
#261563=ADVANCED_FACE('',(#82526),#66749,.F.);
#261564=ADVANCED_FACE('',(#82527),#66750,.F.);
#261565=ADVANCED_FACE('',(#82528),#66751,.F.);
#261566=ADVANCED_FACE('',(#82529),#66752,.F.);
#261567=ADVANCED_FACE('',(#82530),#66753,.F.);
#261568=ADVANCED_FACE('',(#82531),#66754,.F.);
#261569=ADVANCED_FACE('',(#82532),#66755,.F.);
#261570=ADVANCED_FACE('',(#82533),#66756,.F.);
#261571=ADVANCED_FACE('',(#82534),#66757,.F.);
#261572=ADVANCED_FACE('',(#82535),#66758,.F.);
#261573=ADVANCED_FACE('',(#82536),#66759,.F.);
#261574=ADVANCED_FACE('',(#82537),#66760,.F.);
#261575=ADVANCED_FACE('',(#82538),#66761,.F.);
#261576=ADVANCED_FACE('',(#82539),#66762,.F.);
#261577=ADVANCED_FACE('',(#82540),#66763,.F.);
#261578=ADVANCED_FACE('',(#82541),#66764,.F.);
#261579=ADVANCED_FACE('',(#82542),#66765,.F.);
#261580=ADVANCED_FACE('',(#82543),#66766,.F.);
#261581=ADVANCED_FACE('',(#82544),#66767,.F.);
#261582=ADVANCED_FACE('',(#82545),#66768,.F.);
#261583=ADVANCED_FACE('',(#82546),#66769,.F.);
#261584=ADVANCED_FACE('',(#82547),#66770,.F.);
#261585=ADVANCED_FACE('',(#82548),#247953,.T.);
#261586=ADVANCED_FACE('',(#82549),#247954,.T.);
#261587=ADVANCED_FACE('',(#82550),#247955,.T.);
#261588=ADVANCED_FACE('',(#82551),#247956,.T.);
#261589=ADVANCED_FACE('',(#82552),#66771,.F.);
#261590=ADVANCED_FACE('',(#82553,#68768,#68769,#68770,#68771,#68772,#68773,
#68774,#68775,#68776,#68777,#68778,#68779,#68780,#68781,#68782,#68783,#68784,
#68785,#68786,#68787,#68788,#68789,#68790,#68791,#68792,#68793,#68794,#68795,
#68796,#68797,#68798,#68799,#68800,#68801,#68802,#68803,#68804,#68805,#68806,
#68807,#68808,#68809,#68810,#68811,#68812,#68813,#68814,#68815,#68816,#68817,
#68818,#68819,#68820,#68821,#68822,#68823,#68824,#68825,#68826,#68827,#68828,
#68829,#68830,#68831,#68832,#68833,#68834,#68835,#68836,#68837,#68838,#68839,
#68840,#68841,#68842,#68843,#68844,#68845,#68846,#68847,#68848,#68849,#68850,
#68851,#68852,#68853,#68854,#68855,#68856,#68857,#68858,#68859,#68860,#68861,
#68862,#68863,#68864,#68865,#68866,#68867,#68868,#68869,#68870,#68871,#68872,
#68873,#68874,#68875,#68876,#68877,#68878,#68879,#68880,#68881,#68882,#68883,
#68884,#68885,#68886,#68887,#68888,#68889,#68890,#68891,#68892,#68893,#68894,
#68895,#68896,#68897,#68898,#68899,#68900,#68901,#68902,#68903,#68904,#68905,
#68906,#68907,#68908,#68909,#68910,#68911,#68912,#68913,#68914,#68915,#68916,
#68917,#68918,#68919,#68920,#68921,#68922,#68923,#68924,#68925,#68926,#68927,
#68928,#68929,#68930,#68931,#68932,#68933,#68934,#68935,#68936),#247957,
 .F.);
#262445=CLOSED_SHELL('',(#261285,#261286,#261287,#261288,#261289,#261290,
#261291,#261292,#261293,#261294,#261295,#261296,#261297,#261298,#261299,
#261300,#261301,#261302,#261303,#261304,#261305,#261306,#261307,#261308,
#261309,#261310,#261311,#261312,#261313,#261314,#261315,#261316,#261317,
#261318,#261319,#261320,#261321,#261322,#261323,#261324,#261325,#261326,
#261327,#261328,#261329,#261330,#261331,#261332,#261333,#261334,#261335,
#261336,#261337,#261338,#261339,#261340,#261341,#261342,#261343,#261344,
#261345,#261346,#261347,#261348,#261349,#261350,#261351,#261352,#261353,
#261354,#261355,#261356,#261357,#261358,#261359,#261360,#261361,#261362,
#261363,#261364,#261365,#261366,#261367,#261368,#261369,#261370,#261371,
#261372,#261373,#261374,#261375,#261376,#261377,#261378,#261379,#261380,
#261381,#261382,#261383,#261384,#261385,#261386,#261387,#261388,#261389,
#261390,#261391,#261392,#261393,#261394,#261395,#261396,#261397,#261398,
#261399,#261400,#261401,#261402,#261403,#261404,#261405,#261406,#261407,
#261408,#261409,#261410,#261411,#261412,#261413,#261414,#261415,#261416,
#261417,#261418,#261419,#261420,#261421,#261422,#261423,#261424,#261425,
#261426,#261427,#261428,#261429,#261430,#261431,#261432,#261433,#261434,
#261435,#261436,#261437,#261438,#261439,#261440,#261441,#261442,#261443,
#261444,#261445,#261446,#261447,#261448,#261449,#261450,#261451,#261452,
#261453,#261454,#261455,#261456,#261457,#261458,#261459,#261460,#261461,
#261462,#261463,#261464,#261465,#261466,#261467,#261468,#261469,#261470,
#261471,#261472,#261473,#261474,#261475,#261476,#261477,#261478,#261479,
#261480,#261481,#261482,#261483,#261484,#261485,#261486,#261487,#261488,
#261489,#261490,#261491,#261492,#261493,#261494,#261495,#261496,#261497,
#261498,#261499,#261500,#261501,#261502,#261503,#261504,#261505,#261506,
#261507,#261508,#261509,#261510,#261511,#261512,#261513,#261514,#261515,
#261516,#261517,#261518,#261519,#261520,#261521,#261522,#261523,#261524,
#261525,#261526,#261527,#261528,#261529,#261530,#261531,#261532,#261533,
#261534,#261535,#261536,#261537,#261538,#261539,#261540,#261541,#261542,
#261543,#261544,#261545,#261546,#261547,#261548,#261549,#261550,#261551,
#261552,#261553,#261554,#261555,#261556,#261557,#261558,#261559,#261560,
#261561,#261562,#261563,#261564,#261565,#261566,#261567,#261568,#261569,
#261570,#261571,#261572,#261573,#261574,#261575,#261576,#261577,#261578,
#261579,#261580,#261581,#261582,#261583,#261584,#261585,#261586,#261587,
#261588,#261589,#261590));
#283182=AXIS2_PLACEMENT_3D('',#438273,#352302,#352303);
#283183=AXIS2_PLACEMENT_3D('',#438282,#352308,#352309);
#283184=AXIS2_PLACEMENT_3D('',#438288,#352313,#352314);
#283185=AXIS2_PLACEMENT_3D('',#438294,#352318,#352319);
#283186=AXIS2_PLACEMENT_3D('',#438297,#352322,#352323);
#283187=AXIS2_PLACEMENT_3D('',#438299,#352324,#352325);
#283188=AXIS2_PLACEMENT_3D('',#438300,#352326,#352327);
#283189=AXIS2_PLACEMENT_3D('',#438309,#352332,#352333);
#283190=AXIS2_PLACEMENT_3D('',#438317,#352338,#352339);
#283191=AXIS2_PLACEMENT_3D('',#438325,#352344,#352345);
#283192=AXIS2_PLACEMENT_3D('',#438335,#352351,#352352);
#283193=AXIS2_PLACEMENT_3D('',#438337,#352354,#352355);
#283194=AXIS2_PLACEMENT_3D('',#438339,#352357,#352358);
#283195=AXIS2_PLACEMENT_3D('',#438342,#352359,#352360);
#283196=AXIS2_PLACEMENT_3D('',#438346,#352362,#352363);
#283197=AXIS2_PLACEMENT_3D('',#438348,#352365,#352366);
#283198=AXIS2_PLACEMENT_3D('',#438354,#352370,#352371);
#283199=AXIS2_PLACEMENT_3D('',#438356,#352372,#352373);
#283200=AXIS2_PLACEMENT_3D('',#438359,#352375,#352376);
#283201=AXIS2_PLACEMENT_3D('',#438360,#352377,#352378);
#283202=AXIS2_PLACEMENT_3D('',#438366,#352382,#352383);
#283203=AXIS2_PLACEMENT_3D('',#438368,#352384,#352385);
#283204=AXIS2_PLACEMENT_3D('',#438370,#352386,#352387);
#283205=AXIS2_PLACEMENT_3D('',#438372,#352389,#352390);
#283206=AXIS2_PLACEMENT_3D('',#438375,#352391,#352392);
#283207=AXIS2_PLACEMENT_3D('',#438379,#352394,#352395);
#283208=AXIS2_PLACEMENT_3D('',#438381,#352397,#352398);
#283209=AXIS2_PLACEMENT_3D('',#438414,#352401,#352402);
#283210=AXIS2_PLACEMENT_3D('',#438421,#352403,#352404);
#283211=AXIS2_PLACEMENT_3D('',#438426,#352405,#352406);
#283212=AXIS2_PLACEMENT_3D('',#438429,#352407,#352408);
#283213=AXIS2_PLACEMENT_3D('',#438462,#352411,#352412);
#283214=AXIS2_PLACEMENT_3D('',#438508,#352413,#352414);
#283215=AXIS2_PLACEMENT_3D('',#438545,#352415,#352416);
#283216=AXIS2_PLACEMENT_3D('',#438554,#352417,#352418);
#283217=AXIS2_PLACEMENT_3D('',#438557,#352419,#352420);
#283218=AXIS2_PLACEMENT_3D('',#438586,#352423,#352424);
#283219=AXIS2_PLACEMENT_3D('',#438632,#352425,#352426);
#283220=AXIS2_PLACEMENT_3D('',#438673,#352427,#352428);
#283221=AXIS2_PLACEMENT_3D('',#438682,#352429,#352430);
#283222=AXIS2_PLACEMENT_3D('',#438685,#352431,#352432);
#283223=AXIS2_PLACEMENT_3D('',#438718,#352435,#352436);
#283224=AXIS2_PLACEMENT_3D('',#438764,#352437,#352438);
#283225=AXIS2_PLACEMENT_3D('',#438801,#352439,#352440);
#283226=AXIS2_PLACEMENT_3D('',#438810,#352441,#352442);
#283227=AXIS2_PLACEMENT_3D('',#438813,#352443,#352444);
#283228=AXIS2_PLACEMENT_3D('',#438842,#352447,#352448);
#283229=AXIS2_PLACEMENT_3D('',#438927,#352449,#352450);
#283230=AXIS2_PLACEMENT_3D('',#438935,#352451,#352452);
#283231=AXIS2_PLACEMENT_3D('',#438957,#352453,#352454);
#283232=AXIS2_PLACEMENT_3D('',#438962,#352455,#352456);
#283233=AXIS2_PLACEMENT_3D('',#438964,#352457,#352458);
#283234=AXIS2_PLACEMENT_3D('',#438987,#352460,#352461);
#283235=AXIS2_PLACEMENT_3D('',#439023,#352462,#352463);
#283236=AXIS2_PLACEMENT_3D('',#439117,#352464,#352465);
#283237=AXIS2_PLACEMENT_3D('',#439122,#352466,#352467);
#283238=AXIS2_PLACEMENT_3D('',#439124,#352468,#352469);
#283239=AXIS2_PLACEMENT_3D('',#439143,#352471,#352472);
#283240=AXIS2_PLACEMENT_3D('',#439148,#352473,#352474);
#283241=AXIS2_PLACEMENT_3D('',#439154,#352478,#352479);
#283242=AXIS2_PLACEMENT_3D('',#439157,#352481,#352482);
#283243=AXIS2_PLACEMENT_3D('',#439158,#352483,#352484);
#283244=AXIS2_PLACEMENT_3D('',#439162,#352487,#352488);
#283245=AXIS2_PLACEMENT_3D('',#439165,#352490,#352491);
#283246=AXIS2_PLACEMENT_3D('',#439187,#352492,#352493);
#283247=AXIS2_PLACEMENT_3D('',#439188,#352494,#352495);
#283248=AXIS2_PLACEMENT_3D('',#439191,#352497,#352498);
#283249=AXIS2_PLACEMENT_3D('',#439213,#352499,#352500);
#283250=AXIS2_PLACEMENT_3D('',#439245,#352501,#352502);
#283251=AXIS2_PLACEMENT_3D('',#439380,#352503,#352504);
#283252=AXIS2_PLACEMENT_3D('',#439402,#352505,#352506);
#283253=AXIS2_PLACEMENT_3D('',#439432,#352507,#352508);
#283254=AXIS2_PLACEMENT_3D('',#439433,#352509,#352510);
#283255=AXIS2_PLACEMENT_3D('',#439435,#352512,#352513);
#283256=AXIS2_PLACEMENT_3D('',#439439,#352515,#352516);
#283257=AXIS2_PLACEMENT_3D('',#439441,#352518,#352519);
#283258=AXIS2_PLACEMENT_3D('',#439445,#352522,#352523);
#283259=AXIS2_PLACEMENT_3D('',#439448,#352525,#352526);
#283260=AXIS2_PLACEMENT_3D('',#439449,#352527,#352528);
#283261=AXIS2_PLACEMENT_3D('',#439453,#352531,#352532);
#283262=AXIS2_PLACEMENT_3D('',#439457,#352534,#352535);
#283263=AXIS2_PLACEMENT_3D('',#439459,#352537,#352538);
#283264=AXIS2_PLACEMENT_3D('',#439462,#352540,#352541);
#283265=AXIS2_PLACEMENT_3D('',#439466,#352544,#352545);
#283266=AXIS2_PLACEMENT_3D('',#439523,#352574,#352575);
#283267=AXIS2_PLACEMENT_3D('',#439525,#352577,#352578);
#283268=AXIS2_PLACEMENT_3D('',#439526,#352579,#352580);
#283269=AXIS2_PLACEMENT_3D('',#439527,#352581,#352582);
#283270=AXIS2_PLACEMENT_3D('',#439530,#352584,#352585);
#283271=AXIS2_PLACEMENT_3D('',#439531,#352586,#352587);
#283272=AXIS2_PLACEMENT_3D('',#439535,#352590,#352591);
#283273=AXIS2_PLACEMENT_3D('',#439538,#352593,#352594);
#283274=AXIS2_PLACEMENT_3D('',#439539,#352595,#352596);
#283275=AXIS2_PLACEMENT_3D('',#439541,#352598,#352599);
#283276=AXIS2_PLACEMENT_3D('',#439558,#352608,#352609);
#283277=AXIS2_PLACEMENT_3D('',#439564,#352613,#352614);
#283278=AXIS2_PLACEMENT_3D('',#439568,#352617,#352618);
#283279=AXIS2_PLACEMENT_3D('',#439571,#352621,#352622);
#283280=AXIS2_PLACEMENT_3D('',#439573,#352624,#352625);
#283281=AXIS2_PLACEMENT_3D('',#439598,#352638,#352639);
#283282=AXIS2_PLACEMENT_3D('',#439604,#352643,#352644);
#283283=AXIS2_PLACEMENT_3D('',#439608,#352647,#352648);
#283284=AXIS2_PLACEMENT_3D('',#439612,#352651,#352652);
#283285=AXIS2_PLACEMENT_3D('',#439615,#352655,#352656);
#283286=AXIS2_PLACEMENT_3D('',#439617,#352658,#352659);
#283287=AXIS2_PLACEMENT_3D('',#439619,#352661,#352662);
#283288=AXIS2_PLACEMENT_3D('',#439644,#352675,#352676);
#283289=AXIS2_PLACEMENT_3D('',#439650,#352680,#352681);
#283290=AXIS2_PLACEMENT_3D('',#439654,#352684,#352685);
#283291=AXIS2_PLACEMENT_3D('',#439658,#352688,#352689);
#283292=AXIS2_PLACEMENT_3D('',#439661,#352692,#352693);
#283293=AXIS2_PLACEMENT_3D('',#439663,#352695,#352696);
#283294=AXIS2_PLACEMENT_3D('',#439665,#352698,#352699);
#283295=AXIS2_PLACEMENT_3D('',#439690,#352712,#352713);
#283296=AXIS2_PLACEMENT_3D('',#439696,#352717,#352718);
#283297=AXIS2_PLACEMENT_3D('',#439700,#352721,#352722);
#283298=AXIS2_PLACEMENT_3D('',#439704,#352725,#352726);
#283299=AXIS2_PLACEMENT_3D('',#439707,#352729,#352730);
#283300=AXIS2_PLACEMENT_3D('',#439709,#352732,#352733);
#283301=AXIS2_PLACEMENT_3D('',#439711,#352735,#352736);
#283302=AXIS2_PLACEMENT_3D('',#439736,#352749,#352750);
#283303=AXIS2_PLACEMENT_3D('',#439742,#352754,#352755);
#283304=AXIS2_PLACEMENT_3D('',#439746,#352758,#352759);
#283305=AXIS2_PLACEMENT_3D('',#439750,#352762,#352763);
#283306=AXIS2_PLACEMENT_3D('',#439753,#352766,#352767);
#283307=AXIS2_PLACEMENT_3D('',#439755,#352769,#352770);
#283308=AXIS2_PLACEMENT_3D('',#439757,#352772,#352773);
#283309=AXIS2_PLACEMENT_3D('',#439762,#352776,#352777);
#283310=AXIS2_PLACEMENT_3D('',#439764,#352778,#352779);
#283311=AXIS2_PLACEMENT_3D('',#439766,#352780,#352781);
#283312=AXIS2_PLACEMENT_3D('',#439768,#352782,#352783);
#283313=AXIS2_PLACEMENT_3D('',#439770,#352784,#352785);
#283314=AXIS2_PLACEMENT_3D('',#439772,#352786,#352787);
#283315=AXIS2_PLACEMENT_3D('',#439774,#352788,#352789);
#283316=AXIS2_PLACEMENT_3D('',#439776,#352790,#352791);
#283317=AXIS2_PLACEMENT_3D('',#439778,#352792,#352793);
#283318=AXIS2_PLACEMENT_3D('',#439780,#352794,#352795);
#283319=AXIS2_PLACEMENT_3D('',#439782,#352796,#352797);
#283320=AXIS2_PLACEMENT_3D('',#439784,#352798,#352799);
#283321=AXIS2_PLACEMENT_3D('',#439786,#352800,#352801);
#283322=AXIS2_PLACEMENT_3D('',#439788,#352802,#352803);
#283323=AXIS2_PLACEMENT_3D('',#439790,#352804,#352805);
#283324=AXIS2_PLACEMENT_3D('',#439792,#352806,#352807);
#283325=AXIS2_PLACEMENT_3D('',#439794,#352808,#352809);
#283326=AXIS2_PLACEMENT_3D('',#439796,#352810,#352811);
#283327=AXIS2_PLACEMENT_3D('',#439798,#352812,#352813);
#283328=AXIS2_PLACEMENT_3D('',#439800,#352814,#352815);
#283329=AXIS2_PLACEMENT_3D('',#439802,#352816,#352817);
#283330=AXIS2_PLACEMENT_3D('',#439804,#352818,#352819);
#283331=AXIS2_PLACEMENT_3D('',#439806,#352820,#352821);
#283332=AXIS2_PLACEMENT_3D('',#439808,#352822,#352823);
#283333=AXIS2_PLACEMENT_3D('',#439810,#352824,#352825);
#283334=AXIS2_PLACEMENT_3D('',#439812,#352826,#352827);
#283335=AXIS2_PLACEMENT_3D('',#439814,#352828,#352829);
#283336=AXIS2_PLACEMENT_3D('',#439816,#352830,#352831);
#283337=AXIS2_PLACEMENT_3D('',#439818,#352832,#352833);
#283338=AXIS2_PLACEMENT_3D('',#439820,#352834,#352835);
#283339=AXIS2_PLACEMENT_3D('',#439822,#352836,#352837);
#283340=AXIS2_PLACEMENT_3D('',#439824,#352838,#352839);
#283341=AXIS2_PLACEMENT_3D('',#439826,#352840,#352841);
#283342=AXIS2_PLACEMENT_3D('',#439828,#352842,#352843);
#283343=AXIS2_PLACEMENT_3D('',#439830,#352844,#352845);
#283344=AXIS2_PLACEMENT_3D('',#439832,#352846,#352847);
#283345=AXIS2_PLACEMENT_3D('',#439834,#352848,#352849);
#283346=AXIS2_PLACEMENT_3D('',#439836,#352850,#352851);
#283347=AXIS2_PLACEMENT_3D('',#439838,#352852,#352853);
#283348=AXIS2_PLACEMENT_3D('',#439840,#352854,#352855);
#283349=AXIS2_PLACEMENT_3D('',#439842,#352856,#352857);
#283350=AXIS2_PLACEMENT_3D('',#439844,#352858,#352859);
#283351=AXIS2_PLACEMENT_3D('',#439846,#352860,#352861);
#283352=AXIS2_PLACEMENT_3D('',#439848,#352862,#352863);
#283353=AXIS2_PLACEMENT_3D('',#439850,#352864,#352865);
#283354=AXIS2_PLACEMENT_3D('',#439851,#352866,#352867);
#283355=AXIS2_PLACEMENT_3D('',#439858,#352871,#352872);
#283356=AXIS2_PLACEMENT_3D('',#439860,#352873,#352874);
#283357=AXIS2_PLACEMENT_3D('',#439862,#352875,#352876);
#283358=AXIS2_PLACEMENT_3D('',#439864,#352877,#352878);
#283359=AXIS2_PLACEMENT_3D('',#439866,#352879,#352880);
#283360=AXIS2_PLACEMENT_3D('',#439868,#352881,#352882);
#283361=AXIS2_PLACEMENT_3D('',#439870,#352883,#352884);
#283362=AXIS2_PLACEMENT_3D('',#439872,#352885,#352886);
#283363=AXIS2_PLACEMENT_3D('',#439874,#352887,#352888);
#283364=AXIS2_PLACEMENT_3D('',#439876,#352889,#352890);
#283365=AXIS2_PLACEMENT_3D('',#439878,#352891,#352892);
#283366=AXIS2_PLACEMENT_3D('',#439880,#352893,#352894);
#283367=AXIS2_PLACEMENT_3D('',#439882,#352895,#352896);
#283368=AXIS2_PLACEMENT_3D('',#439884,#352897,#352898);
#283369=AXIS2_PLACEMENT_3D('',#439886,#352899,#352900);
#283370=AXIS2_PLACEMENT_3D('',#439888,#352901,#352902);
#283371=AXIS2_PLACEMENT_3D('',#439890,#352903,#352904);
#283372=AXIS2_PLACEMENT_3D('',#439892,#352905,#352906);
#283373=AXIS2_PLACEMENT_3D('',#439894,#352907,#352908);
#283374=AXIS2_PLACEMENT_3D('',#439896,#352909,#352910);
#283375=AXIS2_PLACEMENT_3D('',#439898,#352911,#352912);
#283376=AXIS2_PLACEMENT_3D('',#439900,#352913,#352914);
#283377=AXIS2_PLACEMENT_3D('',#439902,#352915,#352916);
#283378=AXIS2_PLACEMENT_3D('',#439904,#352917,#352918);
#283379=AXIS2_PLACEMENT_3D('',#439906,#352919,#352920);
#283380=AXIS2_PLACEMENT_3D('',#439908,#352921,#352922);
#283381=AXIS2_PLACEMENT_3D('',#439910,#352923,#352924);
#283382=AXIS2_PLACEMENT_3D('',#439912,#352925,#352926);
#283383=AXIS2_PLACEMENT_3D('',#439914,#352927,#352928);
#283384=AXIS2_PLACEMENT_3D('',#439916,#352929,#352930);
#283385=AXIS2_PLACEMENT_3D('',#439917,#352931,#352932);
#283386=AXIS2_PLACEMENT_3D('',#439924,#352936,#352937);
#283387=AXIS2_PLACEMENT_3D('',#439926,#352938,#352939);
#283388=AXIS2_PLACEMENT_3D('',#439928,#352940,#352941);
#283389=AXIS2_PLACEMENT_3D('',#439930,#352942,#352943);
#283390=AXIS2_PLACEMENT_3D('',#439932,#352944,#352945);
#283391=AXIS2_PLACEMENT_3D('',#439934,#352946,#352947);
#283392=AXIS2_PLACEMENT_3D('',#439936,#352948,#352949);
#283393=AXIS2_PLACEMENT_3D('',#439938,#352950,#352951);
#283394=AXIS2_PLACEMENT_3D('',#439940,#352952,#352953);
#283395=AXIS2_PLACEMENT_3D('',#439942,#352954,#352955);
#283396=AXIS2_PLACEMENT_3D('',#439944,#352956,#352957);
#283397=AXIS2_PLACEMENT_3D('',#439946,#352958,#352959);
#283398=AXIS2_PLACEMENT_3D('',#439948,#352960,#352961);
#283399=AXIS2_PLACEMENT_3D('',#439950,#352962,#352963);
#283400=AXIS2_PLACEMENT_3D('',#439952,#352964,#352965);
#283401=AXIS2_PLACEMENT_3D('',#439954,#352966,#352967);
#283402=AXIS2_PLACEMENT_3D('',#439956,#352968,#352969);
#283403=AXIS2_PLACEMENT_3D('',#439958,#352970,#352971);
#283404=AXIS2_PLACEMENT_3D('',#439960,#352972,#352973);
#283405=AXIS2_PLACEMENT_3D('',#439962,#352974,#352975);
#283406=AXIS2_PLACEMENT_3D('',#439964,#352976,#352977);
#283407=AXIS2_PLACEMENT_3D('',#439966,#352978,#352979);
#283408=AXIS2_PLACEMENT_3D('',#439968,#352980,#352981);
#283409=AXIS2_PLACEMENT_3D('',#439970,#352982,#352983);
#283410=AXIS2_PLACEMENT_3D('',#439972,#352984,#352985);
#283411=AXIS2_PLACEMENT_3D('',#439974,#352986,#352987);
#283412=AXIS2_PLACEMENT_3D('',#439976,#352988,#352989);
#283413=AXIS2_PLACEMENT_3D('',#439978,#352990,#352991);
#283414=AXIS2_PLACEMENT_3D('',#439980,#352992,#352993);
#283415=AXIS2_PLACEMENT_3D('',#439982,#352994,#352995);
#283416=AXIS2_PLACEMENT_3D('',#439983,#352996,#352997);
#283417=AXIS2_PLACEMENT_3D('',#439990,#353001,#353002);
#283418=AXIS2_PLACEMENT_3D('',#439992,#353003,#353004);
#283419=AXIS2_PLACEMENT_3D('',#439994,#353005,#353006);
#283420=AXIS2_PLACEMENT_3D('',#439996,#353007,#353008);
#283421=AXIS2_PLACEMENT_3D('',#439998,#353009,#353010);
#283422=AXIS2_PLACEMENT_3D('',#440000,#353011,#353012);
#283423=AXIS2_PLACEMENT_3D('',#440002,#353013,#353014);
#283424=AXIS2_PLACEMENT_3D('',#440004,#353015,#353016);
#283425=AXIS2_PLACEMENT_3D('',#440006,#353017,#353018);
#283426=AXIS2_PLACEMENT_3D('',#440008,#353019,#353020);
#283427=AXIS2_PLACEMENT_3D('',#440010,#353021,#353022);
#283428=AXIS2_PLACEMENT_3D('',#440012,#353023,#353024);
#283429=AXIS2_PLACEMENT_3D('',#440014,#353025,#353026);
#283430=AXIS2_PLACEMENT_3D('',#440016,#353027,#353028);
#283431=AXIS2_PLACEMENT_3D('',#440018,#353029,#353030);
#283432=AXIS2_PLACEMENT_3D('',#440020,#353031,#353032);
#283433=AXIS2_PLACEMENT_3D('',#440022,#353033,#353034);
#283434=AXIS2_PLACEMENT_3D('',#440024,#353035,#353036);
#283435=AXIS2_PLACEMENT_3D('',#440026,#353037,#353038);
#283436=AXIS2_PLACEMENT_3D('',#440028,#353039,#353040);
#283437=AXIS2_PLACEMENT_3D('',#440030,#353041,#353042);
#283438=AXIS2_PLACEMENT_3D('',#440032,#353043,#353044);
#283439=AXIS2_PLACEMENT_3D('',#440034,#353045,#353046);
#283440=AXIS2_PLACEMENT_3D('',#440036,#353047,#353048);
#283441=AXIS2_PLACEMENT_3D('',#440038,#353049,#353050);
#283442=AXIS2_PLACEMENT_3D('',#440040,#353051,#353052);
#283443=AXIS2_PLACEMENT_3D('',#440042,#353053,#353054);
#283444=AXIS2_PLACEMENT_3D('',#440044,#353055,#353056);
#283445=AXIS2_PLACEMENT_3D('',#440046,#353057,#353058);
#283446=AXIS2_PLACEMENT_3D('',#440048,#353059,#353060);
#283447=AXIS2_PLACEMENT_3D('',#440049,#353061,#353062);
#283448=AXIS2_PLACEMENT_3D('',#440056,#353066,#353067);
#283449=AXIS2_PLACEMENT_3D('',#440058,#353068,#353069);
#283450=AXIS2_PLACEMENT_3D('',#440060,#353070,#353071);
#283451=AXIS2_PLACEMENT_3D('',#440062,#353072,#353073);
#283452=AXIS2_PLACEMENT_3D('',#440064,#353074,#353075);
#283453=AXIS2_PLACEMENT_3D('',#440066,#353076,#353077);
#283454=AXIS2_PLACEMENT_3D('',#440068,#353078,#353079);
#283455=AXIS2_PLACEMENT_3D('',#440070,#353080,#353081);
#283456=AXIS2_PLACEMENT_3D('',#440072,#353082,#353083);
#283457=AXIS2_PLACEMENT_3D('',#440074,#353084,#353085);
#283458=AXIS2_PLACEMENT_3D('',#440076,#353086,#353087);
#283459=AXIS2_PLACEMENT_3D('',#440078,#353088,#353089);
#283460=AXIS2_PLACEMENT_3D('',#440080,#353090,#353091);
#283461=AXIS2_PLACEMENT_3D('',#440082,#353092,#353093);
#283462=AXIS2_PLACEMENT_3D('',#440084,#353094,#353095);
#283463=AXIS2_PLACEMENT_3D('',#440086,#353096,#353097);
#283464=AXIS2_PLACEMENT_3D('',#440088,#353098,#353099);
#283465=AXIS2_PLACEMENT_3D('',#440090,#353100,#353101);
#283466=AXIS2_PLACEMENT_3D('',#440092,#353102,#353103);
#283467=AXIS2_PLACEMENT_3D('',#440094,#353104,#353105);
#283468=AXIS2_PLACEMENT_3D('',#440096,#353106,#353107);
#283469=AXIS2_PLACEMENT_3D('',#440098,#353108,#353109);
#283470=AXIS2_PLACEMENT_3D('',#440100,#353110,#353111);
#283471=AXIS2_PLACEMENT_3D('',#440102,#353112,#353113);
#283472=AXIS2_PLACEMENT_3D('',#440104,#353114,#353115);
#283473=AXIS2_PLACEMENT_3D('',#440106,#353116,#353117);
#283474=AXIS2_PLACEMENT_3D('',#440108,#353118,#353119);
#283475=AXIS2_PLACEMENT_3D('',#440110,#353120,#353121);
#283476=AXIS2_PLACEMENT_3D('',#440112,#353122,#353123);
#283477=AXIS2_PLACEMENT_3D('',#440114,#353124,#353125);
#283478=AXIS2_PLACEMENT_3D('',#440115,#353126,#353127);
#283479=AXIS2_PLACEMENT_3D('',#440118,#353129,#353130);
#283480=AXIS2_PLACEMENT_3D('',#440119,#353131,#353132);
#283481=AXIS2_PLACEMENT_3D('',#440121,#353134,#353135);
#283482=AXIS2_PLACEMENT_3D('',#440123,#353137,#353138);
#283483=AXIS2_PLACEMENT_3D('',#440125,#353140,#353141);
#283484=AXIS2_PLACEMENT_3D('',#440126,#353142,#353143);
#283485=AXIS2_PLACEMENT_3D('',#440128,#353145,#353146);
#283486=AXIS2_PLACEMENT_3D('',#440130,#353148,#353149);
#283487=AXIS2_PLACEMENT_3D('',#440131,#353150,#353151);
#283488=AXIS2_PLACEMENT_3D('',#440133,#353153,#353154);
#283489=AXIS2_PLACEMENT_3D('',#440135,#353156,#353157);
#283490=AXIS2_PLACEMENT_3D('',#440136,#353158,#353159);
#283491=AXIS2_PLACEMENT_3D('',#440138,#353161,#353162);
#283492=AXIS2_PLACEMENT_3D('',#440140,#353164,#353165);
#283493=AXIS2_PLACEMENT_3D('',#440141,#353166,#353167);
#283494=AXIS2_PLACEMENT_3D('',#440143,#353169,#353170);
#283495=AXIS2_PLACEMENT_3D('',#440144,#353171,#353172);
#283496=AXIS2_PLACEMENT_3D('',#440146,#353174,#353175);
#283497=AXIS2_PLACEMENT_3D('',#440147,#353176,#353177);
#283498=AXIS2_PLACEMENT_3D('',#440149,#353179,#353180);
#283499=AXIS2_PLACEMENT_3D('',#440151,#353182,#353183);
#283500=AXIS2_PLACEMENT_3D('',#440152,#353184,#353185);
#283501=AXIS2_PLACEMENT_3D('',#440154,#353187,#353188);
#283502=AXIS2_PLACEMENT_3D('',#440156,#353190,#353191);
#283503=AXIS2_PLACEMENT_3D('',#440157,#353192,#353193);
#283504=AXIS2_PLACEMENT_3D('',#440159,#353195,#353196);
#283505=AXIS2_PLACEMENT_3D('',#440161,#353198,#353199);
#283506=AXIS2_PLACEMENT_3D('',#440162,#353200,#353201);
#283507=AXIS2_PLACEMENT_3D('',#440164,#353203,#353204);
#283508=AXIS2_PLACEMENT_3D('',#440166,#353206,#353207);
#283509=AXIS2_PLACEMENT_3D('',#440167,#353208,#353209);
#283510=AXIS2_PLACEMENT_3D('',#440169,#353210,#353211);
#283511=AXIS2_PLACEMENT_3D('',#440171,#353213,#353214);
#283512=AXIS2_PLACEMENT_3D('',#440173,#353215,#353216);
#283513=AXIS2_PLACEMENT_3D('',#440175,#353218,#353219);
#283514=AXIS2_PLACEMENT_3D('',#440177,#353220,#353221);
#283515=AXIS2_PLACEMENT_3D('',#440179,#353223,#353224);
#283516=AXIS2_PLACEMENT_3D('',#440181,#353225,#353226);
#283517=AXIS2_PLACEMENT_3D('',#440183,#353228,#353229);
#283518=AXIS2_PLACEMENT_3D('',#440185,#353230,#353231);
#283519=AXIS2_PLACEMENT_3D('',#440187,#353233,#353234);
#283520=AXIS2_PLACEMENT_3D('',#440189,#353235,#353236);
#283521=AXIS2_PLACEMENT_3D('',#440191,#353238,#353239);
#283522=AXIS2_PLACEMENT_3D('',#440193,#353240,#353241);
#283523=AXIS2_PLACEMENT_3D('',#440195,#353243,#353244);
#283524=AXIS2_PLACEMENT_3D('',#440197,#353245,#353246);
#283525=AXIS2_PLACEMENT_3D('',#440199,#353248,#353249);
#283526=AXIS2_PLACEMENT_3D('',#440201,#353250,#353251);
#283527=AXIS2_PLACEMENT_3D('',#440203,#353253,#353254);
#283528=AXIS2_PLACEMENT_3D('',#440205,#353255,#353256);
#283529=AXIS2_PLACEMENT_3D('',#440207,#353258,#353259);
#283530=AXIS2_PLACEMENT_3D('',#440209,#353260,#353261);
#283531=AXIS2_PLACEMENT_3D('',#440211,#353263,#353264);
#283532=AXIS2_PLACEMENT_3D('',#440213,#353265,#353266);
#283533=AXIS2_PLACEMENT_3D('',#440215,#353268,#353269);
#283534=AXIS2_PLACEMENT_3D('',#440217,#353270,#353271);
#283535=AXIS2_PLACEMENT_3D('',#440219,#353273,#353274);
#283536=AXIS2_PLACEMENT_3D('',#440221,#353275,#353276);
#283537=AXIS2_PLACEMENT_3D('',#440223,#353278,#353279);
#283538=AXIS2_PLACEMENT_3D('',#440225,#353280,#353281);
#283539=AXIS2_PLACEMENT_3D('',#440227,#353283,#353284);
#283540=AXIS2_PLACEMENT_3D('',#440229,#353285,#353286);
#283541=AXIS2_PLACEMENT_3D('',#440231,#353288,#353289);
#283542=AXIS2_PLACEMENT_3D('',#440233,#353290,#353291);
#283543=AXIS2_PLACEMENT_3D('',#440235,#353293,#353294);
#283544=AXIS2_PLACEMENT_3D('',#440237,#353295,#353296);
#283545=AXIS2_PLACEMENT_3D('',#440239,#353298,#353299);
#283546=AXIS2_PLACEMENT_3D('',#440241,#353300,#353301);
#283547=AXIS2_PLACEMENT_3D('',#440243,#353303,#353304);
#283548=AXIS2_PLACEMENT_3D('',#440245,#353305,#353306);
#283549=AXIS2_PLACEMENT_3D('',#440247,#353308,#353309);
#283550=AXIS2_PLACEMENT_3D('',#440249,#353310,#353311);
#283551=AXIS2_PLACEMENT_3D('',#440251,#353313,#353314);
#283552=AXIS2_PLACEMENT_3D('',#440253,#353315,#353316);
#283553=AXIS2_PLACEMENT_3D('',#440255,#353318,#353319);
#283554=AXIS2_PLACEMENT_3D('',#440257,#353320,#353321);
#283555=AXIS2_PLACEMENT_3D('',#440259,#353323,#353324);
#283556=AXIS2_PLACEMENT_3D('',#440261,#353325,#353326);
#283557=AXIS2_PLACEMENT_3D('',#440263,#353328,#353329);
#283558=AXIS2_PLACEMENT_3D('',#440265,#353330,#353331);
#283559=AXIS2_PLACEMENT_3D('',#440267,#353333,#353334);
#283560=AXIS2_PLACEMENT_3D('',#440269,#353335,#353336);
#283561=AXIS2_PLACEMENT_3D('',#440271,#353338,#353339);
#283562=AXIS2_PLACEMENT_3D('',#440273,#353340,#353341);
#283563=AXIS2_PLACEMENT_3D('',#440275,#353343,#353344);
#283564=AXIS2_PLACEMENT_3D('',#440277,#353345,#353346);
#283565=AXIS2_PLACEMENT_3D('',#440279,#353348,#353349);
#283566=AXIS2_PLACEMENT_3D('',#440281,#353350,#353351);
#283567=AXIS2_PLACEMENT_3D('',#440283,#353353,#353354);
#283568=AXIS2_PLACEMENT_3D('',#440285,#353355,#353356);
#283569=AXIS2_PLACEMENT_3D('',#440287,#353358,#353359);
#283570=AXIS2_PLACEMENT_3D('',#440289,#353360,#353361);
#283571=AXIS2_PLACEMENT_3D('',#440291,#353363,#353364);
#283572=AXIS2_PLACEMENT_3D('',#440293,#353365,#353366);
#283573=AXIS2_PLACEMENT_3D('',#440295,#353368,#353369);
#283574=AXIS2_PLACEMENT_3D('',#440297,#353370,#353371);
#283575=AXIS2_PLACEMENT_3D('',#440299,#353373,#353374);
#283576=AXIS2_PLACEMENT_3D('',#440301,#353375,#353376);
#283577=AXIS2_PLACEMENT_3D('',#440303,#353378,#353379);
#283578=AXIS2_PLACEMENT_3D('',#440305,#353380,#353381);
#283579=AXIS2_PLACEMENT_3D('',#440307,#353383,#353384);
#283580=AXIS2_PLACEMENT_3D('',#440309,#353385,#353386);
#283581=AXIS2_PLACEMENT_3D('',#440311,#353388,#353389);
#283582=AXIS2_PLACEMENT_3D('',#440313,#353390,#353391);
#283583=AXIS2_PLACEMENT_3D('',#440315,#353393,#353394);
#283584=AXIS2_PLACEMENT_3D('',#440317,#353395,#353396);
#283585=AXIS2_PLACEMENT_3D('',#440319,#353398,#353399);
#283586=AXIS2_PLACEMENT_3D('',#440321,#353400,#353401);
#283587=AXIS2_PLACEMENT_3D('',#440323,#353403,#353404);
#283588=AXIS2_PLACEMENT_3D('',#440325,#353405,#353406);
#283589=AXIS2_PLACEMENT_3D('',#440327,#353408,#353409);
#283590=AXIS2_PLACEMENT_3D('',#440329,#353410,#353411);
#283591=AXIS2_PLACEMENT_3D('',#440331,#353413,#353414);
#283592=AXIS2_PLACEMENT_3D('',#440333,#353415,#353416);
#283593=AXIS2_PLACEMENT_3D('',#440335,#353418,#353419);
#283594=AXIS2_PLACEMENT_3D('',#440337,#353420,#353421);
#283595=AXIS2_PLACEMENT_3D('',#440339,#353423,#353424);
#283596=AXIS2_PLACEMENT_3D('',#440341,#353425,#353426);
#283597=AXIS2_PLACEMENT_3D('',#440343,#353428,#353429);
#283598=AXIS2_PLACEMENT_3D('',#440345,#353430,#353431);
#283599=AXIS2_PLACEMENT_3D('',#440347,#353433,#353434);
#283600=AXIS2_PLACEMENT_3D('',#440349,#353435,#353436);
#283601=AXIS2_PLACEMENT_3D('',#440351,#353438,#353439);
#283602=AXIS2_PLACEMENT_3D('',#440353,#353440,#353441);
#283603=AXIS2_PLACEMENT_3D('',#440355,#353443,#353444);
#283604=AXIS2_PLACEMENT_3D('',#440357,#353445,#353446);
#283605=AXIS2_PLACEMENT_3D('',#440359,#353448,#353449);
#283606=AXIS2_PLACEMENT_3D('',#440361,#353450,#353451);
#283607=AXIS2_PLACEMENT_3D('',#440363,#353453,#353454);
#283608=AXIS2_PLACEMENT_3D('',#440365,#353455,#353456);
#283609=AXIS2_PLACEMENT_3D('',#440367,#353458,#353459);
#283610=AXIS2_PLACEMENT_3D('',#440369,#353460,#353461);
#283611=AXIS2_PLACEMENT_3D('',#440371,#353463,#353464);
#283612=AXIS2_PLACEMENT_3D('',#440373,#353465,#353466);
#283613=AXIS2_PLACEMENT_3D('',#440375,#353468,#353469);
#283614=AXIS2_PLACEMENT_3D('',#440377,#353470,#353471);
#283615=AXIS2_PLACEMENT_3D('',#440379,#353473,#353474);
#283616=AXIS2_PLACEMENT_3D('',#440381,#353475,#353476);
#283617=AXIS2_PLACEMENT_3D('',#440383,#353478,#353479);
#283618=AXIS2_PLACEMENT_3D('',#440385,#353480,#353481);
#283619=AXIS2_PLACEMENT_3D('',#440387,#353483,#353484);
#283620=AXIS2_PLACEMENT_3D('',#440389,#353485,#353486);
#283621=AXIS2_PLACEMENT_3D('',#440391,#353488,#353489);
#283622=AXIS2_PLACEMENT_3D('',#440393,#353490,#353491);
#283623=AXIS2_PLACEMENT_3D('',#440395,#353493,#353494);
#283624=AXIS2_PLACEMENT_3D('',#440397,#353495,#353496);
#283625=AXIS2_PLACEMENT_3D('',#440399,#353498,#353499);
#283626=AXIS2_PLACEMENT_3D('',#440401,#353500,#353501);
#283627=AXIS2_PLACEMENT_3D('',#440403,#353503,#353504);
#283628=AXIS2_PLACEMENT_3D('',#440405,#353505,#353506);
#283629=AXIS2_PLACEMENT_3D('',#440407,#353508,#353509);
#283630=AXIS2_PLACEMENT_3D('',#440409,#353510,#353511);
#283631=AXIS2_PLACEMENT_3D('',#440411,#353513,#353514);
#283632=AXIS2_PLACEMENT_3D('',#440413,#353515,#353516);
#283633=AXIS2_PLACEMENT_3D('',#440415,#353518,#353519);
#283634=AXIS2_PLACEMENT_3D('',#440417,#353520,#353521);
#283635=AXIS2_PLACEMENT_3D('',#440419,#353523,#353524);
#283636=AXIS2_PLACEMENT_3D('',#440421,#353525,#353526);
#283637=AXIS2_PLACEMENT_3D('',#440423,#353528,#353529);
#283638=AXIS2_PLACEMENT_3D('',#440425,#353530,#353531);
#283639=AXIS2_PLACEMENT_3D('',#440427,#353533,#353534);
#283640=AXIS2_PLACEMENT_3D('',#440429,#353535,#353536);
#283641=AXIS2_PLACEMENT_3D('',#440431,#353538,#353539);
#283642=AXIS2_PLACEMENT_3D('',#440433,#353540,#353541);
#283643=AXIS2_PLACEMENT_3D('',#440435,#353543,#353544);
#283644=AXIS2_PLACEMENT_3D('',#440437,#353545,#353546);
#283645=AXIS2_PLACEMENT_3D('',#440439,#353548,#353549);
#283646=AXIS2_PLACEMENT_3D('',#440441,#353550,#353551);
#283647=AXIS2_PLACEMENT_3D('',#440443,#353553,#353554);
#283648=AXIS2_PLACEMENT_3D('',#440445,#353555,#353556);
#283649=AXIS2_PLACEMENT_3D('',#440447,#353558,#353559);
#283650=AXIS2_PLACEMENT_3D('',#440449,#353560,#353561);
#283651=AXIS2_PLACEMENT_3D('',#440451,#353563,#353564);
#283652=AXIS2_PLACEMENT_3D('',#440453,#353565,#353566);
#283653=AXIS2_PLACEMENT_3D('',#440455,#353568,#353569);
#283654=AXIS2_PLACEMENT_3D('',#440457,#353570,#353571);
#283655=AXIS2_PLACEMENT_3D('',#440459,#353573,#353574);
#283656=AXIS2_PLACEMENT_3D('',#440461,#353575,#353576);
#283657=AXIS2_PLACEMENT_3D('',#440463,#353578,#353579);
#283658=AXIS2_PLACEMENT_3D('',#440465,#353580,#353581);
#283659=AXIS2_PLACEMENT_3D('',#440467,#353583,#353584);
#283660=AXIS2_PLACEMENT_3D('',#440469,#353585,#353586);
#283661=AXIS2_PLACEMENT_3D('',#440471,#353588,#353589);
#283662=AXIS2_PLACEMENT_3D('',#440473,#353590,#353591);
#283663=AXIS2_PLACEMENT_3D('',#440475,#353593,#353594);
#283664=AXIS2_PLACEMENT_3D('',#440477,#353595,#353596);
#283665=AXIS2_PLACEMENT_3D('',#440479,#353598,#353599);
#283666=AXIS2_PLACEMENT_3D('',#440481,#353600,#353601);
#283667=AXIS2_PLACEMENT_3D('',#440483,#353603,#353604);
#283668=AXIS2_PLACEMENT_3D('',#440485,#353605,#353606);
#283669=AXIS2_PLACEMENT_3D('',#440487,#353608,#353609);
#283670=AXIS2_PLACEMENT_3D('',#440489,#353610,#353611);
#283671=AXIS2_PLACEMENT_3D('',#440491,#353613,#353614);
#283672=AXIS2_PLACEMENT_3D('',#440493,#353615,#353616);
#283673=AXIS2_PLACEMENT_3D('',#440495,#353618,#353619);
#283674=AXIS2_PLACEMENT_3D('',#440497,#353620,#353621);
#283675=AXIS2_PLACEMENT_3D('',#440499,#353623,#353624);
#283676=AXIS2_PLACEMENT_3D('',#440501,#353625,#353626);
#283677=AXIS2_PLACEMENT_3D('',#440503,#353628,#353629);
#283678=AXIS2_PLACEMENT_3D('',#440505,#353630,#353631);
#283679=AXIS2_PLACEMENT_3D('',#440507,#353633,#353634);
#283680=AXIS2_PLACEMENT_3D('',#440509,#353635,#353636);
#283681=AXIS2_PLACEMENT_3D('',#440511,#353638,#353639);
#283682=AXIS2_PLACEMENT_3D('',#440513,#353640,#353641);
#283683=AXIS2_PLACEMENT_3D('',#440515,#353643,#353644);
#283684=AXIS2_PLACEMENT_3D('',#440517,#353645,#353646);
#283685=AXIS2_PLACEMENT_3D('',#440519,#353648,#353649);
#283686=AXIS2_PLACEMENT_3D('',#440521,#353650,#353651);
#283687=AXIS2_PLACEMENT_3D('',#440523,#353653,#353654);
#283688=AXIS2_PLACEMENT_3D('',#440525,#353655,#353656);
#283689=AXIS2_PLACEMENT_3D('',#440527,#353658,#353659);
#283690=AXIS2_PLACEMENT_3D('',#440529,#353660,#353661);
#283691=AXIS2_PLACEMENT_3D('',#440531,#353663,#353664);
#283692=AXIS2_PLACEMENT_3D('',#440533,#353665,#353666);
#283693=AXIS2_PLACEMENT_3D('',#440535,#353668,#353669);
#283694=AXIS2_PLACEMENT_3D('',#440537,#353670,#353671);
#283695=AXIS2_PLACEMENT_3D('',#440539,#353673,#353674);
#283696=AXIS2_PLACEMENT_3D('',#440541,#353675,#353676);
#283697=AXIS2_PLACEMENT_3D('',#440543,#353678,#353679);
#283698=AXIS2_PLACEMENT_3D('',#440545,#353680,#353681);
#283699=AXIS2_PLACEMENT_3D('',#440547,#353683,#353684);
#283700=AXIS2_PLACEMENT_3D('',#440549,#353685,#353686);
#283701=AXIS2_PLACEMENT_3D('',#440551,#353688,#353689);
#283702=AXIS2_PLACEMENT_3D('',#440553,#353690,#353691);
#283703=AXIS2_PLACEMENT_3D('',#440555,#353693,#353694);
#283704=AXIS2_PLACEMENT_3D('',#440557,#353695,#353696);
#283705=AXIS2_PLACEMENT_3D('',#440559,#353698,#353699);
#283706=AXIS2_PLACEMENT_3D('',#440561,#353700,#353701);
#283707=AXIS2_PLACEMENT_3D('',#440563,#353703,#353704);
#283708=AXIS2_PLACEMENT_3D('',#440565,#353705,#353706);
#283709=AXIS2_PLACEMENT_3D('',#440567,#353708,#353709);
#283710=AXIS2_PLACEMENT_3D('',#440569,#353710,#353711);
#283711=AXIS2_PLACEMENT_3D('',#440571,#353713,#353714);
#283712=AXIS2_PLACEMENT_3D('',#440573,#353715,#353716);
#283713=AXIS2_PLACEMENT_3D('',#440575,#353718,#353719);
#283714=AXIS2_PLACEMENT_3D('',#440577,#353720,#353721);
#283715=AXIS2_PLACEMENT_3D('',#440579,#353723,#353724);
#283716=AXIS2_PLACEMENT_3D('',#440581,#353725,#353726);
#283717=AXIS2_PLACEMENT_3D('',#440583,#353728,#353729);
#283718=AXIS2_PLACEMENT_3D('',#440585,#353730,#353731);
#283719=AXIS2_PLACEMENT_3D('',#440587,#353733,#353734);
#283720=AXIS2_PLACEMENT_3D('',#440589,#353735,#353736);
#283721=AXIS2_PLACEMENT_3D('',#440591,#353738,#353739);
#283722=AXIS2_PLACEMENT_3D('',#440593,#353740,#353741);
#283723=AXIS2_PLACEMENT_3D('',#440595,#353743,#353744);
#283724=AXIS2_PLACEMENT_3D('',#440597,#353745,#353746);
#283725=AXIS2_PLACEMENT_3D('',#440599,#353748,#353749);
#283726=AXIS2_PLACEMENT_3D('',#440601,#353750,#353751);
#283727=AXIS2_PLACEMENT_3D('',#440603,#353753,#353754);
#283728=AXIS2_PLACEMENT_3D('',#440605,#353755,#353756);
#283729=AXIS2_PLACEMENT_3D('',#440607,#353758,#353759);
#283730=AXIS2_PLACEMENT_3D('',#440609,#353760,#353761);
#283731=AXIS2_PLACEMENT_3D('',#440611,#353763,#353764);
#283732=AXIS2_PLACEMENT_3D('',#440613,#353765,#353766);
#283733=AXIS2_PLACEMENT_3D('',#440615,#353768,#353769);
#283734=AXIS2_PLACEMENT_3D('',#440617,#353770,#353771);
#283735=AXIS2_PLACEMENT_3D('',#440619,#353773,#353774);
#283736=AXIS2_PLACEMENT_3D('',#440621,#353775,#353776);
#283737=AXIS2_PLACEMENT_3D('',#440623,#353778,#353779);
#283738=AXIS2_PLACEMENT_3D('',#440625,#353780,#353781);
#283739=AXIS2_PLACEMENT_3D('',#440627,#353783,#353784);
#283740=AXIS2_PLACEMENT_3D('',#440629,#353785,#353786);
#283741=AXIS2_PLACEMENT_3D('',#440631,#353788,#353789);
#283742=AXIS2_PLACEMENT_3D('',#440633,#353790,#353791);
#283743=AXIS2_PLACEMENT_3D('',#440635,#353793,#353794);
#283744=AXIS2_PLACEMENT_3D('',#440637,#353795,#353796);
#283745=AXIS2_PLACEMENT_3D('',#440639,#353798,#353799);
#283746=AXIS2_PLACEMENT_3D('',#440641,#353800,#353801);
#283747=AXIS2_PLACEMENT_3D('',#440643,#353803,#353804);
#283748=AXIS2_PLACEMENT_3D('',#440645,#353805,#353806);
#283749=AXIS2_PLACEMENT_3D('',#440647,#353808,#353809);
#283750=AXIS2_PLACEMENT_3D('',#440649,#353810,#353811);
#283751=AXIS2_PLACEMENT_3D('',#440651,#353813,#353814);
#283752=AXIS2_PLACEMENT_3D('',#440653,#353815,#353816);
#283753=AXIS2_PLACEMENT_3D('',#440655,#353818,#353819);
#283754=AXIS2_PLACEMENT_3D('',#440657,#353820,#353821);
#283755=AXIS2_PLACEMENT_3D('',#440659,#353823,#353824);
#283756=AXIS2_PLACEMENT_3D('',#440661,#353825,#353826);
#283757=AXIS2_PLACEMENT_3D('',#440663,#353828,#353829);
#283758=AXIS2_PLACEMENT_3D('',#440665,#353830,#353831);
#283759=AXIS2_PLACEMENT_3D('',#440667,#353833,#353834);
#283760=AXIS2_PLACEMENT_3D('',#440669,#353835,#353836);
#283761=AXIS2_PLACEMENT_3D('',#440671,#353838,#353839);
#283762=AXIS2_PLACEMENT_3D('',#440673,#353840,#353841);
#283763=AXIS2_PLACEMENT_3D('',#440675,#353843,#353844);
#283764=AXIS2_PLACEMENT_3D('',#440677,#353845,#353846);
#283765=AXIS2_PLACEMENT_3D('',#440679,#353848,#353849);
#283766=AXIS2_PLACEMENT_3D('',#440681,#353850,#353851);
#283767=AXIS2_PLACEMENT_3D('',#440683,#353853,#353854);
#283768=AXIS2_PLACEMENT_3D('',#440685,#353855,#353856);
#283769=AXIS2_PLACEMENT_3D('',#440687,#353858,#353859);
#283770=AXIS2_PLACEMENT_3D('',#440689,#353860,#353861);
#283771=AXIS2_PLACEMENT_3D('',#440691,#353863,#353864);
#283772=AXIS2_PLACEMENT_3D('',#440693,#353865,#353866);
#283773=AXIS2_PLACEMENT_3D('',#440695,#353868,#353869);
#283774=AXIS2_PLACEMENT_3D('',#440697,#353870,#353871);
#283775=AXIS2_PLACEMENT_3D('',#440699,#353873,#353874);
#283776=AXIS2_PLACEMENT_3D('',#440701,#353875,#353876);
#283777=AXIS2_PLACEMENT_3D('',#440703,#353878,#353879);
#283778=AXIS2_PLACEMENT_3D('',#440705,#353880,#353881);
#283779=AXIS2_PLACEMENT_3D('',#440707,#353883,#353884);
#283780=AXIS2_PLACEMENT_3D('',#440709,#353885,#353886);
#283781=AXIS2_PLACEMENT_3D('',#440711,#353888,#353889);
#283782=AXIS2_PLACEMENT_3D('',#440713,#353890,#353891);
#283783=AXIS2_PLACEMENT_3D('',#440715,#353893,#353894);
#283784=AXIS2_PLACEMENT_3D('',#440717,#353895,#353896);
#283785=AXIS2_PLACEMENT_3D('',#440719,#353898,#353899);
#283786=AXIS2_PLACEMENT_3D('',#440721,#353900,#353901);
#283787=AXIS2_PLACEMENT_3D('',#440723,#353903,#353904);
#283788=AXIS2_PLACEMENT_3D('',#440725,#353905,#353906);
#283789=AXIS2_PLACEMENT_3D('',#440727,#353908,#353909);
#283790=AXIS2_PLACEMENT_3D('',#440729,#353910,#353911);
#283791=AXIS2_PLACEMENT_3D('',#440731,#353913,#353914);
#283792=AXIS2_PLACEMENT_3D('',#440733,#353915,#353916);
#283793=AXIS2_PLACEMENT_3D('',#440735,#353918,#353919);
#283794=AXIS2_PLACEMENT_3D('',#440737,#353920,#353921);
#283795=AXIS2_PLACEMENT_3D('',#440739,#353923,#353924);
#283796=AXIS2_PLACEMENT_3D('',#440741,#353925,#353926);
#283797=AXIS2_PLACEMENT_3D('',#440743,#353928,#353929);
#283798=AXIS2_PLACEMENT_3D('',#440745,#353930,#353931);
#283799=AXIS2_PLACEMENT_3D('',#440747,#353933,#353934);
#283800=AXIS2_PLACEMENT_3D('',#440749,#353935,#353936);
#283801=AXIS2_PLACEMENT_3D('',#440751,#353938,#353939);
#283802=AXIS2_PLACEMENT_3D('',#440753,#353940,#353941);
#283803=AXIS2_PLACEMENT_3D('',#440755,#353943,#353944);
#283804=AXIS2_PLACEMENT_3D('',#440757,#353945,#353946);
#283805=AXIS2_PLACEMENT_3D('',#440759,#353948,#353949);
#283806=AXIS2_PLACEMENT_3D('',#440761,#353950,#353951);
#283807=AXIS2_PLACEMENT_3D('',#440763,#353953,#353954);
#283808=AXIS2_PLACEMENT_3D('',#440765,#353955,#353956);
#283809=AXIS2_PLACEMENT_3D('',#440767,#353958,#353959);
#283810=AXIS2_PLACEMENT_3D('',#440769,#353960,#353961);
#283811=AXIS2_PLACEMENT_3D('',#440771,#353963,#353964);
#283812=AXIS2_PLACEMENT_3D('',#440773,#353965,#353966);
#283813=AXIS2_PLACEMENT_3D('',#440775,#353968,#353969);
#283814=AXIS2_PLACEMENT_3D('',#440777,#353970,#353971);
#283815=AXIS2_PLACEMENT_3D('',#440779,#353973,#353974);
#283816=AXIS2_PLACEMENT_3D('',#440781,#353975,#353976);
#283817=AXIS2_PLACEMENT_3D('',#440783,#353978,#353979);
#283818=AXIS2_PLACEMENT_3D('',#440785,#353980,#353981);
#283819=AXIS2_PLACEMENT_3D('',#440787,#353983,#353984);
#283820=AXIS2_PLACEMENT_3D('',#440789,#353985,#353986);
#283821=AXIS2_PLACEMENT_3D('',#440791,#353988,#353989);
#283822=AXIS2_PLACEMENT_3D('',#440793,#353990,#353991);
#283823=AXIS2_PLACEMENT_3D('',#440795,#353993,#353994);
#283824=AXIS2_PLACEMENT_3D('',#440797,#353995,#353996);
#283825=AXIS2_PLACEMENT_3D('',#440799,#353998,#353999);
#283826=AXIS2_PLACEMENT_3D('',#440801,#354000,#354001);
#283827=AXIS2_PLACEMENT_3D('',#440803,#354003,#354004);
#283828=AXIS2_PLACEMENT_3D('',#440805,#354005,#354006);
#283829=AXIS2_PLACEMENT_3D('',#440807,#354008,#354009);
#283830=AXIS2_PLACEMENT_3D('',#440809,#354010,#354011);
#283831=AXIS2_PLACEMENT_3D('',#440811,#354013,#354014);
#283832=AXIS2_PLACEMENT_3D('',#440813,#354015,#354016);
#283833=AXIS2_PLACEMENT_3D('',#440815,#354018,#354019);
#283834=AXIS2_PLACEMENT_3D('',#440817,#354020,#354021);
#283835=AXIS2_PLACEMENT_3D('',#440819,#354023,#354024);
#283836=AXIS2_PLACEMENT_3D('',#440821,#354025,#354026);
#283837=AXIS2_PLACEMENT_3D('',#440823,#354028,#354029);
#283838=AXIS2_PLACEMENT_3D('',#440825,#354030,#354031);
#283839=AXIS2_PLACEMENT_3D('',#440827,#354033,#354034);
#283840=AXIS2_PLACEMENT_3D('',#440833,#354038,#354039);
#283841=AXIS2_PLACEMENT_3D('',#440837,#354042,#354043);
#283842=AXIS2_PLACEMENT_3D('',#440841,#354046,#354047);
#283843=AXIS2_PLACEMENT_3D('',#440843,#354049,#354050);
#283844=AXIS2_PLACEMENT_3D('',#440846,#354052,#354053);
#283845=AXIS2_PLACEMENT_3D('',#440847,#354054,#354055);
#352302=DIRECTION('center_axis',(0.707106781186546,-1.70229765470805E-35,
0.707106781186549));
#352303=DIRECTION('ref_axis',(0.707106781186549,0.,-0.707106781186546));
#352304=DIRECTION('',(2.40741243048405E-35,1.,0.));
#352305=DIRECTION('',(-0.577350269189628,0.577350269189624,0.577350269189625));
#352306=DIRECTION('',(0.,1.,0.));
#352307=DIRECTION('',(-0.577350269189627,-0.577350269189627,0.577350269189624));
#352308=DIRECTION('center_axis',(0.,-0.707106781186548,0.707106781186547));
#352309=DIRECTION('ref_axis',(1.,0.,0.));
#352310=DIRECTION('',(1.,0.,0.));
#352311=DIRECTION('',(1.,0.,0.));
#352312=DIRECTION('',(0.577350269189628,0.577350269189624,0.577350269189625));
#352313=DIRECTION('center_axis',(-0.707106781186546,1.70229765470805E-35,
0.707106781186549));
#352314=DIRECTION('ref_axis',(0.707106781186549,0.,0.707106781186546));
#352315=DIRECTION('',(0.,-1.,0.));
#352316=DIRECTION('',(-2.40741243048405E-35,-1.,0.));
#352317=DIRECTION('',(0.577350269189627,-0.577350269189627,0.577350269189624));
#352318=DIRECTION('center_axis',(0.,0.707106781186546,0.707106781186549));
#352319=DIRECTION('ref_axis',(1.,0.,0.));
#352320=DIRECTION('',(1.,0.,0.));
#352321=DIRECTION('',(-1.,0.,0.));
#352322=DIRECTION('center_axis',(0.,0.,1.));
#352323=DIRECTION('ref_axis',(1.,0.,0.));
#352324=DIRECTION('center_axis',(0.,0.,-1.));
#352325=DIRECTION('ref_axis',(1.,0.,0.));
#352326=DIRECTION('center_axis',(1.8776511600614E-18,-0.38268343236509,
0.923879532511287));
#352327=DIRECTION('ref_axis',(1.,0.,-2.03235497052043E-18));
#352328=DIRECTION('',(1.,-3.46944695195362E-18,-3.46944695195361E-18));
#352329=DIRECTION('',(0.357406744336601,0.862856209461014,0.357406744336592));
#352330=DIRECTION('',(-1.,3.46944695195362E-18,3.46944695195361E-18));
#352331=DIRECTION('',(0.357406744336586,-0.862856209461019,-0.357406744336595));
#352332=DIRECTION('center_axis',(-0.707106781186543,-4.90653893338683E-18,
0.707106781186552));
#352333=DIRECTION('ref_axis',(0.707106781186552,0.,0.707106781186543));
#352334=DIRECTION('',(0.,-1.,-6.93889390390723E-18));
#352335=DIRECTION('',(-0.577350269189632,0.577350269189622,-0.577350269189624));
#352336=DIRECTION('',(0.,-1.,0.));
#352337=DIRECTION('',(0.577350269189631,0.577350269189624,0.577350269189623));
#352338=DIRECTION('center_axis',(0.707106781186555,-4.90653893338674E-18,
0.70710678118654));
#352339=DIRECTION('ref_axis',(0.70710678118654,0.,-0.707106781186555));
#352340=DIRECTION('',(0.,1.,0.));
#352341=DIRECTION('',(-0.577350269189618,-0.577350269189628,0.577350269189631));
#352342=DIRECTION('',(0.,1.,6.93889390390723E-18));
#352343=DIRECTION('',(0.577350269189617,-0.57735026918963,-0.57735026918963));
#352344=DIRECTION('center_axis',(3.46944695195361E-18,-6.93889390390723E-18,
1.));
#352345=DIRECTION('ref_axis',(-1.,0.,3.46944695195361E-18));
#352346=DIRECTION('',(-1.,0.,3.46944695195361E-18));
#352347=DIRECTION('',(1.14603667058081E-15,-1.,-6.93889390390723E-18));
#352348=DIRECTION('',(-1.,7.77531552026821E-51,3.46944695195361E-18));
#352349=DIRECTION('',(-1.14603667058081E-15,1.,6.93889390390723E-18));
#352350=DIRECTION('',(1.,-7.77531552026821E-51,-3.46944695195361E-18));
#352351=DIRECTION('center_axis',(2.45326946669339E-18,0.707106781186549,
0.707106781186546));
#352352=DIRECTION('ref_axis',(1.,0.,-3.46944695195361E-18));
#352353=DIRECTION('',(-1.,0.,0.));
#352354=DIRECTION('center_axis',(0.,-0.707106781186547,0.707106781186548));
#352355=DIRECTION('ref_axis',(1.,0.,0.));
#352356=DIRECTION('',(-1.,0.,0.));
#352357=DIRECTION('center_axis',(0.,0.,1.));
#352358=DIRECTION('ref_axis',(-0.707106781186548,-0.707106781186548,0.));
#352359=DIRECTION('center_axis',(-3.46944695195361E-18,6.93889390390723E-18,
-1.));
#352360=DIRECTION('ref_axis',(-0.707106781186548,-0.707106781186548,0.));
#352361=DIRECTION('',(0.,0.,1.));
#352362=DIRECTION('center_axis',(0.,0.,1.));
#352363=DIRECTION('ref_axis',(-0.707106781186548,-0.707106781186548,0.));
#352364=DIRECTION('',(0.,0.,-1.));
#352365=DIRECTION('center_axis',(1.,-2.40741243048405E-35,0.));
#352366=DIRECTION('ref_axis',(2.40741243048405E-35,1.,6.93889390390723E-18));
#352367=DIRECTION('',(2.40741243048405E-35,1.,6.93889390390723E-18));
#352368=DIRECTION('',(0.,0.,-1.));
#352369=DIRECTION('',(0.,1.,0.));
#352370=DIRECTION('center_axis',(0.,0.,1.));
#352371=DIRECTION('ref_axis',(-0.707106781186548,0.707106781186548,0.));
#352372=DIRECTION('center_axis',(-3.46944695195361E-18,6.93889390390723E-18,
-1.));
#352373=DIRECTION('ref_axis',(-0.707106781186548,0.707106781186548,0.));
#352374=DIRECTION('',(0.,0.,1.));
#352375=DIRECTION('center_axis',(0.,0.,1.));
#352376=DIRECTION('ref_axis',(-0.707106781186548,0.707106781186548,0.));
#352377=DIRECTION('center_axis',(0.,-1.,0.));
#352378=DIRECTION('ref_axis',(0.,0.,-1.));
#352379=DIRECTION('',(1.,0.,0.));
#352380=DIRECTION('',(0.,0.,-1.));
#352381=DIRECTION('',(1.,0.,0.));
#352382=DIRECTION('center_axis',(0.,0.,-1.));
#352383=DIRECTION('ref_axis',(0.707106781186548,0.707106781186548,0.));
#352384=DIRECTION('center_axis',(0.,0.,1.));
#352385=DIRECTION('ref_axis',(0.707106781186548,0.707106781186548,0.));
#352386=DIRECTION('center_axis',(-3.46944695195361E-18,6.93889390390723E-18,
-1.));
#352387=DIRECTION('ref_axis',(0.707106781186548,0.707106781186548,0.));
#352388=DIRECTION('',(0.,0.,1.));
#352389=DIRECTION('center_axis',(0.,0.,1.));
#352390=DIRECTION('ref_axis',(0.707106781186539,-0.707106781186556,0.));
#352391=DIRECTION('center_axis',(-3.46944695195361E-18,6.93889390390723E-18,
-1.));
#352392=DIRECTION('ref_axis',(0.707106781186539,-0.707106781186556,0.));
#352393=DIRECTION('',(0.,0.,1.));
#352394=DIRECTION('center_axis',(0.,0.,1.));
#352395=DIRECTION('ref_axis',(0.707106781186539,-0.707106781186556,0.));
#352396=DIRECTION('',(0.,0.,-1.));
#352397=DIRECTION('center_axis',(0.,1.,0.));
#352398=DIRECTION('ref_axis',(-1.,0.,3.46944695195361E-18));
#352399=DIRECTION('',(-1.,0.,0.));
#352400=DIRECTION('',(-1.,0.,3.46944695195361E-18));
#352401=DIRECTION('center_axis',(1.04083408558609E-15,1.,1.84536314312406E-15));
#352402=DIRECTION('ref_axis',(-0.687499999999999,-6.24500451351653E-16,
0.726184377413892));
#352403=DIRECTION('center_axis',(-0.265390593391202,-0.957973660543148,
-0.108877447825649));
#352404=DIRECTION('ref_axis',(0.963702699396683,-0.26697772786423,0.));
#352405=DIRECTION('center_axis',(0.,1.,-1.46879702319944E-35));
#352406=DIRECTION('ref_axis',(0.395284707521049,0.,0.918558653543691));
#352407=DIRECTION('center_axis',(0.,1.,0.));
#352408=DIRECTION('ref_axis',(-0.687499999999996,0.,0.726184377413894));
#352409=DIRECTION('',(0.,1.,-1.46879702319944E-35));
#352410=DIRECTION('',(-1.55144356631194E-35,-1.,0.));
#352411=DIRECTION('center_axis',(-0.265390593391206,0.957973660543146,-0.108877447825658));
#352412=DIRECTION('ref_axis',(-0.633054049095048,-0.0879665917962491,0.76909326459937));
#352413=DIRECTION('center_axis',(-0.998799926967651,0.0469539440889767,
0.0139295737158494));
#352414=DIRECTION('ref_axis',(-0.00793775008979486,-0.43584526173451,0.899986610982124));
#352415=DIRECTION('center_axis',(-1.,1.77635683940026E-14,2.83970270901599E-14));
#352416=DIRECTION('ref_axis',(1.77635683940025E-14,-0.43750000000001,0.89921841062113));
#352417=DIRECTION('center_axis',(-1.,0.,1.78481846163946E-35));
#352418=DIRECTION('ref_axis',(0.,0.530330085889902,0.847791247890664));
#352419=DIRECTION('center_axis',(-1.,0.,0.));
#352420=DIRECTION('ref_axis',(0.,-0.437499999999995,0.899218410621138));
#352421=DIRECTION('',(-1.,0.,1.78481846163946E-35));
#352422=DIRECTION('',(1.,3.66843798930902E-35,0.));
#352423=DIRECTION('center_axis',(-0.998799926967651,-0.0469539440889775,
-0.0139295737158508));
#352424=DIRECTION('ref_axis',(0.00793775008979481,-0.435845261734525,0.899986610982117));
#352425=DIRECTION('center_axis',(-0.265390593391949,-0.957973660542585,
0.108877447828783));
#352426=DIRECTION('ref_axis',(0.633054049094678,-0.087966591794118,0.769093264599918));
#352427=DIRECTION('center_axis',(3.55271367880045E-14,-1.,-8.25576054710246E-14));
#352428=DIRECTION('ref_axis',(0.68749999999999,-3.55271367880056E-14,0.7261843774139));
#352429=DIRECTION('center_axis',(0.,-1.,-2.27916779461985E-35));
#352430=DIRECTION('ref_axis',(-0.395284707521051,0.,0.91855865354369));
#352431=DIRECTION('center_axis',(3.33066907387542E-15,-1.,-4.87319198960929E-15));
#352432=DIRECTION('ref_axis',(0.687500000000016,-1.2490009027033E-15,0.726184377413876));
#352433=DIRECTION('',(0.,-1.,-2.27916779461985E-35));
#352434=DIRECTION('',(2.40741243048405E-35,1.,0.));
#352435=DIRECTION('center_axis',(0.265390593391207,-0.957973660543147,-0.108877447825652));
#352436=DIRECTION('ref_axis',(0.633054049095049,0.0879665917962554,0.769093264599368));
#352437=DIRECTION('center_axis',(0.998799926967558,-0.0469539440910024,
0.0139295737156605));
#352438=DIRECTION('ref_axis',(0.00793775009084286,0.435845261734379,0.899986610982178));
#352439=DIRECTION('center_axis',(1.,0.,0.));
#352440=DIRECTION('ref_axis',(0.,0.437500000000002,0.899218410621134));
#352441=DIRECTION('center_axis',(1.,0.,0.));
#352442=DIRECTION('ref_axis',(0.,-0.530330085889911,0.847791247890658));
#352443=DIRECTION('center_axis',(1.,0.,0.));
#352444=DIRECTION('ref_axis',(0.,0.437500000000002,0.899218410621134));
#352445=DIRECTION('',(1.,0.,0.));
#352446=DIRECTION('',(-1.,0.,0.));
#352447=DIRECTION('center_axis',(0.99879992695753,0.0469539444213644,-0.0139295733211449));
#352448=DIRECTION('ref_axis',(-0.0079377505893774,0.4358452617111,0.899986610989055));
#352449=DIRECTION('center_axis',(-0.999961107360909,0.,0.00881951050481447));
#352450=DIRECTION('ref_axis',(0.,-1.,0.));
#352451=DIRECTION('center_axis',(0.,-0.993522435510156,-0.113636130425));
#352452=DIRECTION('ref_axis',(1.,0.,0.));
#352453=DIRECTION('center_axis',(-1.,0.,0.));
#352454=DIRECTION('ref_axis',(0.,-1.,0.));
#352455=DIRECTION('center_axis',(1.,3.66843798930902E-35,0.));
#352456=DIRECTION('ref_axis',(0.,-0.150000000000002,0.988685996664259));
#352457=DIRECTION('center_axis',(1.,0.,0.));
#352458=DIRECTION('ref_axis',(0.,-0.150000000000002,0.988685996664259));
#352459=DIRECTION('',(1.,3.66843798930902E-35,0.));
#352460=DIRECTION('center_axis',(0.999961107360909,0.,0.00881951050481447));
#352461=DIRECTION('ref_axis',(-0.00872202195147054,-0.148274373174999,0.988907799844171));
#352462=DIRECTION('center_axis',(0.,-0.993522435510156,-0.113636130425));
#352463=DIRECTION('ref_axis',(-0.283345606203063,-0.10897907930887,0.952805765997671));
#352464=DIRECTION('center_axis',(-3.5527136788005E-15,-1.,-1.32740879223028E-15));
#352465=DIRECTION('ref_axis',(-0.350000000000001,0.,0.936749699759759));
#352466=DIRECTION('center_axis',(-1.55144356631194E-35,-1.,0.));
#352467=DIRECTION('ref_axis',(-0.350000000000001,0.,0.936749699759759));
#352468=DIRECTION('center_axis',(0.,-1.,0.));
#352469=DIRECTION('ref_axis',(-0.350000000000001,0.,0.936749699759759));
#352470=DIRECTION('',(-1.55144356631194E-35,-1.,0.));
#352471=DIRECTION('center_axis',(-2.75757870846259E-17,-0.993522435510156,
0.113636130424998));
#352472=DIRECTION('ref_axis',(-0.283345606203063,0.108979079308869,0.952805765997672));
#352473=DIRECTION('center_axis',(-1.,0.,0.));
#352474=DIRECTION('ref_axis',(0.,-1.,0.));
#352475=DIRECTION('',(0.,0.,1.));
#352476=DIRECTION('',(0.,-1.,0.));
#352477=DIRECTION('',(0.,0.,-1.));
#352478=DIRECTION('center_axis',(0.,0.,-1.));
#352479=DIRECTION('ref_axis',(0.707106781186547,0.707106781186547,0.));
#352480=DIRECTION('',(0.,0.,-1.));
#352481=DIRECTION('center_axis',(0.,0.,1.));
#352482=DIRECTION('ref_axis',(0.707106781186547,0.707106781186547,0.));
#352483=DIRECTION('center_axis',(0.,1.,0.));
#352484=DIRECTION('ref_axis',(0.,0.,1.));
#352485=DIRECTION('',(0.,0.,1.));
#352486=DIRECTION('',(-1.,0.,0.));
#352487=DIRECTION('center_axis',(0.,0.,1.));
#352488=DIRECTION('ref_axis',(-0.707106781186548,0.707106781186547,0.));
#352489=DIRECTION('',(0.,0.,-1.));
#352490=DIRECTION('center_axis',(0.,0.,1.));
#352491=DIRECTION('ref_axis',(-0.707106781186548,0.707106781186547,0.));
#352492=DIRECTION('center_axis',(0.,-1.,-3.79259654922936E-15));
#352493=DIRECTION('ref_axis',(1.,0.,0.));
#352494=DIRECTION('center_axis',(2.40741243048405E-35,1.,0.));
#352495=DIRECTION('ref_axis',(0.350000000000001,0.,0.936749699759759));
#352496=DIRECTION('',(2.40741243048405E-35,1.,0.));
#352497=DIRECTION('center_axis',(0.,-1.,-7.11111852980505E-16));
#352498=DIRECTION('ref_axis',(1.,0.,0.));
#352499=DIRECTION('center_axis',(-1.2661427084936E-15,-0.993522435510157,
0.113636130424996));
#352500=DIRECTION('ref_axis',(1.,-1.2490009027033E-15,2.22044604925031E-16));
#352501=DIRECTION('center_axis',(-0.999961107361152,-5.90941674992633E-10,
-0.00881951047727356));
#352502=DIRECTION('ref_axis',(-0.00872202201188443,0.148274373150588,0.988907799847298));
#352503=DIRECTION('center_axis',(0.99996110736091,-2.66100242724553E-12,
-0.00881951050468839));
#352504=DIRECTION('ref_axis',(2.66098254542157E-12,1.,-1.3988810110277E-14));
#352505=DIRECTION('center_axis',(-1.,0.,3.59336906842723E-15));
#352506=DIRECTION('ref_axis',(3.5527136788005E-15,0.150000000000002,0.988685996664259));
#352507=DIRECTION('center_axis',(1.,3.5527136788005E-15,-5.39005360264093E-16));
#352508=DIRECTION('ref_axis',(-3.5527136788005E-15,1.,0.));
#352509=DIRECTION('center_axis',(-1.,0.,0.));
#352510=DIRECTION('ref_axis',(0.,0.150000000000002,0.988685996664259));
#352511=DIRECTION('',(-1.,0.,0.));
#352512=DIRECTION('center_axis',(0.,0.,1.));
#352513=DIRECTION('ref_axis',(0.707106781186548,0.707106781186547,0.));
#352514=DIRECTION('',(0.,0.,-1.));
#352515=DIRECTION('center_axis',(3.46944695195361E-18,-6.93889390390723E-18,
1.));
#352516=DIRECTION('ref_axis',(0.707106781186548,0.707106781186547,0.));
#352517=DIRECTION('',(0.,0.,1.));
#352518=DIRECTION('center_axis',(1.,-2.40741243048405E-35,0.));
#352519=DIRECTION('ref_axis',(2.40741243048405E-35,1.,6.93889390390723E-18));
#352520=DIRECTION('',(0.,0.,1.));
#352521=DIRECTION('',(2.40741243048405E-35,1.,6.93889390390723E-18));
#352522=DIRECTION('center_axis',(0.,0.,1.));
#352523=DIRECTION('ref_axis',(0.707106781186548,-0.707106781186548,0.));
#352524=DIRECTION('',(0.,0.,-1.));
#352525=DIRECTION('center_axis',(3.46944695195361E-18,-6.93889390390723E-18,
1.));
#352526=DIRECTION('ref_axis',(0.707106781186548,-0.707106781186548,0.));
#352527=DIRECTION('center_axis',(3.66843798930902E-35,-1.,0.));
#352528=DIRECTION('ref_axis',(1.,3.66843798930902E-35,-8.75622325969245E-18));
#352529=DIRECTION('',(0.,0.,1.));
#352530=DIRECTION('',(1.,3.66843798930902E-35,-8.75622325969245E-18));
#352531=DIRECTION('center_axis',(0.,0.,-1.));
#352532=DIRECTION('ref_axis',(-0.707106781186547,-0.707106781186547,0.));
#352533=DIRECTION('',(0.,0.,-1.));
#352534=DIRECTION('center_axis',(0.,0.,1.));
#352535=DIRECTION('ref_axis',(-0.707106781186547,-0.707106781186547,0.));
#352536=DIRECTION('',(0.,0.,1.));
#352537=DIRECTION('center_axis',(0.,0.,1.));
#352538=DIRECTION('ref_axis',(-1.,0.,0.));
#352539=DIRECTION('',(1.,0.,0.));
#352540=DIRECTION('center_axis',(0.,0.,1.));
#352541=DIRECTION('ref_axis',(0.707106781186547,-0.707106781186547,0.));
#352542=DIRECTION('',(0.,1.,0.));
#352543=DIRECTION('',(0.,-1.,0.));
#352544=DIRECTION('center_axis',(0.,0.,1.));
#352545=DIRECTION('ref_axis',(-1.,0.,0.));
#352546=DIRECTION('',(1.,0.,0.));
#352547=DIRECTION('',(0.,-1.,0.));
#352548=DIRECTION('',(-0.894427190999916,-0.447213595499958,0.));
#352549=DIRECTION('',(-1.,0.,0.));
#352550=DIRECTION('',(-0.894427190999916,0.447213595499958,0.));
#352551=DIRECTION('',(0.,1.,0.));
#352552=DIRECTION('',(1.,0.,0.));
#352553=DIRECTION('',(0.,-1.,0.));
#352554=DIRECTION('',(-0.894427190999916,-0.447213595499958,0.));
#352555=DIRECTION('',(-1.,0.,0.));
#352556=DIRECTION('',(-0.894427190999916,0.447213595499958,0.));
#352557=DIRECTION('',(0.,1.,0.));
#352558=DIRECTION('',(1.,0.,0.));
#352559=DIRECTION('',(0.,-1.,0.));
#352560=DIRECTION('',(-0.894427190999916,-0.447213595499958,0.));
#352561=DIRECTION('',(-1.,0.,0.));
#352562=DIRECTION('',(-0.894427190999916,0.447213595499958,0.));
#352563=DIRECTION('',(0.,1.,0.));
#352564=DIRECTION('',(1.,0.,0.));
#352565=DIRECTION('',(0.,-1.,0.));
#352566=DIRECTION('',(-1.,0.,0.));
#352567=DIRECTION('',(0.,1.,0.));
#352568=DIRECTION('',(1.,0.,0.));
#352569=DIRECTION('',(0.,-1.,0.));
#352570=DIRECTION('',(-0.894427190999916,-0.447213595499958,0.));
#352571=DIRECTION('',(-1.,0.,0.));
#352572=DIRECTION('',(-0.894427190999916,0.447213595499958,0.));
#352573=DIRECTION('',(0.,1.,0.));
#352574=DIRECTION('center_axis',(0.,-1.,0.));
#352575=DIRECTION('ref_axis',(0.,0.,-1.));
#352576=DIRECTION('',(0.,0.,1.));
#352577=DIRECTION('center_axis',(0.,0.,1.));
#352578=DIRECTION('ref_axis',(0.707106781186547,-0.707106781186547,0.));
#352579=DIRECTION('center_axis',(1.,0.,0.));
#352580=DIRECTION('ref_axis',(0.,1.,0.));
#352581=DIRECTION('center_axis',(0.,0.,1.));
#352582=DIRECTION('ref_axis',(-0.707106781186548,-0.707106781186548,0.));
#352583=DIRECTION('',(0.,0.,-1.));
#352584=DIRECTION('center_axis',(3.46944695195361E-18,-6.93889390390723E-18,
1.));
#352585=DIRECTION('ref_axis',(-0.707106781186548,-0.707106781186548,0.));
#352586=DIRECTION('center_axis',(-1.,1.55144356631194E-35,0.));
#352587=DIRECTION('ref_axis',(-1.55144356631194E-35,-1.,-4.47173162696244E-18));
#352588=DIRECTION('',(0.,0.,1.));
#352589=DIRECTION('',(-1.55144356631194E-35,-1.,-4.47173162696244E-18));
#352590=DIRECTION('center_axis',(0.,0.,1.));
#352591=DIRECTION('ref_axis',(-0.707106781186548,0.707106781186547,0.));
#352592=DIRECTION('',(0.,0.,-1.));
#352593=DIRECTION('center_axis',(3.46944695195361E-18,-6.93889390390723E-18,
1.));
#352594=DIRECTION('ref_axis',(-0.707106781186548,0.707106781186547,0.));
#352595=DIRECTION('center_axis',(0.,1.,0.));
#352596=DIRECTION('ref_axis',(-1.,0.,3.46944695195361E-18));
#352597=DIRECTION('',(-1.,0.,3.46944695195361E-18));
#352598=DIRECTION('center_axis',(0.,0.,1.));
#352599=DIRECTION('ref_axis',(1.,0.,0.));
#352600=DIRECTION('',(0.,1.,0.));
#352601=DIRECTION('',(-1.,0.,0.));
#352602=DIRECTION('',(0.,-1.,0.));
#352603=DIRECTION('',(1.,0.,0.));
#352604=DIRECTION('',(0.,-1.,0.));
#352605=DIRECTION('',(-1.,-7.83649083653979E-18,0.));
#352606=DIRECTION('',(0.,1.,0.));
#352607=DIRECTION('',(1.,0.,0.));
#352608=DIRECTION('center_axis',(-1.,0.,0.));
#352609=DIRECTION('ref_axis',(0.,1.,0.));
#352610=DIRECTION('',(0.,0.,-1.));
#352611=DIRECTION('',(0.,1.,0.));
#352612=DIRECTION('',(0.,0.,-1.));
#352613=DIRECTION('center_axis',(7.83649083653979E-18,-1.,0.));
#352614=DIRECTION('ref_axis',(-1.,-7.83649083653979E-18,0.));
#352615=DIRECTION('',(0.,0.,1.));
#352616=DIRECTION('',(-1.,-7.83649083653979E-18,0.));
#352617=DIRECTION('center_axis',(1.,0.,0.));
#352618=DIRECTION('ref_axis',(0.,-1.,0.));
#352619=DIRECTION('',(0.,0.,-1.));
#352620=DIRECTION('',(0.,0.,-1.));
#352621=DIRECTION('center_axis',(0.,-1.,0.));
#352622=DIRECTION('ref_axis',(-1.,0.,0.));
#352623=DIRECTION('',(0.,0.,1.));
#352624=DIRECTION('center_axis',(0.,0.,1.));
#352625=DIRECTION('ref_axis',(1.,0.,0.));
#352626=DIRECTION('',(-1.,0.,0.));
#352627=DIRECTION('',(-0.894427190999916,-0.447213595499958,0.));
#352628=DIRECTION('',(0.,-1.,0.));
#352629=DIRECTION('',(1.,0.,0.));
#352630=DIRECTION('',(0.,1.,0.));
#352631=DIRECTION('',(-0.894427190999916,0.447213595499958,0.));
#352632=DIRECTION('',(0.894427190999916,0.447213595499958,0.));
#352633=DIRECTION('',(1.,0.,0.));
#352634=DIRECTION('',(0.894427190999916,-0.447213595499958,0.));
#352635=DIRECTION('',(0.,-1.,0.));
#352636=DIRECTION('',(-1.,0.,0.));
#352637=DIRECTION('',(0.,1.,0.));
#352638=DIRECTION('center_axis',(1.,0.,0.));
#352639=DIRECTION('ref_axis',(0.,-1.,0.));
#352640=DIRECTION('',(0.,0.,-1.));
#352641=DIRECTION('',(0.,-1.,0.));
#352642=DIRECTION('',(0.,0.,-1.));
#352643=DIRECTION('center_axis',(0.447213595499958,0.894427190999916,0.));
#352644=DIRECTION('ref_axis',(0.894427190999916,-0.447213595499958,0.));
#352645=DIRECTION('',(0.,0.,-1.));
#352646=DIRECTION('',(0.894427190999916,-0.447213595499958,0.));
#352647=DIRECTION('center_axis',(0.,1.,0.));
#352648=DIRECTION('ref_axis',(1.,0.,0.));
#352649=DIRECTION('',(0.,0.,1.));
#352650=DIRECTION('',(1.,0.,0.));
#352651=DIRECTION('center_axis',(0.,1.,0.));
#352652=DIRECTION('ref_axis',(1.,0.,0.));
#352653=DIRECTION('',(0.,0.,-1.));
#352654=DIRECTION('',(0.,0.,-1.));
#352655=DIRECTION('center_axis',(1.,0.,0.));
#352656=DIRECTION('ref_axis',(0.,-1.,0.));
#352657=DIRECTION('',(0.,0.,-1.));
#352658=DIRECTION('center_axis',(0.447213595499958,-0.894427190999916,0.));
#352659=DIRECTION('ref_axis',(-0.894427190999916,-0.447213595499958,0.));
#352660=DIRECTION('',(0.,0.,1.));
#352661=DIRECTION('center_axis',(0.,0.,1.));
#352662=DIRECTION('ref_axis',(1.,0.,0.));
#352663=DIRECTION('',(-1.,0.,0.));
#352664=DIRECTION('',(-0.894427190999916,-0.447213595499958,0.));
#352665=DIRECTION('',(0.,-1.,0.));
#352666=DIRECTION('',(1.,0.,0.));
#352667=DIRECTION('',(0.,1.,0.));
#352668=DIRECTION('',(-0.894427190999916,0.447213595499958,0.));
#352669=DIRECTION('',(0.894427190999916,0.447213595499958,0.));
#352670=DIRECTION('',(1.,0.,0.));
#352671=DIRECTION('',(0.894427190999916,-0.447213595499958,0.));
#352672=DIRECTION('',(0.,-1.,0.));
#352673=DIRECTION('',(-1.,0.,0.));
#352674=DIRECTION('',(0.,1.,0.));
#352675=DIRECTION('center_axis',(1.,0.,0.));
#352676=DIRECTION('ref_axis',(0.,-1.,0.));
#352677=DIRECTION('',(0.,0.,-1.));
#352678=DIRECTION('',(0.,-1.,0.));
#352679=DIRECTION('',(0.,0.,-1.));
#352680=DIRECTION('center_axis',(0.447213595499958,0.894427190999916,0.));
#352681=DIRECTION('ref_axis',(0.894427190999916,-0.447213595499958,0.));
#352682=DIRECTION('',(0.,0.,-1.));
#352683=DIRECTION('',(0.894427190999916,-0.447213595499958,0.));
#352684=DIRECTION('center_axis',(0.,1.,0.));
#352685=DIRECTION('ref_axis',(1.,0.,0.));
#352686=DIRECTION('',(0.,0.,1.));
#352687=DIRECTION('',(1.,0.,0.));
#352688=DIRECTION('center_axis',(0.,1.,0.));
#352689=DIRECTION('ref_axis',(1.,0.,0.));
#352690=DIRECTION('',(0.,0.,-1.));
#352691=DIRECTION('',(0.,0.,-1.));
#352692=DIRECTION('center_axis',(1.,0.,0.));
#352693=DIRECTION('ref_axis',(0.,-1.,0.));
#352694=DIRECTION('',(0.,0.,-1.));
#352695=DIRECTION('center_axis',(0.447213595499958,-0.894427190999916,0.));
#352696=DIRECTION('ref_axis',(-0.894427190999916,-0.447213595499958,0.));
#352697=DIRECTION('',(0.,0.,1.));
#352698=DIRECTION('center_axis',(0.,0.,1.));
#352699=DIRECTION('ref_axis',(1.,0.,0.));
#352700=DIRECTION('',(-1.,0.,0.));
#352701=DIRECTION('',(-0.894427190999916,-0.447213595499958,0.));
#352702=DIRECTION('',(0.,-1.,0.));
#352703=DIRECTION('',(1.,0.,0.));
#352704=DIRECTION('',(0.,1.,0.));
#352705=DIRECTION('',(-0.894427190999916,0.447213595499958,0.));
#352706=DIRECTION('',(1.,0.,0.));
#352707=DIRECTION('',(0.894427190999916,-0.447213595499958,0.));
#352708=DIRECTION('',(0.,-1.,0.));
#352709=DIRECTION('',(-1.,0.,0.));
#352710=DIRECTION('',(0.,1.,0.));
#352711=DIRECTION('',(0.894427190999916,0.447213595499958,0.));
#352712=DIRECTION('center_axis',(0.,-1.,0.));
#352713=DIRECTION('ref_axis',(-1.,0.,0.));
#352714=DIRECTION('',(0.,0.,-1.));
#352715=DIRECTION('',(-1.,0.,0.));
#352716=DIRECTION('',(0.,0.,-1.));
#352717=DIRECTION('center_axis',(1.,0.,0.));
#352718=DIRECTION('ref_axis',(0.,-1.,0.));
#352719=DIRECTION('',(0.,0.,-1.));
#352720=DIRECTION('',(0.,-1.,0.));
#352721=DIRECTION('center_axis',(0.447213595499958,0.894427190999916,0.));
#352722=DIRECTION('ref_axis',(0.894427190999916,-0.447213595499958,0.));
#352723=DIRECTION('',(0.,0.,1.));
#352724=DIRECTION('',(0.894427190999916,-0.447213595499958,0.));
#352725=DIRECTION('center_axis',(0.,1.,0.));
#352726=DIRECTION('ref_axis',(1.,0.,0.));
#352727=DIRECTION('',(0.,0.,-1.));
#352728=DIRECTION('',(0.,0.,-1.));
#352729=DIRECTION('center_axis',(1.,0.,0.));
#352730=DIRECTION('ref_axis',(0.,-1.,0.));
#352731=DIRECTION('',(0.,0.,-1.));
#352732=DIRECTION('center_axis',(0.447213595499958,-0.894427190999916,0.));
#352733=DIRECTION('ref_axis',(-0.894427190999916,-0.447213595499958,0.));
#352734=DIRECTION('',(0.,0.,1.));
#352735=DIRECTION('center_axis',(0.,0.,1.));
#352736=DIRECTION('ref_axis',(1.,0.,0.));
#352737=DIRECTION('',(-1.,0.,0.));
#352738=DIRECTION('',(-0.894427190999916,-0.447213595499958,0.));
#352739=DIRECTION('',(0.,-1.,0.));
#352740=DIRECTION('',(1.,0.,0.));
#352741=DIRECTION('',(0.,1.,0.));
#352742=DIRECTION('',(-0.894427190999916,0.447213595499958,0.));
#352743=DIRECTION('',(1.,0.,0.));
#352744=DIRECTION('',(0.894427190999916,-0.447213595499958,0.));
#352745=DIRECTION('',(0.,-1.,0.));
#352746=DIRECTION('',(-1.,0.,0.));
#352747=DIRECTION('',(0.,1.,0.));
#352748=DIRECTION('',(0.894427190999916,0.447213595499958,0.));
#352749=DIRECTION('center_axis',(0.,-1.,0.));
#352750=DIRECTION('ref_axis',(-1.,0.,0.));
#352751=DIRECTION('',(0.,0.,-1.));
#352752=DIRECTION('',(-1.,0.,0.));
#352753=DIRECTION('',(0.,0.,-1.));
#352754=DIRECTION('center_axis',(1.,0.,0.));
#352755=DIRECTION('ref_axis',(0.,-1.,0.));
#352756=DIRECTION('',(0.,0.,-1.));
#352757=DIRECTION('',(0.,-1.,0.));
#352758=DIRECTION('center_axis',(0.447213595499958,0.894427190999916,0.));
#352759=DIRECTION('ref_axis',(0.894427190999916,-0.447213595499958,0.));
#352760=DIRECTION('',(0.,0.,1.));
#352761=DIRECTION('',(0.894427190999916,-0.447213595499958,0.));
#352762=DIRECTION('center_axis',(0.,1.,0.));
#352763=DIRECTION('ref_axis',(1.,0.,0.));
#352764=DIRECTION('',(0.,0.,-1.));
#352765=DIRECTION('',(0.,0.,-1.));
#352766=DIRECTION('center_axis',(1.,0.,0.));
#352767=DIRECTION('ref_axis',(0.,-1.,0.));
#352768=DIRECTION('',(0.,0.,-1.));
#352769=DIRECTION('center_axis',(0.447213595499958,-0.894427190999916,0.));
#352770=DIRECTION('ref_axis',(-0.894427190999916,-0.447213595499958,0.));
#352771=DIRECTION('',(0.,0.,1.));
#352772=DIRECTION('center_axis',(0.,0.,1.));
#352773=DIRECTION('ref_axis',(-1.,0.,0.));
#352774=DIRECTION('',(0.,-1.,0.));
#352775=DIRECTION('',(1.,0.,0.));
#352776=DIRECTION('center_axis',(0.,0.,-1.));
#352777=DIRECTION('ref_axis',(-1.,0.,0.));
#352778=DIRECTION('center_axis',(0.,0.,-1.));
#352779=DIRECTION('ref_axis',(-1.,0.,0.));
#352780=DIRECTION('center_axis',(0.,0.,-1.));
#352781=DIRECTION('ref_axis',(-1.,0.,0.));
#352782=DIRECTION('center_axis',(0.,0.,-1.));
#352783=DIRECTION('ref_axis',(-1.,0.,0.));
#352784=DIRECTION('center_axis',(0.,0.,-1.));
#352785=DIRECTION('ref_axis',(-1.,0.,0.));
#352786=DIRECTION('center_axis',(0.,0.,-1.));
#352787=DIRECTION('ref_axis',(-1.,0.,0.));
#352788=DIRECTION('center_axis',(0.,0.,-1.));
#352789=DIRECTION('ref_axis',(-1.,0.,0.));
#352790=DIRECTION('center_axis',(0.,0.,-1.));
#352791=DIRECTION('ref_axis',(-1.,0.,0.));
#352792=DIRECTION('center_axis',(0.,0.,-1.));
#352793=DIRECTION('ref_axis',(-1.,0.,0.));
#352794=DIRECTION('center_axis',(0.,0.,-1.));
#352795=DIRECTION('ref_axis',(-1.,0.,0.));
#352796=DIRECTION('center_axis',(0.,0.,-1.));
#352797=DIRECTION('ref_axis',(-1.,0.,0.));
#352798=DIRECTION('center_axis',(0.,0.,-1.));
#352799=DIRECTION('ref_axis',(-1.,0.,0.));
#352800=DIRECTION('center_axis',(0.,0.,-1.));
#352801=DIRECTION('ref_axis',(-1.,0.,0.));
#352802=DIRECTION('center_axis',(0.,0.,-1.));
#352803=DIRECTION('ref_axis',(-1.,0.,0.));
#352804=DIRECTION('center_axis',(0.,0.,-1.));
#352805=DIRECTION('ref_axis',(-1.,0.,0.));
#352806=DIRECTION('center_axis',(0.,0.,-1.));
#352807=DIRECTION('ref_axis',(-1.,0.,0.));
#352808=DIRECTION('center_axis',(0.,0.,-1.));
#352809=DIRECTION('ref_axis',(-1.,0.,0.));
#352810=DIRECTION('center_axis',(0.,0.,-1.));
#352811=DIRECTION('ref_axis',(-1.,0.,0.));
#352812=DIRECTION('center_axis',(0.,0.,-1.));
#352813=DIRECTION('ref_axis',(-1.,0.,0.));
#352814=DIRECTION('center_axis',(0.,0.,-1.));
#352815=DIRECTION('ref_axis',(-1.,0.,0.));
#352816=DIRECTION('center_axis',(0.,0.,-1.));
#352817=DIRECTION('ref_axis',(-1.,0.,0.));
#352818=DIRECTION('center_axis',(0.,0.,-1.));
#352819=DIRECTION('ref_axis',(-1.,0.,0.));
#352820=DIRECTION('center_axis',(0.,0.,-1.));
#352821=DIRECTION('ref_axis',(-1.,0.,0.));
#352822=DIRECTION('center_axis',(0.,0.,-1.));
#352823=DIRECTION('ref_axis',(-1.,0.,0.));
#352824=DIRECTION('center_axis',(0.,0.,-1.));
#352825=DIRECTION('ref_axis',(-1.,0.,0.));
#352826=DIRECTION('center_axis',(0.,0.,-1.));
#352827=DIRECTION('ref_axis',(-1.,0.,0.));
#352828=DIRECTION('center_axis',(0.,0.,-1.));
#352829=DIRECTION('ref_axis',(-1.,0.,0.));
#352830=DIRECTION('center_axis',(0.,0.,-1.));
#352831=DIRECTION('ref_axis',(-1.,0.,0.));
#352832=DIRECTION('center_axis',(0.,0.,-1.));
#352833=DIRECTION('ref_axis',(-1.,0.,0.));
#352834=DIRECTION('center_axis',(0.,0.,-1.));
#352835=DIRECTION('ref_axis',(-1.,0.,0.));
#352836=DIRECTION('center_axis',(0.,0.,-1.));
#352837=DIRECTION('ref_axis',(-1.,0.,0.));
#352838=DIRECTION('center_axis',(0.,0.,-1.));
#352839=DIRECTION('ref_axis',(-1.,0.,0.));
#352840=DIRECTION('center_axis',(0.,0.,-1.));
#352841=DIRECTION('ref_axis',(-1.,0.,0.));
#352842=DIRECTION('center_axis',(0.,0.,-1.));
#352843=DIRECTION('ref_axis',(-1.,0.,0.));
#352844=DIRECTION('center_axis',(0.,0.,-1.));
#352845=DIRECTION('ref_axis',(-1.,0.,0.));
#352846=DIRECTION('center_axis',(0.,0.,-1.));
#352847=DIRECTION('ref_axis',(-1.,0.,0.));
#352848=DIRECTION('center_axis',(0.,0.,-1.));
#352849=DIRECTION('ref_axis',(-1.,0.,0.));
#352850=DIRECTION('center_axis',(0.,0.,-1.));
#352851=DIRECTION('ref_axis',(-1.,0.,0.));
#352852=DIRECTION('center_axis',(0.,0.,-1.));
#352853=DIRECTION('ref_axis',(-1.,0.,0.));
#352854=DIRECTION('center_axis',(0.,0.,-1.));
#352855=DIRECTION('ref_axis',(-1.,0.,0.));
#352856=DIRECTION('center_axis',(0.,0.,-1.));
#352857=DIRECTION('ref_axis',(-1.,0.,0.));
#352858=DIRECTION('center_axis',(0.,0.,-1.));
#352859=DIRECTION('ref_axis',(-1.,0.,0.));
#352860=DIRECTION('center_axis',(0.,0.,-1.));
#352861=DIRECTION('ref_axis',(-1.,0.,0.));
#352862=DIRECTION('center_axis',(0.,0.,-1.));
#352863=DIRECTION('ref_axis',(-1.,0.,0.));
#352864=DIRECTION('center_axis',(0.,0.,-1.));
#352865=DIRECTION('ref_axis',(-1.,0.,0.));
#352866=DIRECTION('center_axis',(0.,0.,1.));
#352867=DIRECTION('ref_axis',(-1.,0.,0.));
#352868=DIRECTION('',(0.894427190999916,0.447213595499958,0.));
#352869=DIRECTION('',(0.,1.,0.));
#352870=DIRECTION('',(-1.,0.,0.));
#352871=DIRECTION('center_axis',(0.,0.,-1.));
#352872=DIRECTION('ref_axis',(-1.,0.,0.));
#352873=DIRECTION('center_axis',(0.,0.,-1.));
#352874=DIRECTION('ref_axis',(-1.,0.,0.));
#352875=DIRECTION('center_axis',(0.,0.,-1.));
#352876=DIRECTION('ref_axis',(-1.,0.,0.));
#352877=DIRECTION('center_axis',(0.,0.,-1.));
#352878=DIRECTION('ref_axis',(-1.,0.,0.));
#352879=DIRECTION('center_axis',(0.,0.,-1.));
#352880=DIRECTION('ref_axis',(-1.,0.,0.));
#352881=DIRECTION('center_axis',(0.,0.,-1.));
#352882=DIRECTION('ref_axis',(-1.,0.,0.));
#352883=DIRECTION('center_axis',(0.,0.,-1.));
#352884=DIRECTION('ref_axis',(-1.,0.,0.));
#352885=DIRECTION('center_axis',(0.,0.,-1.));
#352886=DIRECTION('ref_axis',(-1.,0.,0.));
#352887=DIRECTION('center_axis',(0.,0.,-1.));
#352888=DIRECTION('ref_axis',(-1.,0.,0.));
#352889=DIRECTION('center_axis',(0.,0.,-1.));
#352890=DIRECTION('ref_axis',(-1.,0.,0.));
#352891=DIRECTION('center_axis',(0.,0.,-1.));
#352892=DIRECTION('ref_axis',(-1.,0.,0.));
#352893=DIRECTION('center_axis',(0.,0.,-1.));
#352894=DIRECTION('ref_axis',(-1.,0.,0.));
#352895=DIRECTION('center_axis',(0.,0.,-1.));
#352896=DIRECTION('ref_axis',(-1.,0.,0.));
#352897=DIRECTION('center_axis',(0.,0.,-1.));
#352898=DIRECTION('ref_axis',(-1.,0.,0.));
#352899=DIRECTION('center_axis',(0.,0.,-1.));
#352900=DIRECTION('ref_axis',(-1.,0.,0.));
#352901=DIRECTION('center_axis',(0.,0.,-1.));
#352902=DIRECTION('ref_axis',(-1.,0.,0.));
#352903=DIRECTION('center_axis',(0.,0.,-1.));
#352904=DIRECTION('ref_axis',(-1.,0.,0.));
#352905=DIRECTION('center_axis',(0.,0.,-1.));
#352906=DIRECTION('ref_axis',(-1.,0.,0.));
#352907=DIRECTION('center_axis',(0.,0.,-1.));
#352908=DIRECTION('ref_axis',(-1.,0.,0.));
#352909=DIRECTION('center_axis',(0.,0.,-1.));
#352910=DIRECTION('ref_axis',(-1.,0.,0.));
#352911=DIRECTION('center_axis',(0.,0.,-1.));
#352912=DIRECTION('ref_axis',(-1.,0.,0.));
#352913=DIRECTION('center_axis',(0.,0.,-1.));
#352914=DIRECTION('ref_axis',(-1.,0.,0.));
#352915=DIRECTION('center_axis',(0.,0.,-1.));
#352916=DIRECTION('ref_axis',(-1.,0.,0.));
#352917=DIRECTION('center_axis',(0.,0.,-1.));
#352918=DIRECTION('ref_axis',(-1.,0.,0.));
#352919=DIRECTION('center_axis',(0.,0.,-1.));
#352920=DIRECTION('ref_axis',(-1.,0.,0.));
#352921=DIRECTION('center_axis',(0.,0.,-1.));
#352922=DIRECTION('ref_axis',(-1.,0.,0.));
#352923=DIRECTION('center_axis',(0.,0.,-1.));
#352924=DIRECTION('ref_axis',(-1.,0.,0.));
#352925=DIRECTION('center_axis',(0.,0.,-1.));
#352926=DIRECTION('ref_axis',(-1.,0.,0.));
#352927=DIRECTION('center_axis',(0.,0.,-1.));
#352928=DIRECTION('ref_axis',(-1.,0.,0.));
#352929=DIRECTION('center_axis',(0.,0.,-1.));
#352930=DIRECTION('ref_axis',(-1.,0.,0.));
#352931=DIRECTION('center_axis',(0.,0.,1.));
#352932=DIRECTION('ref_axis',(-1.,0.,0.));
#352933=DIRECTION('',(0.894427190999916,0.447213595499958,0.));
#352934=DIRECTION('',(0.,1.,0.));
#352935=DIRECTION('',(-1.,0.,0.));
#352936=DIRECTION('center_axis',(0.,0.,-1.));
#352937=DIRECTION('ref_axis',(-1.,0.,0.));
#352938=DIRECTION('center_axis',(0.,0.,-1.));
#352939=DIRECTION('ref_axis',(-1.,0.,0.));
#352940=DIRECTION('center_axis',(0.,0.,-1.));
#352941=DIRECTION('ref_axis',(-1.,0.,0.));
#352942=DIRECTION('center_axis',(0.,0.,-1.));
#352943=DIRECTION('ref_axis',(-1.,0.,0.));
#352944=DIRECTION('center_axis',(0.,0.,-1.));
#352945=DIRECTION('ref_axis',(-1.,0.,0.));
#352946=DIRECTION('center_axis',(0.,0.,-1.));
#352947=DIRECTION('ref_axis',(-1.,0.,0.));
#352948=DIRECTION('center_axis',(0.,0.,-1.));
#352949=DIRECTION('ref_axis',(-1.,0.,0.));
#352950=DIRECTION('center_axis',(0.,0.,-1.));
#352951=DIRECTION('ref_axis',(-1.,0.,0.));
#352952=DIRECTION('center_axis',(0.,0.,-1.));
#352953=DIRECTION('ref_axis',(-1.,0.,0.));
#352954=DIRECTION('center_axis',(0.,0.,-1.));
#352955=DIRECTION('ref_axis',(-1.,0.,0.));
#352956=DIRECTION('center_axis',(0.,0.,-1.));
#352957=DIRECTION('ref_axis',(-1.,0.,0.));
#352958=DIRECTION('center_axis',(0.,0.,-1.));
#352959=DIRECTION('ref_axis',(-1.,0.,0.));
#352960=DIRECTION('center_axis',(0.,0.,-1.));
#352961=DIRECTION('ref_axis',(-1.,0.,0.));
#352962=DIRECTION('center_axis',(0.,0.,-1.));
#352963=DIRECTION('ref_axis',(-1.,0.,0.));
#352964=DIRECTION('center_axis',(0.,0.,-1.));
#352965=DIRECTION('ref_axis',(-1.,0.,0.));
#352966=DIRECTION('center_axis',(0.,0.,-1.));
#352967=DIRECTION('ref_axis',(-1.,0.,0.));
#352968=DIRECTION('center_axis',(0.,0.,-1.));
#352969=DIRECTION('ref_axis',(-1.,0.,0.));
#352970=DIRECTION('center_axis',(0.,0.,-1.));
#352971=DIRECTION('ref_axis',(-1.,0.,0.));
#352972=DIRECTION('center_axis',(0.,0.,-1.));
#352973=DIRECTION('ref_axis',(-1.,0.,0.));
#352974=DIRECTION('center_axis',(0.,0.,-1.));
#352975=DIRECTION('ref_axis',(-1.,0.,0.));
#352976=DIRECTION('center_axis',(0.,0.,-1.));
#352977=DIRECTION('ref_axis',(-1.,0.,0.));
#352978=DIRECTION('center_axis',(0.,0.,-1.));
#352979=DIRECTION('ref_axis',(-1.,0.,0.));
#352980=DIRECTION('center_axis',(0.,0.,-1.));
#352981=DIRECTION('ref_axis',(-1.,0.,0.));
#352982=DIRECTION('center_axis',(0.,0.,-1.));
#352983=DIRECTION('ref_axis',(-1.,0.,0.));
#352984=DIRECTION('center_axis',(0.,0.,-1.));
#352985=DIRECTION('ref_axis',(-1.,0.,0.));
#352986=DIRECTION('center_axis',(0.,0.,-1.));
#352987=DIRECTION('ref_axis',(-1.,0.,0.));
#352988=DIRECTION('center_axis',(0.,0.,-1.));
#352989=DIRECTION('ref_axis',(-1.,0.,0.));
#352990=DIRECTION('center_axis',(0.,0.,-1.));
#352991=DIRECTION('ref_axis',(-1.,0.,0.));
#352992=DIRECTION('center_axis',(0.,0.,-1.));
#352993=DIRECTION('ref_axis',(-1.,0.,0.));
#352994=DIRECTION('center_axis',(0.,0.,-1.));
#352995=DIRECTION('ref_axis',(-1.,0.,0.));
#352996=DIRECTION('center_axis',(0.,0.,1.));
#352997=DIRECTION('ref_axis',(-1.,0.,0.));
#352998=DIRECTION('',(1.,0.,0.));
#352999=DIRECTION('',(0.894427190999916,0.447213595499958,0.));
#353000=DIRECTION('',(0.,1.,0.));
#353001=DIRECTION('center_axis',(0.,0.,-1.));
#353002=DIRECTION('ref_axis',(-1.,0.,0.));
#353003=DIRECTION('center_axis',(0.,0.,-1.));
#353004=DIRECTION('ref_axis',(-1.,0.,0.));
#353005=DIRECTION('center_axis',(0.,0.,-1.));
#353006=DIRECTION('ref_axis',(-1.,0.,0.));
#353007=DIRECTION('center_axis',(0.,0.,-1.));
#353008=DIRECTION('ref_axis',(-1.,0.,0.));
#353009=DIRECTION('center_axis',(0.,0.,-1.));
#353010=DIRECTION('ref_axis',(-1.,0.,0.));
#353011=DIRECTION('center_axis',(0.,0.,-1.));
#353012=DIRECTION('ref_axis',(-1.,0.,0.));
#353013=DIRECTION('center_axis',(0.,0.,-1.));
#353014=DIRECTION('ref_axis',(-1.,0.,0.));
#353015=DIRECTION('center_axis',(0.,0.,-1.));
#353016=DIRECTION('ref_axis',(-1.,0.,0.));
#353017=DIRECTION('center_axis',(0.,0.,-1.));
#353018=DIRECTION('ref_axis',(-1.,0.,0.));
#353019=DIRECTION('center_axis',(0.,0.,-1.));
#353020=DIRECTION('ref_axis',(-1.,0.,0.));
#353021=DIRECTION('center_axis',(0.,0.,-1.));
#353022=DIRECTION('ref_axis',(-1.,0.,0.));
#353023=DIRECTION('center_axis',(0.,0.,-1.));
#353024=DIRECTION('ref_axis',(-1.,0.,0.));
#353025=DIRECTION('center_axis',(0.,0.,-1.));
#353026=DIRECTION('ref_axis',(-1.,0.,0.));
#353027=DIRECTION('center_axis',(0.,0.,-1.));
#353028=DIRECTION('ref_axis',(-1.,0.,0.));
#353029=DIRECTION('center_axis',(0.,0.,-1.));
#353030=DIRECTION('ref_axis',(-1.,0.,0.));
#353031=DIRECTION('center_axis',(0.,0.,-1.));
#353032=DIRECTION('ref_axis',(-1.,0.,0.));
#353033=DIRECTION('center_axis',(0.,0.,-1.));
#353034=DIRECTION('ref_axis',(-1.,0.,0.));
#353035=DIRECTION('center_axis',(0.,0.,-1.));
#353036=DIRECTION('ref_axis',(-1.,0.,0.));
#353037=DIRECTION('center_axis',(0.,0.,-1.));
#353038=DIRECTION('ref_axis',(-1.,0.,0.));
#353039=DIRECTION('center_axis',(0.,0.,-1.));
#353040=DIRECTION('ref_axis',(-1.,0.,0.));
#353041=DIRECTION('center_axis',(0.,0.,-1.));
#353042=DIRECTION('ref_axis',(-1.,0.,0.));
#353043=DIRECTION('center_axis',(0.,0.,-1.));
#353044=DIRECTION('ref_axis',(-1.,0.,0.));
#353045=DIRECTION('center_axis',(0.,0.,-1.));
#353046=DIRECTION('ref_axis',(-1.,0.,0.));
#353047=DIRECTION('center_axis',(0.,0.,-1.));
#353048=DIRECTION('ref_axis',(-1.,0.,0.));
#353049=DIRECTION('center_axis',(0.,0.,-1.));
#353050=DIRECTION('ref_axis',(-1.,0.,0.));
#353051=DIRECTION('center_axis',(0.,0.,-1.));
#353052=DIRECTION('ref_axis',(-1.,0.,0.));
#353053=DIRECTION('center_axis',(0.,0.,-1.));
#353054=DIRECTION('ref_axis',(-1.,0.,0.));
#353055=DIRECTION('center_axis',(0.,0.,-1.));
#353056=DIRECTION('ref_axis',(-1.,0.,0.));
#353057=DIRECTION('center_axis',(0.,0.,-1.));
#353058=DIRECTION('ref_axis',(-1.,0.,0.));
#353059=DIRECTION('center_axis',(0.,0.,-1.));
#353060=DIRECTION('ref_axis',(-1.,0.,0.));
#353061=DIRECTION('center_axis',(0.,0.,1.));
#353062=DIRECTION('ref_axis',(-1.,0.,0.));
#353063=DIRECTION('',(1.,0.,0.));
#353064=DIRECTION('',(0.894427190999916,0.447213595499958,0.));
#353065=DIRECTION('',(0.,1.,0.));
#353066=DIRECTION('center_axis',(0.,0.,-1.));
#353067=DIRECTION('ref_axis',(-1.,0.,0.));
#353068=DIRECTION('center_axis',(0.,0.,-1.));
#353069=DIRECTION('ref_axis',(-1.,0.,0.));
#353070=DIRECTION('center_axis',(0.,0.,-1.));
#353071=DIRECTION('ref_axis',(-1.,0.,0.));
#353072=DIRECTION('center_axis',(0.,0.,-1.));
#353073=DIRECTION('ref_axis',(-1.,0.,0.));
#353074=DIRECTION('center_axis',(0.,0.,-1.));
#353075=DIRECTION('ref_axis',(-1.,0.,0.));
#353076=DIRECTION('center_axis',(0.,0.,-1.));
#353077=DIRECTION('ref_axis',(-1.,0.,0.));
#353078=DIRECTION('center_axis',(0.,0.,-1.));
#353079=DIRECTION('ref_axis',(-1.,0.,0.));
#353080=DIRECTION('center_axis',(0.,0.,-1.));
#353081=DIRECTION('ref_axis',(-1.,0.,0.));
#353082=DIRECTION('center_axis',(0.,0.,-1.));
#353083=DIRECTION('ref_axis',(-1.,0.,0.));
#353084=DIRECTION('center_axis',(0.,0.,-1.));
#353085=DIRECTION('ref_axis',(-1.,0.,0.));
#353086=DIRECTION('center_axis',(0.,0.,-1.));
#353087=DIRECTION('ref_axis',(-1.,0.,0.));
#353088=DIRECTION('center_axis',(0.,0.,-1.));
#353089=DIRECTION('ref_axis',(-1.,0.,0.));
#353090=DIRECTION('center_axis',(0.,0.,-1.));
#353091=DIRECTION('ref_axis',(-1.,0.,0.));
#353092=DIRECTION('center_axis',(0.,0.,-1.));
#353093=DIRECTION('ref_axis',(-1.,0.,0.));
#353094=DIRECTION('center_axis',(0.,0.,-1.));
#353095=DIRECTION('ref_axis',(-1.,0.,0.));
#353096=DIRECTION('center_axis',(0.,0.,-1.));
#353097=DIRECTION('ref_axis',(-1.,0.,0.));
#353098=DIRECTION('center_axis',(0.,0.,-1.));
#353099=DIRECTION('ref_axis',(-1.,0.,0.));
#353100=DIRECTION('center_axis',(0.,0.,-1.));
#353101=DIRECTION('ref_axis',(-1.,0.,0.));
#353102=DIRECTION('center_axis',(0.,0.,-1.));
#353103=DIRECTION('ref_axis',(-1.,0.,0.));
#353104=DIRECTION('center_axis',(0.,0.,-1.));
#353105=DIRECTION('ref_axis',(-1.,0.,0.));
#353106=DIRECTION('center_axis',(0.,0.,-1.));
#353107=DIRECTION('ref_axis',(-1.,0.,0.));
#353108=DIRECTION('center_axis',(0.,0.,-1.));
#353109=DIRECTION('ref_axis',(-1.,0.,0.));
#353110=DIRECTION('center_axis',(0.,0.,-1.));
#353111=DIRECTION('ref_axis',(-1.,0.,0.));
#353112=DIRECTION('center_axis',(0.,0.,-1.));
#353113=DIRECTION('ref_axis',(-1.,0.,0.));
#353114=DIRECTION('center_axis',(0.,0.,-1.));
#353115=DIRECTION('ref_axis',(-1.,0.,0.));
#353116=DIRECTION('center_axis',(0.,0.,-1.));
#353117=DIRECTION('ref_axis',(-1.,0.,0.));
#353118=DIRECTION('center_axis',(0.,0.,-1.));
#353119=DIRECTION('ref_axis',(-1.,0.,0.));
#353120=DIRECTION('center_axis',(0.,0.,-1.));
#353121=DIRECTION('ref_axis',(-1.,0.,0.));
#353122=DIRECTION('center_axis',(0.,0.,-1.));
#353123=DIRECTION('ref_axis',(-1.,0.,0.));
#353124=DIRECTION('center_axis',(0.,0.,-1.));
#353125=DIRECTION('ref_axis',(-1.,0.,0.));
#353126=DIRECTION('center_axis',(0.,0.,-1.));
#353127=DIRECTION('ref_axis',(1.,0.,0.));
#353128=DIRECTION('',(0.,0.,-1.));
#353129=DIRECTION('center_axis',(0.,0.,1.));
#353130=DIRECTION('ref_axis',(1.,0.,0.));
#353131=DIRECTION('center_axis',(-1.,2.40741243048405E-35,0.));
#353132=DIRECTION('ref_axis',(-2.40741243048405E-35,-1.,-6.93889390390723E-18));
#353133=DIRECTION('',(-2.40741243048405E-35,-1.,-6.93889390390723E-18));
#353134=DIRECTION('center_axis',(-1.,0.,0.));
#353135=DIRECTION('ref_axis',(0.,1.,0.));
#353136=DIRECTION('',(0.,0.,-1.));
#353137=DIRECTION('center_axis',(-0.447213595499958,0.894427190999916,0.));
#353138=DIRECTION('ref_axis',(0.894427190999916,0.447213595499958,0.));
#353139=DIRECTION('',(0.,0.,-1.));
#353140=DIRECTION('center_axis',(0.,1.,0.));
#353141=DIRECTION('ref_axis',(1.,0.,0.));
#353142=DIRECTION('center_axis',(-1.,0.,0.));
#353143=DIRECTION('ref_axis',(0.,1.,0.));
#353144=DIRECTION('',(0.,0.,-1.));
#353145=DIRECTION('center_axis',(-0.447213595499958,-0.894427190999916,
0.));
#353146=DIRECTION('ref_axis',(-0.894427190999916,0.447213595499958,0.));
#353147=DIRECTION('',(0.,0.,-1.));
#353148=DIRECTION('center_axis',(0.,-1.,0.));
#353149=DIRECTION('ref_axis',(-1.,0.,0.));
#353150=DIRECTION('center_axis',(0.,-1.,0.));
#353151=DIRECTION('ref_axis',(-1.,0.,0.));
#353152=DIRECTION('',(0.,0.,-1.));
#353153=DIRECTION('center_axis',(-1.,0.,0.));
#353154=DIRECTION('ref_axis',(0.,1.,0.));
#353155=DIRECTION('',(0.,0.,-1.));
#353156=DIRECTION('center_axis',(-0.447213595499958,0.894427190999916,0.));
#353157=DIRECTION('ref_axis',(0.894427190999916,0.447213595499958,0.));
#353158=DIRECTION('center_axis',(-1.,0.,0.));
#353159=DIRECTION('ref_axis',(0.,1.,0.));
#353160=DIRECTION('',(0.,0.,-1.));
#353161=DIRECTION('center_axis',(-0.447213595499958,-0.894427190999916,
0.));
#353162=DIRECTION('ref_axis',(-0.894427190999916,0.447213595499958,0.));
#353163=DIRECTION('',(0.,0.,-1.));
#353164=DIRECTION('center_axis',(0.,-1.,0.));
#353165=DIRECTION('ref_axis',(-1.,0.,0.));
#353166=DIRECTION('center_axis',(0.,1.,0.));
#353167=DIRECTION('ref_axis',(1.,0.,0.));
#353168=DIRECTION('',(0.,0.,-1.));
#353169=DIRECTION('center_axis',(1.,0.,0.));
#353170=DIRECTION('ref_axis',(0.,-1.,0.));
#353171=DIRECTION('center_axis',(0.,1.,0.));
#353172=DIRECTION('ref_axis',(1.,0.,0.));
#353173=DIRECTION('',(0.,0.,-1.));
#353174=DIRECTION('center_axis',(-1.,0.,0.));
#353175=DIRECTION('ref_axis',(0.,1.,0.));
#353176=DIRECTION('center_axis',(-1.,0.,0.));
#353177=DIRECTION('ref_axis',(0.,1.,0.));
#353178=DIRECTION('',(0.,0.,-1.));
#353179=DIRECTION('center_axis',(-0.447213595499958,0.894427190999916,0.));
#353180=DIRECTION('ref_axis',(0.894427190999916,0.447213595499958,0.));
#353181=DIRECTION('',(0.,0.,-1.));
#353182=DIRECTION('center_axis',(0.,1.,0.));
#353183=DIRECTION('ref_axis',(1.,0.,0.));
#353184=DIRECTION('center_axis',(-1.,0.,0.));
#353185=DIRECTION('ref_axis',(0.,1.,0.));
#353186=DIRECTION('',(0.,0.,-1.));
#353187=DIRECTION('center_axis',(-0.447213595499958,-0.894427190999916,
0.));
#353188=DIRECTION('ref_axis',(-0.894427190999916,0.447213595499958,0.));
#353189=DIRECTION('',(0.,0.,-1.));
#353190=DIRECTION('center_axis',(0.,-1.,0.));
#353191=DIRECTION('ref_axis',(-1.,0.,0.));
#353192=DIRECTION('center_axis',(0.,-1.,0.));
#353193=DIRECTION('ref_axis',(-1.,0.,0.));
#353194=DIRECTION('',(0.,0.,-1.));
#353195=DIRECTION('center_axis',(-1.,0.,0.));
#353196=DIRECTION('ref_axis',(0.,1.,0.));
#353197=DIRECTION('',(0.,0.,-1.));
#353198=DIRECTION('center_axis',(-0.447213595499958,0.894427190999916,0.));
#353199=DIRECTION('ref_axis',(0.894427190999916,0.447213595499958,0.));
#353200=DIRECTION('center_axis',(-1.,0.,0.));
#353201=DIRECTION('ref_axis',(0.,1.,0.));
#353202=DIRECTION('',(0.,0.,-1.));
#353203=DIRECTION('center_axis',(-0.447213595499958,-0.894427190999916,
0.));
#353204=DIRECTION('ref_axis',(-0.894427190999916,0.447213595499958,0.));
#353205=DIRECTION('',(0.,0.,-1.));
#353206=DIRECTION('center_axis',(0.,-1.,0.));
#353207=DIRECTION('ref_axis',(-1.,0.,0.));
#353208=DIRECTION('center_axis',(0.,0.,-1.));
#353209=DIRECTION('ref_axis',(-1.,0.,0.));
#353210=DIRECTION('center_axis',(0.,0.,1.));
#353211=DIRECTION('ref_axis',(-1.,0.,0.));
#353212=DIRECTION('',(0.,0.,1.));
#353213=DIRECTION('center_axis',(0.,0.,-1.));
#353214=DIRECTION('ref_axis',(-1.,0.,0.));
#353215=DIRECTION('center_axis',(0.,0.,1.));
#353216=DIRECTION('ref_axis',(-1.,0.,0.));
#353217=DIRECTION('',(0.,0.,1.));
#353218=DIRECTION('center_axis',(0.,0.,-1.));
#353219=DIRECTION('ref_axis',(-1.,0.,0.));
#353220=DIRECTION('center_axis',(0.,0.,1.));
#353221=DIRECTION('ref_axis',(-1.,0.,0.));
#353222=DIRECTION('',(0.,0.,1.));
#353223=DIRECTION('center_axis',(0.,0.,-1.));
#353224=DIRECTION('ref_axis',(-1.,0.,0.));
#353225=DIRECTION('center_axis',(0.,0.,1.));
#353226=DIRECTION('ref_axis',(-1.,0.,0.));
#353227=DIRECTION('',(0.,0.,1.));
#353228=DIRECTION('center_axis',(0.,0.,-1.));
#353229=DIRECTION('ref_axis',(-1.,0.,0.));
#353230=DIRECTION('center_axis',(0.,0.,1.));
#353231=DIRECTION('ref_axis',(-1.,0.,0.));
#353232=DIRECTION('',(0.,0.,1.));
#353233=DIRECTION('center_axis',(0.,0.,-1.));
#353234=DIRECTION('ref_axis',(-1.,0.,0.));
#353235=DIRECTION('center_axis',(0.,0.,1.));
#353236=DIRECTION('ref_axis',(-1.,0.,0.));
#353237=DIRECTION('',(0.,0.,1.));
#353238=DIRECTION('center_axis',(0.,0.,-1.));
#353239=DIRECTION('ref_axis',(-1.,0.,0.));
#353240=DIRECTION('center_axis',(0.,0.,1.));
#353241=DIRECTION('ref_axis',(-1.,0.,0.));
#353242=DIRECTION('',(0.,0.,1.));
#353243=DIRECTION('center_axis',(0.,0.,-1.));
#353244=DIRECTION('ref_axis',(-1.,0.,0.));
#353245=DIRECTION('center_axis',(0.,0.,1.));
#353246=DIRECTION('ref_axis',(-1.,0.,0.));
#353247=DIRECTION('',(0.,0.,1.));
#353248=DIRECTION('center_axis',(0.,0.,-1.));
#353249=DIRECTION('ref_axis',(-1.,0.,0.));
#353250=DIRECTION('center_axis',(0.,0.,1.));
#353251=DIRECTION('ref_axis',(-1.,0.,0.));
#353252=DIRECTION('',(0.,0.,1.));
#353253=DIRECTION('center_axis',(0.,0.,-1.));
#353254=DIRECTION('ref_axis',(-1.,0.,0.));
#353255=DIRECTION('center_axis',(0.,0.,1.));
#353256=DIRECTION('ref_axis',(-1.,0.,0.));
#353257=DIRECTION('',(0.,0.,1.));
#353258=DIRECTION('center_axis',(0.,0.,-1.));
#353259=DIRECTION('ref_axis',(-1.,0.,0.));
#353260=DIRECTION('center_axis',(0.,0.,1.));
#353261=DIRECTION('ref_axis',(-1.,0.,0.));
#353262=DIRECTION('',(0.,0.,1.));
#353263=DIRECTION('center_axis',(0.,0.,-1.));
#353264=DIRECTION('ref_axis',(-1.,0.,0.));
#353265=DIRECTION('center_axis',(0.,0.,1.));
#353266=DIRECTION('ref_axis',(-1.,0.,0.));
#353267=DIRECTION('',(0.,0.,1.));
#353268=DIRECTION('center_axis',(0.,0.,-1.));
#353269=DIRECTION('ref_axis',(-1.,0.,0.));
#353270=DIRECTION('center_axis',(0.,0.,1.));
#353271=DIRECTION('ref_axis',(-1.,0.,0.));
#353272=DIRECTION('',(0.,0.,1.));
#353273=DIRECTION('center_axis',(0.,0.,-1.));
#353274=DIRECTION('ref_axis',(-1.,0.,0.));
#353275=DIRECTION('center_axis',(0.,0.,1.));
#353276=DIRECTION('ref_axis',(-1.,0.,0.));
#353277=DIRECTION('',(0.,0.,1.));
#353278=DIRECTION('center_axis',(0.,0.,-1.));
#353279=DIRECTION('ref_axis',(-1.,0.,0.));
#353280=DIRECTION('center_axis',(0.,0.,1.));
#353281=DIRECTION('ref_axis',(-1.,0.,0.));
#353282=DIRECTION('',(0.,0.,1.));
#353283=DIRECTION('center_axis',(0.,0.,-1.));
#353284=DIRECTION('ref_axis',(-1.,0.,0.));
#353285=DIRECTION('center_axis',(0.,0.,1.));
#353286=DIRECTION('ref_axis',(-1.,0.,0.));
#353287=DIRECTION('',(0.,0.,1.));
#353288=DIRECTION('center_axis',(0.,0.,-1.));
#353289=DIRECTION('ref_axis',(-1.,0.,0.));
#353290=DIRECTION('center_axis',(0.,0.,1.));
#353291=DIRECTION('ref_axis',(-1.,0.,0.));
#353292=DIRECTION('',(0.,0.,1.));
#353293=DIRECTION('center_axis',(0.,0.,-1.));
#353294=DIRECTION('ref_axis',(-1.,0.,0.));
#353295=DIRECTION('center_axis',(0.,0.,1.));
#353296=DIRECTION('ref_axis',(-1.,0.,0.));
#353297=DIRECTION('',(0.,0.,1.));
#353298=DIRECTION('center_axis',(0.,0.,-1.));
#353299=DIRECTION('ref_axis',(-1.,0.,0.));
#353300=DIRECTION('center_axis',(0.,0.,1.));
#353301=DIRECTION('ref_axis',(-1.,0.,0.));
#353302=DIRECTION('',(0.,0.,1.));
#353303=DIRECTION('center_axis',(0.,0.,-1.));
#353304=DIRECTION('ref_axis',(-1.,0.,0.));
#353305=DIRECTION('center_axis',(0.,0.,1.));
#353306=DIRECTION('ref_axis',(-1.,0.,0.));
#353307=DIRECTION('',(0.,0.,1.));
#353308=DIRECTION('center_axis',(0.,0.,-1.));
#353309=DIRECTION('ref_axis',(-1.,0.,0.));
#353310=DIRECTION('center_axis',(0.,0.,1.));
#353311=DIRECTION('ref_axis',(-1.,0.,0.));
#353312=DIRECTION('',(0.,0.,1.));
#353313=DIRECTION('center_axis',(0.,0.,-1.));
#353314=DIRECTION('ref_axis',(-1.,0.,0.));
#353315=DIRECTION('center_axis',(0.,0.,1.));
#353316=DIRECTION('ref_axis',(-1.,0.,0.));
#353317=DIRECTION('',(0.,0.,1.));
#353318=DIRECTION('center_axis',(0.,0.,-1.));
#353319=DIRECTION('ref_axis',(-1.,0.,0.));
#353320=DIRECTION('center_axis',(0.,0.,1.));
#353321=DIRECTION('ref_axis',(-1.,0.,0.));
#353322=DIRECTION('',(0.,0.,1.));
#353323=DIRECTION('center_axis',(0.,0.,-1.));
#353324=DIRECTION('ref_axis',(-1.,0.,0.));
#353325=DIRECTION('center_axis',(0.,0.,1.));
#353326=DIRECTION('ref_axis',(-1.,0.,0.));
#353327=DIRECTION('',(0.,0.,1.));
#353328=DIRECTION('center_axis',(0.,0.,-1.));
#353329=DIRECTION('ref_axis',(-1.,0.,0.));
#353330=DIRECTION('center_axis',(0.,0.,1.));
#353331=DIRECTION('ref_axis',(-1.,0.,0.));
#353332=DIRECTION('',(0.,0.,1.));
#353333=DIRECTION('center_axis',(0.,0.,-1.));
#353334=DIRECTION('ref_axis',(-1.,0.,0.));
#353335=DIRECTION('center_axis',(0.,0.,1.));
#353336=DIRECTION('ref_axis',(-1.,0.,0.));
#353337=DIRECTION('',(0.,0.,1.));
#353338=DIRECTION('center_axis',(0.,0.,-1.));
#353339=DIRECTION('ref_axis',(-1.,0.,0.));
#353340=DIRECTION('center_axis',(0.,0.,1.));
#353341=DIRECTION('ref_axis',(-1.,0.,0.));
#353342=DIRECTION('',(0.,0.,1.));
#353343=DIRECTION('center_axis',(0.,0.,-1.));
#353344=DIRECTION('ref_axis',(-1.,0.,0.));
#353345=DIRECTION('center_axis',(0.,0.,1.));
#353346=DIRECTION('ref_axis',(-1.,0.,0.));
#353347=DIRECTION('',(0.,0.,1.));
#353348=DIRECTION('center_axis',(0.,0.,-1.));
#353349=DIRECTION('ref_axis',(-1.,0.,0.));
#353350=DIRECTION('center_axis',(0.,0.,1.));
#353351=DIRECTION('ref_axis',(-1.,0.,0.));
#353352=DIRECTION('',(0.,0.,1.));
#353353=DIRECTION('center_axis',(0.,0.,-1.));
#353354=DIRECTION('ref_axis',(-1.,0.,0.));
#353355=DIRECTION('center_axis',(0.,0.,1.));
#353356=DIRECTION('ref_axis',(-1.,0.,0.));
#353357=DIRECTION('',(0.,0.,1.));
#353358=DIRECTION('center_axis',(0.,0.,-1.));
#353359=DIRECTION('ref_axis',(-1.,0.,0.));
#353360=DIRECTION('center_axis',(0.,0.,1.));
#353361=DIRECTION('ref_axis',(-1.,0.,0.));
#353362=DIRECTION('',(0.,0.,1.));
#353363=DIRECTION('center_axis',(0.,0.,-1.));
#353364=DIRECTION('ref_axis',(-1.,0.,0.));
#353365=DIRECTION('center_axis',(0.,0.,1.));
#353366=DIRECTION('ref_axis',(-1.,0.,0.));
#353367=DIRECTION('',(0.,0.,1.));
#353368=DIRECTION('center_axis',(0.,0.,-1.));
#353369=DIRECTION('ref_axis',(-1.,0.,0.));
#353370=DIRECTION('center_axis',(0.,0.,1.));
#353371=DIRECTION('ref_axis',(-1.,0.,0.));
#353372=DIRECTION('',(0.,0.,1.));
#353373=DIRECTION('center_axis',(0.,0.,-1.));
#353374=DIRECTION('ref_axis',(-1.,0.,0.));
#353375=DIRECTION('center_axis',(0.,0.,1.));
#353376=DIRECTION('ref_axis',(-1.,0.,0.));
#353377=DIRECTION('',(0.,0.,1.));
#353378=DIRECTION('center_axis',(0.,0.,-1.));
#353379=DIRECTION('ref_axis',(-1.,0.,0.));
#353380=DIRECTION('center_axis',(0.,0.,1.));
#353381=DIRECTION('ref_axis',(-1.,0.,0.));
#353382=DIRECTION('',(0.,0.,1.));
#353383=DIRECTION('center_axis',(0.,0.,-1.));
#353384=DIRECTION('ref_axis',(-1.,0.,0.));
#353385=DIRECTION('center_axis',(0.,0.,1.));
#353386=DIRECTION('ref_axis',(-1.,0.,0.));
#353387=DIRECTION('',(0.,0.,1.));
#353388=DIRECTION('center_axis',(0.,0.,-1.));
#353389=DIRECTION('ref_axis',(-1.,0.,0.));
#353390=DIRECTION('center_axis',(0.,0.,1.));
#353391=DIRECTION('ref_axis',(-1.,0.,0.));
#353392=DIRECTION('',(0.,0.,1.));
#353393=DIRECTION('center_axis',(0.,0.,-1.));
#353394=DIRECTION('ref_axis',(-1.,0.,0.));
#353395=DIRECTION('center_axis',(0.,0.,1.));
#353396=DIRECTION('ref_axis',(-1.,0.,0.));
#353397=DIRECTION('',(0.,0.,1.));
#353398=DIRECTION('center_axis',(0.,0.,-1.));
#353399=DIRECTION('ref_axis',(-1.,0.,0.));
#353400=DIRECTION('center_axis',(0.,0.,1.));
#353401=DIRECTION('ref_axis',(-1.,0.,0.));
#353402=DIRECTION('',(0.,0.,1.));
#353403=DIRECTION('center_axis',(0.,0.,-1.));
#353404=DIRECTION('ref_axis',(-1.,0.,0.));
#353405=DIRECTION('center_axis',(0.,0.,1.));
#353406=DIRECTION('ref_axis',(-1.,0.,0.));
#353407=DIRECTION('',(0.,0.,1.));
#353408=DIRECTION('center_axis',(0.,0.,-1.));
#353409=DIRECTION('ref_axis',(-1.,0.,0.));
#353410=DIRECTION('center_axis',(0.,0.,1.));
#353411=DIRECTION('ref_axis',(-1.,0.,0.));
#353412=DIRECTION('',(0.,0.,1.));
#353413=DIRECTION('center_axis',(0.,0.,-1.));
#353414=DIRECTION('ref_axis',(-1.,0.,0.));
#353415=DIRECTION('center_axis',(0.,0.,1.));
#353416=DIRECTION('ref_axis',(-1.,0.,0.));
#353417=DIRECTION('',(0.,0.,1.));
#353418=DIRECTION('center_axis',(0.,0.,-1.));
#353419=DIRECTION('ref_axis',(-1.,0.,0.));
#353420=DIRECTION('center_axis',(0.,0.,1.));
#353421=DIRECTION('ref_axis',(-1.,0.,0.));
#353422=DIRECTION('',(0.,0.,1.));
#353423=DIRECTION('center_axis',(0.,0.,-1.));
#353424=DIRECTION('ref_axis',(-1.,0.,0.));
#353425=DIRECTION('center_axis',(0.,0.,1.));
#353426=DIRECTION('ref_axis',(-1.,0.,0.));
#353427=DIRECTION('',(0.,0.,1.));
#353428=DIRECTION('center_axis',(0.,0.,-1.));
#353429=DIRECTION('ref_axis',(-1.,0.,0.));
#353430=DIRECTION('center_axis',(0.,0.,1.));
#353431=DIRECTION('ref_axis',(-1.,0.,0.));
#353432=DIRECTION('',(0.,0.,1.));
#353433=DIRECTION('center_axis',(0.,0.,-1.));
#353434=DIRECTION('ref_axis',(-1.,0.,0.));
#353435=DIRECTION('center_axis',(0.,0.,1.));
#353436=DIRECTION('ref_axis',(-1.,0.,0.));
#353437=DIRECTION('',(0.,0.,1.));
#353438=DIRECTION('center_axis',(0.,0.,-1.));
#353439=DIRECTION('ref_axis',(-1.,0.,0.));
#353440=DIRECTION('center_axis',(0.,0.,1.));
#353441=DIRECTION('ref_axis',(-1.,0.,0.));
#353442=DIRECTION('',(0.,0.,1.));
#353443=DIRECTION('center_axis',(0.,0.,-1.));
#353444=DIRECTION('ref_axis',(-1.,0.,0.));
#353445=DIRECTION('center_axis',(0.,0.,1.));
#353446=DIRECTION('ref_axis',(-1.,0.,0.));
#353447=DIRECTION('',(0.,0.,1.));
#353448=DIRECTION('center_axis',(0.,0.,-1.));
#353449=DIRECTION('ref_axis',(-1.,0.,0.));
#353450=DIRECTION('center_axis',(0.,0.,1.));
#353451=DIRECTION('ref_axis',(-1.,0.,0.));
#353452=DIRECTION('',(0.,0.,1.));
#353453=DIRECTION('center_axis',(0.,0.,-1.));
#353454=DIRECTION('ref_axis',(-1.,0.,0.));
#353455=DIRECTION('center_axis',(0.,0.,1.));
#353456=DIRECTION('ref_axis',(-1.,0.,0.));
#353457=DIRECTION('',(0.,0.,1.));
#353458=DIRECTION('center_axis',(0.,0.,-1.));
#353459=DIRECTION('ref_axis',(-1.,0.,0.));
#353460=DIRECTION('center_axis',(0.,0.,1.));
#353461=DIRECTION('ref_axis',(-1.,0.,0.));
#353462=DIRECTION('',(0.,0.,1.));
#353463=DIRECTION('center_axis',(0.,0.,-1.));
#353464=DIRECTION('ref_axis',(-1.,0.,0.));
#353465=DIRECTION('center_axis',(0.,0.,1.));
#353466=DIRECTION('ref_axis',(-1.,0.,0.));
#353467=DIRECTION('',(0.,0.,1.));
#353468=DIRECTION('center_axis',(0.,0.,-1.));
#353469=DIRECTION('ref_axis',(-1.,0.,0.));
#353470=DIRECTION('center_axis',(0.,0.,1.));
#353471=DIRECTION('ref_axis',(-1.,0.,0.));
#353472=DIRECTION('',(0.,0.,1.));
#353473=DIRECTION('center_axis',(0.,0.,-1.));
#353474=DIRECTION('ref_axis',(-1.,0.,0.));
#353475=DIRECTION('center_axis',(0.,0.,1.));
#353476=DIRECTION('ref_axis',(-1.,0.,0.));
#353477=DIRECTION('',(0.,0.,1.));
#353478=DIRECTION('center_axis',(0.,0.,-1.));
#353479=DIRECTION('ref_axis',(-1.,0.,0.));
#353480=DIRECTION('center_axis',(0.,0.,1.));
#353481=DIRECTION('ref_axis',(-1.,0.,0.));
#353482=DIRECTION('',(0.,0.,1.));
#353483=DIRECTION('center_axis',(0.,0.,-1.));
#353484=DIRECTION('ref_axis',(-1.,0.,0.));
#353485=DIRECTION('center_axis',(0.,0.,1.));
#353486=DIRECTION('ref_axis',(-1.,0.,0.));
#353487=DIRECTION('',(0.,0.,1.));
#353488=DIRECTION('center_axis',(0.,0.,-1.));
#353489=DIRECTION('ref_axis',(-1.,0.,0.));
#353490=DIRECTION('center_axis',(0.,0.,1.));
#353491=DIRECTION('ref_axis',(-1.,0.,0.));
#353492=DIRECTION('',(0.,0.,1.));
#353493=DIRECTION('center_axis',(0.,0.,-1.));
#353494=DIRECTION('ref_axis',(-1.,0.,0.));
#353495=DIRECTION('center_axis',(0.,0.,1.));
#353496=DIRECTION('ref_axis',(-1.,0.,0.));
#353497=DIRECTION('',(0.,0.,1.));
#353498=DIRECTION('center_axis',(0.,0.,-1.));
#353499=DIRECTION('ref_axis',(-1.,0.,0.));
#353500=DIRECTION('center_axis',(0.,0.,1.));
#353501=DIRECTION('ref_axis',(-1.,0.,0.));
#353502=DIRECTION('',(0.,0.,1.));
#353503=DIRECTION('center_axis',(0.,0.,-1.));
#353504=DIRECTION('ref_axis',(-1.,0.,0.));
#353505=DIRECTION('center_axis',(0.,0.,1.));
#353506=DIRECTION('ref_axis',(-1.,0.,0.));
#353507=DIRECTION('',(0.,0.,1.));
#353508=DIRECTION('center_axis',(0.,0.,-1.));
#353509=DIRECTION('ref_axis',(-1.,0.,0.));
#353510=DIRECTION('center_axis',(0.,0.,1.));
#353511=DIRECTION('ref_axis',(-1.,0.,0.));
#353512=DIRECTION('',(0.,0.,1.));
#353513=DIRECTION('center_axis',(0.,0.,-1.));
#353514=DIRECTION('ref_axis',(-1.,0.,0.));
#353515=DIRECTION('center_axis',(0.,0.,1.));
#353516=DIRECTION('ref_axis',(-1.,0.,0.));
#353517=DIRECTION('',(0.,0.,1.));
#353518=DIRECTION('center_axis',(0.,0.,-1.));
#353519=DIRECTION('ref_axis',(-1.,0.,0.));
#353520=DIRECTION('center_axis',(0.,0.,1.));
#353521=DIRECTION('ref_axis',(-1.,0.,0.));
#353522=DIRECTION('',(0.,0.,1.));
#353523=DIRECTION('center_axis',(0.,0.,-1.));
#353524=DIRECTION('ref_axis',(-1.,0.,0.));
#353525=DIRECTION('center_axis',(0.,0.,1.));
#353526=DIRECTION('ref_axis',(-1.,0.,0.));
#353527=DIRECTION('',(0.,0.,1.));
#353528=DIRECTION('center_axis',(0.,0.,-1.));
#353529=DIRECTION('ref_axis',(-1.,0.,0.));
#353530=DIRECTION('center_axis',(0.,0.,1.));
#353531=DIRECTION('ref_axis',(-1.,0.,0.));
#353532=DIRECTION('',(0.,0.,1.));
#353533=DIRECTION('center_axis',(0.,0.,-1.));
#353534=DIRECTION('ref_axis',(-1.,0.,0.));
#353535=DIRECTION('center_axis',(0.,0.,1.));
#353536=DIRECTION('ref_axis',(-1.,0.,0.));
#353537=DIRECTION('',(0.,0.,1.));
#353538=DIRECTION('center_axis',(0.,0.,-1.));
#353539=DIRECTION('ref_axis',(-1.,0.,0.));
#353540=DIRECTION('center_axis',(0.,0.,1.));
#353541=DIRECTION('ref_axis',(-1.,0.,0.));
#353542=DIRECTION('',(0.,0.,1.));
#353543=DIRECTION('center_axis',(0.,0.,-1.));
#353544=DIRECTION('ref_axis',(-1.,0.,0.));
#353545=DIRECTION('center_axis',(0.,0.,1.));
#353546=DIRECTION('ref_axis',(-1.,0.,0.));
#353547=DIRECTION('',(0.,0.,1.));
#353548=DIRECTION('center_axis',(0.,0.,-1.));
#353549=DIRECTION('ref_axis',(-1.,0.,0.));
#353550=DIRECTION('center_axis',(0.,0.,1.));
#353551=DIRECTION('ref_axis',(-1.,0.,0.));
#353552=DIRECTION('',(0.,0.,1.));
#353553=DIRECTION('center_axis',(0.,0.,-1.));
#353554=DIRECTION('ref_axis',(-1.,0.,0.));
#353555=DIRECTION('center_axis',(0.,0.,1.));
#353556=DIRECTION('ref_axis',(-1.,0.,0.));
#353557=DIRECTION('',(0.,0.,1.));
#353558=DIRECTION('center_axis',(0.,0.,-1.));
#353559=DIRECTION('ref_axis',(-1.,0.,0.));
#353560=DIRECTION('center_axis',(0.,0.,1.));
#353561=DIRECTION('ref_axis',(-1.,0.,0.));
#353562=DIRECTION('',(0.,0.,1.));
#353563=DIRECTION('center_axis',(0.,0.,-1.));
#353564=DIRECTION('ref_axis',(-1.,0.,0.));
#353565=DIRECTION('center_axis',(0.,0.,1.));
#353566=DIRECTION('ref_axis',(-1.,0.,0.));
#353567=DIRECTION('',(0.,0.,1.));
#353568=DIRECTION('center_axis',(0.,0.,-1.));
#353569=DIRECTION('ref_axis',(-1.,0.,0.));
#353570=DIRECTION('center_axis',(0.,0.,1.));
#353571=DIRECTION('ref_axis',(-1.,0.,0.));
#353572=DIRECTION('',(0.,0.,1.));
#353573=DIRECTION('center_axis',(0.,0.,-1.));
#353574=DIRECTION('ref_axis',(-1.,0.,0.));
#353575=DIRECTION('center_axis',(0.,0.,1.));
#353576=DIRECTION('ref_axis',(-1.,0.,0.));
#353577=DIRECTION('',(0.,0.,1.));
#353578=DIRECTION('center_axis',(0.,0.,-1.));
#353579=DIRECTION('ref_axis',(-1.,0.,0.));
#353580=DIRECTION('center_axis',(0.,0.,1.));
#353581=DIRECTION('ref_axis',(-1.,0.,0.));
#353582=DIRECTION('',(0.,0.,1.));
#353583=DIRECTION('center_axis',(0.,0.,-1.));
#353584=DIRECTION('ref_axis',(-1.,0.,0.));
#353585=DIRECTION('center_axis',(0.,0.,1.));
#353586=DIRECTION('ref_axis',(-1.,0.,0.));
#353587=DIRECTION('',(0.,0.,1.));
#353588=DIRECTION('center_axis',(0.,0.,-1.));
#353589=DIRECTION('ref_axis',(-1.,0.,0.));
#353590=DIRECTION('center_axis',(0.,0.,1.));
#353591=DIRECTION('ref_axis',(-1.,0.,0.));
#353592=DIRECTION('',(0.,0.,1.));
#353593=DIRECTION('center_axis',(0.,0.,-1.));
#353594=DIRECTION('ref_axis',(-1.,0.,0.));
#353595=DIRECTION('center_axis',(0.,0.,1.));
#353596=DIRECTION('ref_axis',(-1.,0.,0.));
#353597=DIRECTION('',(0.,0.,1.));
#353598=DIRECTION('center_axis',(0.,0.,-1.));
#353599=DIRECTION('ref_axis',(-1.,0.,0.));
#353600=DIRECTION('center_axis',(0.,0.,1.));
#353601=DIRECTION('ref_axis',(-1.,0.,0.));
#353602=DIRECTION('',(0.,0.,1.));
#353603=DIRECTION('center_axis',(0.,0.,-1.));
#353604=DIRECTION('ref_axis',(-1.,0.,0.));
#353605=DIRECTION('center_axis',(0.,0.,1.));
#353606=DIRECTION('ref_axis',(-1.,0.,0.));
#353607=DIRECTION('',(0.,0.,1.));
#353608=DIRECTION('center_axis',(0.,0.,-1.));
#353609=DIRECTION('ref_axis',(-1.,0.,0.));
#353610=DIRECTION('center_axis',(0.,0.,1.));
#353611=DIRECTION('ref_axis',(-1.,0.,0.));
#353612=DIRECTION('',(0.,0.,1.));
#353613=DIRECTION('center_axis',(0.,0.,-1.));
#353614=DIRECTION('ref_axis',(-1.,0.,0.));
#353615=DIRECTION('center_axis',(0.,0.,1.));
#353616=DIRECTION('ref_axis',(-1.,0.,0.));
#353617=DIRECTION('',(0.,0.,1.));
#353618=DIRECTION('center_axis',(0.,0.,-1.));
#353619=DIRECTION('ref_axis',(-1.,0.,0.));
#353620=DIRECTION('center_axis',(0.,0.,1.));
#353621=DIRECTION('ref_axis',(-1.,0.,0.));
#353622=DIRECTION('',(0.,0.,1.));
#353623=DIRECTION('center_axis',(0.,0.,-1.));
#353624=DIRECTION('ref_axis',(-1.,0.,0.));
#353625=DIRECTION('center_axis',(0.,0.,1.));
#353626=DIRECTION('ref_axis',(-1.,0.,0.));
#353627=DIRECTION('',(0.,0.,1.));
#353628=DIRECTION('center_axis',(0.,0.,-1.));
#353629=DIRECTION('ref_axis',(-1.,0.,0.));
#353630=DIRECTION('center_axis',(0.,0.,1.));
#353631=DIRECTION('ref_axis',(-1.,0.,0.));
#353632=DIRECTION('',(0.,0.,1.));
#353633=DIRECTION('center_axis',(0.,0.,-1.));
#353634=DIRECTION('ref_axis',(-1.,0.,0.));
#353635=DIRECTION('center_axis',(0.,0.,1.));
#353636=DIRECTION('ref_axis',(-1.,0.,0.));
#353637=DIRECTION('',(0.,0.,1.));
#353638=DIRECTION('center_axis',(0.,0.,-1.));
#353639=DIRECTION('ref_axis',(-1.,0.,0.));
#353640=DIRECTION('center_axis',(0.,0.,1.));
#353641=DIRECTION('ref_axis',(-1.,0.,0.));
#353642=DIRECTION('',(0.,0.,1.));
#353643=DIRECTION('center_axis',(0.,0.,-1.));
#353644=DIRECTION('ref_axis',(-1.,0.,0.));
#353645=DIRECTION('center_axis',(0.,0.,1.));
#353646=DIRECTION('ref_axis',(-1.,0.,0.));
#353647=DIRECTION('',(0.,0.,1.));
#353648=DIRECTION('center_axis',(0.,0.,-1.));
#353649=DIRECTION('ref_axis',(-1.,0.,0.));
#353650=DIRECTION('center_axis',(0.,0.,1.));
#353651=DIRECTION('ref_axis',(-1.,0.,0.));
#353652=DIRECTION('',(0.,0.,1.));
#353653=DIRECTION('center_axis',(0.,0.,-1.));
#353654=DIRECTION('ref_axis',(-1.,0.,0.));
#353655=DIRECTION('center_axis',(0.,0.,1.));
#353656=DIRECTION('ref_axis',(-1.,0.,0.));
#353657=DIRECTION('',(0.,0.,1.));
#353658=DIRECTION('center_axis',(0.,0.,-1.));
#353659=DIRECTION('ref_axis',(-1.,0.,0.));
#353660=DIRECTION('center_axis',(0.,0.,1.));
#353661=DIRECTION('ref_axis',(-1.,0.,0.));
#353662=DIRECTION('',(0.,0.,1.));
#353663=DIRECTION('center_axis',(0.,0.,-1.));
#353664=DIRECTION('ref_axis',(-1.,0.,0.));
#353665=DIRECTION('center_axis',(0.,0.,1.));
#353666=DIRECTION('ref_axis',(-1.,0.,0.));
#353667=DIRECTION('',(0.,0.,1.));
#353668=DIRECTION('center_axis',(0.,0.,-1.));
#353669=DIRECTION('ref_axis',(-1.,0.,0.));
#353670=DIRECTION('center_axis',(0.,0.,1.));
#353671=DIRECTION('ref_axis',(-1.,0.,0.));
#353672=DIRECTION('',(0.,0.,1.));
#353673=DIRECTION('center_axis',(0.,0.,-1.));
#353674=DIRECTION('ref_axis',(-1.,0.,0.));
#353675=DIRECTION('center_axis',(0.,0.,1.));
#353676=DIRECTION('ref_axis',(-1.,0.,0.));
#353677=DIRECTION('',(0.,0.,1.));
#353678=DIRECTION('center_axis',(0.,0.,-1.));
#353679=DIRECTION('ref_axis',(-1.,0.,0.));
#353680=DIRECTION('center_axis',(0.,0.,1.));
#353681=DIRECTION('ref_axis',(-1.,0.,0.));
#353682=DIRECTION('',(0.,0.,1.));
#353683=DIRECTION('center_axis',(0.,0.,-1.));
#353684=DIRECTION('ref_axis',(-1.,0.,0.));
#353685=DIRECTION('center_axis',(0.,0.,1.));
#353686=DIRECTION('ref_axis',(-1.,0.,0.));
#353687=DIRECTION('',(0.,0.,1.));
#353688=DIRECTION('center_axis',(0.,0.,-1.));
#353689=DIRECTION('ref_axis',(-1.,0.,0.));
#353690=DIRECTION('center_axis',(0.,0.,1.));
#353691=DIRECTION('ref_axis',(-1.,0.,0.));
#353692=DIRECTION('',(0.,0.,1.));
#353693=DIRECTION('center_axis',(0.,0.,-1.));
#353694=DIRECTION('ref_axis',(-1.,0.,0.));
#353695=DIRECTION('center_axis',(0.,0.,1.));
#353696=DIRECTION('ref_axis',(-1.,0.,0.));
#353697=DIRECTION('',(0.,0.,1.));
#353698=DIRECTION('center_axis',(0.,0.,-1.));
#353699=DIRECTION('ref_axis',(-1.,0.,0.));
#353700=DIRECTION('center_axis',(0.,0.,1.));
#353701=DIRECTION('ref_axis',(-1.,0.,0.));
#353702=DIRECTION('',(0.,0.,1.));
#353703=DIRECTION('center_axis',(0.,0.,-1.));
#353704=DIRECTION('ref_axis',(-1.,0.,0.));
#353705=DIRECTION('center_axis',(0.,0.,1.));
#353706=DIRECTION('ref_axis',(-1.,0.,0.));
#353707=DIRECTION('',(0.,0.,1.));
#353708=DIRECTION('center_axis',(0.,0.,-1.));
#353709=DIRECTION('ref_axis',(-1.,0.,0.));
#353710=DIRECTION('center_axis',(0.,0.,1.));
#353711=DIRECTION('ref_axis',(-1.,0.,0.));
#353712=DIRECTION('',(0.,0.,1.));
#353713=DIRECTION('center_axis',(0.,0.,-1.));
#353714=DIRECTION('ref_axis',(-1.,0.,0.));
#353715=DIRECTION('center_axis',(0.,0.,1.));
#353716=DIRECTION('ref_axis',(-1.,0.,0.));
#353717=DIRECTION('',(0.,0.,1.));
#353718=DIRECTION('center_axis',(0.,0.,-1.));
#353719=DIRECTION('ref_axis',(-1.,0.,0.));
#353720=DIRECTION('center_axis',(0.,0.,1.));
#353721=DIRECTION('ref_axis',(-1.,0.,0.));
#353722=DIRECTION('',(0.,0.,1.));
#353723=DIRECTION('center_axis',(0.,0.,-1.));
#353724=DIRECTION('ref_axis',(-1.,0.,0.));
#353725=DIRECTION('center_axis',(0.,0.,1.));
#353726=DIRECTION('ref_axis',(-1.,0.,0.));
#353727=DIRECTION('',(0.,0.,1.));
#353728=DIRECTION('center_axis',(0.,0.,-1.));
#353729=DIRECTION('ref_axis',(-1.,0.,0.));
#353730=DIRECTION('center_axis',(0.,0.,1.));
#353731=DIRECTION('ref_axis',(-1.,0.,0.));
#353732=DIRECTION('',(0.,0.,1.));
#353733=DIRECTION('center_axis',(0.,0.,-1.));
#353734=DIRECTION('ref_axis',(-1.,0.,0.));
#353735=DIRECTION('center_axis',(0.,0.,1.));
#353736=DIRECTION('ref_axis',(-1.,0.,0.));
#353737=DIRECTION('',(0.,0.,1.));
#353738=DIRECTION('center_axis',(0.,0.,-1.));
#353739=DIRECTION('ref_axis',(-1.,0.,0.));
#353740=DIRECTION('center_axis',(0.,0.,1.));
#353741=DIRECTION('ref_axis',(-1.,0.,0.));
#353742=DIRECTION('',(0.,0.,1.));
#353743=DIRECTION('center_axis',(0.,0.,-1.));
#353744=DIRECTION('ref_axis',(-1.,0.,0.));
#353745=DIRECTION('center_axis',(0.,0.,1.));
#353746=DIRECTION('ref_axis',(-1.,0.,0.));
#353747=DIRECTION('',(0.,0.,1.));
#353748=DIRECTION('center_axis',(0.,0.,-1.));
#353749=DIRECTION('ref_axis',(-1.,0.,0.));
#353750=DIRECTION('center_axis',(0.,0.,1.));
#353751=DIRECTION('ref_axis',(-1.,0.,0.));
#353752=DIRECTION('',(0.,0.,1.));
#353753=DIRECTION('center_axis',(0.,0.,-1.));
#353754=DIRECTION('ref_axis',(-1.,0.,0.));
#353755=DIRECTION('center_axis',(0.,0.,1.));
#353756=DIRECTION('ref_axis',(-1.,0.,0.));
#353757=DIRECTION('',(0.,0.,1.));
#353758=DIRECTION('center_axis',(0.,0.,-1.));
#353759=DIRECTION('ref_axis',(-1.,0.,0.));
#353760=DIRECTION('center_axis',(0.,0.,1.));
#353761=DIRECTION('ref_axis',(-1.,0.,0.));
#353762=DIRECTION('',(0.,0.,1.));
#353763=DIRECTION('center_axis',(0.,0.,-1.));
#353764=DIRECTION('ref_axis',(-1.,0.,0.));
#353765=DIRECTION('center_axis',(0.,0.,1.));
#353766=DIRECTION('ref_axis',(-1.,0.,0.));
#353767=DIRECTION('',(0.,0.,1.));
#353768=DIRECTION('center_axis',(0.,0.,-1.));
#353769=DIRECTION('ref_axis',(-1.,0.,0.));
#353770=DIRECTION('center_axis',(0.,0.,1.));
#353771=DIRECTION('ref_axis',(-1.,0.,0.));
#353772=DIRECTION('',(0.,0.,1.));
#353773=DIRECTION('center_axis',(0.,0.,-1.));
#353774=DIRECTION('ref_axis',(-1.,0.,0.));
#353775=DIRECTION('center_axis',(0.,0.,1.));
#353776=DIRECTION('ref_axis',(-1.,0.,0.));
#353777=DIRECTION('',(0.,0.,1.));
#353778=DIRECTION('center_axis',(0.,0.,-1.));
#353779=DIRECTION('ref_axis',(-1.,0.,0.));
#353780=DIRECTION('center_axis',(0.,0.,1.));
#353781=DIRECTION('ref_axis',(-1.,0.,0.));
#353782=DIRECTION('',(0.,0.,1.));
#353783=DIRECTION('center_axis',(0.,0.,-1.));
#353784=DIRECTION('ref_axis',(-1.,0.,0.));
#353785=DIRECTION('center_axis',(0.,0.,1.));
#353786=DIRECTION('ref_axis',(-1.,0.,0.));
#353787=DIRECTION('',(0.,0.,1.));
#353788=DIRECTION('center_axis',(0.,0.,-1.));
#353789=DIRECTION('ref_axis',(-1.,0.,0.));
#353790=DIRECTION('center_axis',(0.,0.,1.));
#353791=DIRECTION('ref_axis',(-1.,0.,0.));
#353792=DIRECTION('',(0.,0.,1.));
#353793=DIRECTION('center_axis',(0.,0.,-1.));
#353794=DIRECTION('ref_axis',(-1.,0.,0.));
#353795=DIRECTION('center_axis',(0.,0.,1.));
#353796=DIRECTION('ref_axis',(-1.,0.,0.));
#353797=DIRECTION('',(0.,0.,1.));
#353798=DIRECTION('center_axis',(0.,0.,-1.));
#353799=DIRECTION('ref_axis',(-1.,0.,0.));
#353800=DIRECTION('center_axis',(0.,0.,1.));
#353801=DIRECTION('ref_axis',(-1.,0.,0.));
#353802=DIRECTION('',(0.,0.,1.));
#353803=DIRECTION('center_axis',(0.,0.,-1.));
#353804=DIRECTION('ref_axis',(-1.,0.,0.));
#353805=DIRECTION('center_axis',(0.,0.,1.));
#353806=DIRECTION('ref_axis',(-1.,0.,0.));
#353807=DIRECTION('',(0.,0.,1.));
#353808=DIRECTION('center_axis',(0.,0.,-1.));
#353809=DIRECTION('ref_axis',(-1.,0.,0.));
#353810=DIRECTION('center_axis',(0.,0.,1.));
#353811=DIRECTION('ref_axis',(-1.,0.,0.));
#353812=DIRECTION('',(0.,0.,1.));
#353813=DIRECTION('center_axis',(0.,0.,-1.));
#353814=DIRECTION('ref_axis',(-1.,0.,0.));
#353815=DIRECTION('center_axis',(0.,0.,1.));
#353816=DIRECTION('ref_axis',(-1.,0.,0.));
#353817=DIRECTION('',(0.,0.,1.));
#353818=DIRECTION('center_axis',(0.,0.,-1.));
#353819=DIRECTION('ref_axis',(-1.,0.,0.));
#353820=DIRECTION('center_axis',(0.,0.,1.));
#353821=DIRECTION('ref_axis',(-1.,0.,0.));
#353822=DIRECTION('',(0.,0.,1.));
#353823=DIRECTION('center_axis',(0.,0.,-1.));
#353824=DIRECTION('ref_axis',(-1.,0.,0.));
#353825=DIRECTION('center_axis',(0.,0.,1.));
#353826=DIRECTION('ref_axis',(-1.,0.,0.));
#353827=DIRECTION('',(0.,0.,1.));
#353828=DIRECTION('center_axis',(0.,0.,-1.));
#353829=DIRECTION('ref_axis',(-1.,0.,0.));
#353830=DIRECTION('center_axis',(0.,0.,1.));
#353831=DIRECTION('ref_axis',(-1.,0.,0.));
#353832=DIRECTION('',(0.,0.,1.));
#353833=DIRECTION('center_axis',(0.,0.,-1.));
#353834=DIRECTION('ref_axis',(-1.,0.,0.));
#353835=DIRECTION('center_axis',(0.,0.,1.));
#353836=DIRECTION('ref_axis',(-1.,0.,0.));
#353837=DIRECTION('',(0.,0.,1.));
#353838=DIRECTION('center_axis',(0.,0.,-1.));
#353839=DIRECTION('ref_axis',(-1.,0.,0.));
#353840=DIRECTION('center_axis',(0.,0.,1.));
#353841=DIRECTION('ref_axis',(-1.,0.,0.));
#353842=DIRECTION('',(0.,0.,1.));
#353843=DIRECTION('center_axis',(0.,0.,-1.));
#353844=DIRECTION('ref_axis',(-1.,0.,0.));
#353845=DIRECTION('center_axis',(0.,0.,1.));
#353846=DIRECTION('ref_axis',(-1.,0.,0.));
#353847=DIRECTION('',(0.,0.,1.));
#353848=DIRECTION('center_axis',(0.,0.,-1.));
#353849=DIRECTION('ref_axis',(-1.,0.,0.));
#353850=DIRECTION('center_axis',(0.,0.,1.));
#353851=DIRECTION('ref_axis',(-1.,0.,0.));
#353852=DIRECTION('',(0.,0.,1.));
#353853=DIRECTION('center_axis',(0.,0.,-1.));
#353854=DIRECTION('ref_axis',(-1.,0.,0.));
#353855=DIRECTION('center_axis',(0.,0.,1.));
#353856=DIRECTION('ref_axis',(-1.,0.,0.));
#353857=DIRECTION('',(0.,0.,1.));
#353858=DIRECTION('center_axis',(0.,0.,-1.));
#353859=DIRECTION('ref_axis',(-1.,0.,0.));
#353860=DIRECTION('center_axis',(0.,0.,1.));
#353861=DIRECTION('ref_axis',(-1.,0.,0.));
#353862=DIRECTION('',(0.,0.,1.));
#353863=DIRECTION('center_axis',(0.,0.,-1.));
#353864=DIRECTION('ref_axis',(-1.,0.,0.));
#353865=DIRECTION('center_axis',(0.,0.,1.));
#353866=DIRECTION('ref_axis',(-1.,0.,0.));
#353867=DIRECTION('',(0.,0.,1.));
#353868=DIRECTION('center_axis',(0.,0.,-1.));
#353869=DIRECTION('ref_axis',(-1.,0.,0.));
#353870=DIRECTION('center_axis',(0.,0.,1.));
#353871=DIRECTION('ref_axis',(-1.,0.,0.));
#353872=DIRECTION('',(0.,0.,1.));
#353873=DIRECTION('center_axis',(0.,0.,-1.));
#353874=DIRECTION('ref_axis',(-1.,0.,0.));
#353875=DIRECTION('center_axis',(0.,0.,1.));
#353876=DIRECTION('ref_axis',(-1.,0.,0.));
#353877=DIRECTION('',(0.,0.,1.));
#353878=DIRECTION('center_axis',(0.,0.,-1.));
#353879=DIRECTION('ref_axis',(-1.,0.,0.));
#353880=DIRECTION('center_axis',(0.,0.,1.));
#353881=DIRECTION('ref_axis',(-1.,0.,0.));
#353882=DIRECTION('',(0.,0.,1.));
#353883=DIRECTION('center_axis',(0.,0.,-1.));
#353884=DIRECTION('ref_axis',(-1.,0.,0.));
#353885=DIRECTION('center_axis',(0.,0.,1.));
#353886=DIRECTION('ref_axis',(-1.,0.,0.));
#353887=DIRECTION('',(0.,0.,1.));
#353888=DIRECTION('center_axis',(0.,0.,-1.));
#353889=DIRECTION('ref_axis',(-1.,0.,0.));
#353890=DIRECTION('center_axis',(0.,0.,1.));
#353891=DIRECTION('ref_axis',(-1.,0.,0.));
#353892=DIRECTION('',(0.,0.,1.));
#353893=DIRECTION('center_axis',(0.,0.,-1.));
#353894=DIRECTION('ref_axis',(-1.,0.,0.));
#353895=DIRECTION('center_axis',(0.,0.,1.));
#353896=DIRECTION('ref_axis',(-1.,0.,0.));
#353897=DIRECTION('',(0.,0.,1.));
#353898=DIRECTION('center_axis',(0.,0.,-1.));
#353899=DIRECTION('ref_axis',(-1.,0.,0.));
#353900=DIRECTION('center_axis',(0.,0.,1.));
#353901=DIRECTION('ref_axis',(-1.,0.,0.));
#353902=DIRECTION('',(0.,0.,1.));
#353903=DIRECTION('center_axis',(0.,0.,-1.));
#353904=DIRECTION('ref_axis',(-1.,0.,0.));
#353905=DIRECTION('center_axis',(0.,0.,1.));
#353906=DIRECTION('ref_axis',(-1.,0.,0.));
#353907=DIRECTION('',(0.,0.,1.));
#353908=DIRECTION('center_axis',(0.,0.,-1.));
#353909=DIRECTION('ref_axis',(-1.,0.,0.));
#353910=DIRECTION('center_axis',(0.,0.,1.));
#353911=DIRECTION('ref_axis',(-1.,0.,0.));
#353912=DIRECTION('',(0.,0.,1.));
#353913=DIRECTION('center_axis',(0.,0.,-1.));
#353914=DIRECTION('ref_axis',(-1.,0.,0.));
#353915=DIRECTION('center_axis',(0.,0.,1.));
#353916=DIRECTION('ref_axis',(-1.,0.,0.));
#353917=DIRECTION('',(0.,0.,1.));
#353918=DIRECTION('center_axis',(0.,0.,-1.));
#353919=DIRECTION('ref_axis',(-1.,0.,0.));
#353920=DIRECTION('center_axis',(0.,0.,1.));
#353921=DIRECTION('ref_axis',(-1.,0.,0.));
#353922=DIRECTION('',(0.,0.,1.));
#353923=DIRECTION('center_axis',(0.,0.,-1.));
#353924=DIRECTION('ref_axis',(-1.,0.,0.));
#353925=DIRECTION('center_axis',(0.,0.,1.));
#353926=DIRECTION('ref_axis',(-1.,0.,0.));
#353927=DIRECTION('',(0.,0.,1.));
#353928=DIRECTION('center_axis',(0.,0.,-1.));
#353929=DIRECTION('ref_axis',(-1.,0.,0.));
#353930=DIRECTION('center_axis',(0.,0.,1.));
#353931=DIRECTION('ref_axis',(-1.,0.,0.));
#353932=DIRECTION('',(0.,0.,1.));
#353933=DIRECTION('center_axis',(0.,0.,-1.));
#353934=DIRECTION('ref_axis',(-1.,0.,0.));
#353935=DIRECTION('center_axis',(0.,0.,1.));
#353936=DIRECTION('ref_axis',(-1.,0.,0.));
#353937=DIRECTION('',(0.,0.,1.));
#353938=DIRECTION('center_axis',(0.,0.,-1.));
#353939=DIRECTION('ref_axis',(-1.,0.,0.));
#353940=DIRECTION('center_axis',(0.,0.,1.));
#353941=DIRECTION('ref_axis',(-1.,0.,0.));
#353942=DIRECTION('',(0.,0.,1.));
#353943=DIRECTION('center_axis',(0.,0.,-1.));
#353944=DIRECTION('ref_axis',(-1.,0.,0.));
#353945=DIRECTION('center_axis',(0.,0.,1.));
#353946=DIRECTION('ref_axis',(-1.,0.,0.));
#353947=DIRECTION('',(0.,0.,1.));
#353948=DIRECTION('center_axis',(0.,0.,-1.));
#353949=DIRECTION('ref_axis',(-1.,0.,0.));
#353950=DIRECTION('center_axis',(0.,0.,1.));
#353951=DIRECTION('ref_axis',(-1.,0.,0.));
#353952=DIRECTION('',(0.,0.,1.));
#353953=DIRECTION('center_axis',(0.,0.,-1.));
#353954=DIRECTION('ref_axis',(-1.,0.,0.));
#353955=DIRECTION('center_axis',(0.,0.,1.));
#353956=DIRECTION('ref_axis',(-1.,0.,0.));
#353957=DIRECTION('',(0.,0.,1.));
#353958=DIRECTION('center_axis',(0.,0.,-1.));
#353959=DIRECTION('ref_axis',(-1.,0.,0.));
#353960=DIRECTION('center_axis',(0.,0.,1.));
#353961=DIRECTION('ref_axis',(-1.,0.,0.));
#353962=DIRECTION('',(0.,0.,1.));
#353963=DIRECTION('center_axis',(0.,0.,-1.));
#353964=DIRECTION('ref_axis',(-1.,0.,0.));
#353965=DIRECTION('center_axis',(0.,0.,1.));
#353966=DIRECTION('ref_axis',(-1.,0.,0.));
#353967=DIRECTION('',(0.,0.,1.));
#353968=DIRECTION('center_axis',(0.,0.,-1.));
#353969=DIRECTION('ref_axis',(-1.,0.,0.));
#353970=DIRECTION('center_axis',(0.,0.,1.));
#353971=DIRECTION('ref_axis',(-1.,0.,0.));
#353972=DIRECTION('',(0.,0.,1.));
#353973=DIRECTION('center_axis',(0.,0.,-1.));
#353974=DIRECTION('ref_axis',(-1.,0.,0.));
#353975=DIRECTION('center_axis',(0.,0.,1.));
#353976=DIRECTION('ref_axis',(-1.,0.,0.));
#353977=DIRECTION('',(0.,0.,1.));
#353978=DIRECTION('center_axis',(0.,0.,-1.));
#353979=DIRECTION('ref_axis',(-1.,0.,0.));
#353980=DIRECTION('center_axis',(0.,0.,1.));
#353981=DIRECTION('ref_axis',(-1.,0.,0.));
#353982=DIRECTION('',(0.,0.,1.));
#353983=DIRECTION('center_axis',(0.,0.,-1.));
#353984=DIRECTION('ref_axis',(-1.,0.,0.));
#353985=DIRECTION('center_axis',(0.,0.,1.));
#353986=DIRECTION('ref_axis',(-1.,0.,0.));
#353987=DIRECTION('',(0.,0.,1.));
#353988=DIRECTION('center_axis',(0.,0.,-1.));
#353989=DIRECTION('ref_axis',(-1.,0.,0.));
#353990=DIRECTION('center_axis',(0.,0.,1.));
#353991=DIRECTION('ref_axis',(-1.,0.,0.));
#353992=DIRECTION('',(0.,0.,1.));
#353993=DIRECTION('center_axis',(0.,0.,-1.));
#353994=DIRECTION('ref_axis',(-1.,0.,0.));
#353995=DIRECTION('center_axis',(0.,0.,1.));
#353996=DIRECTION('ref_axis',(-1.,0.,0.));
#353997=DIRECTION('',(0.,0.,1.));
#353998=DIRECTION('center_axis',(0.,0.,-1.));
#353999=DIRECTION('ref_axis',(-1.,0.,0.));
#354000=DIRECTION('center_axis',(0.,0.,1.));
#354001=DIRECTION('ref_axis',(-1.,0.,0.));
#354002=DIRECTION('',(0.,0.,1.));
#354003=DIRECTION('center_axis',(0.,0.,-1.));
#354004=DIRECTION('ref_axis',(-1.,0.,0.));
#354005=DIRECTION('center_axis',(0.,0.,1.));
#354006=DIRECTION('ref_axis',(-1.,0.,0.));
#354007=DIRECTION('',(0.,0.,1.));
#354008=DIRECTION('center_axis',(0.,0.,-1.));
#354009=DIRECTION('ref_axis',(-1.,0.,0.));
#354010=DIRECTION('center_axis',(0.,0.,1.));
#354011=DIRECTION('ref_axis',(-1.,0.,0.));
#354012=DIRECTION('',(0.,0.,1.));
#354013=DIRECTION('center_axis',(0.,0.,-1.));
#354014=DIRECTION('ref_axis',(-1.,0.,0.));
#354015=DIRECTION('center_axis',(0.,0.,1.));
#354016=DIRECTION('ref_axis',(-1.,0.,0.));
#354017=DIRECTION('',(0.,0.,1.));
#354018=DIRECTION('center_axis',(0.,0.,-1.));
#354019=DIRECTION('ref_axis',(-1.,0.,0.));
#354020=DIRECTION('center_axis',(0.,0.,1.));
#354021=DIRECTION('ref_axis',(-1.,0.,0.));
#354022=DIRECTION('',(0.,0.,1.));
#354023=DIRECTION('center_axis',(0.,0.,-1.));
#354024=DIRECTION('ref_axis',(-1.,0.,0.));
#354025=DIRECTION('center_axis',(0.,0.,1.));
#354026=DIRECTION('ref_axis',(-1.,0.,0.));
#354027=DIRECTION('',(0.,0.,1.));
#354028=DIRECTION('center_axis',(0.,0.,-1.));
#354029=DIRECTION('ref_axis',(-1.,0.,0.));
#354030=DIRECTION('center_axis',(0.,0.,1.));
#354031=DIRECTION('ref_axis',(-1.,0.,0.));
#354032=DIRECTION('',(0.,0.,1.));
#354033=DIRECTION('center_axis',(-7.77531552026821E-51,-1.,0.));
#354034=DIRECTION('ref_axis',(1.,-7.77531552026821E-51,-3.46944695195361E-18));
#354035=DIRECTION('',(1.,-7.77531552026821E-51,-3.46944695195361E-18));
#354036=DIRECTION('',(0.,0.,1.));
#354037=DIRECTION('',(0.,0.,1.));
#354038=DIRECTION('center_axis',(1.,1.14603667058081E-15,0.));
#354039=DIRECTION('ref_axis',(-1.14603667058081E-15,1.,6.93889390390723E-18));
#354040=DIRECTION('',(-1.14603667058081E-15,1.,6.93889390390723E-18));
#354041=DIRECTION('',(0.,0.,1.));
#354042=DIRECTION('center_axis',(7.77531552026821E-51,1.,0.));
#354043=DIRECTION('ref_axis',(-1.,7.77531552026821E-51,3.46944695195361E-18));
#354044=DIRECTION('',(-1.,7.77531552026821E-51,3.46944695195361E-18));
#354045=DIRECTION('',(0.,0.,1.));
#354046=DIRECTION('center_axis',(-1.,-1.14603667058081E-15,0.));
#354047=DIRECTION('ref_axis',(1.14603667058081E-15,-1.,-6.93889390390723E-18));
#354048=DIRECTION('',(1.14603667058081E-15,-1.,-6.93889390390723E-18));
#354049=DIRECTION('center_axis',(0.,0.,1.));
#354050=DIRECTION('ref_axis',(-1.,0.,0.));
#354051=DIRECTION('',(0.,0.,-1.));
#354052=DIRECTION('center_axis',(3.46944695195361E-18,-6.93889390390723E-18,
1.));
#354053=DIRECTION('ref_axis',(-1.,0.,0.));
#354054=DIRECTION('center_axis',(3.46944695195361E-18,-6.93889390390723E-18,
1.));
#354055=DIRECTION('ref_axis',(-1.,0.,3.46944695195361E-18));
#438273=CARTESIAN_POINT('Origin',(147.2,-83.5015755037857,9.85999999999989));
#438274=CARTESIAN_POINT('',(147.9,-78.1063020151427,9.15999999999989));
#438275=CARTESIAN_POINT('',(147.9,-70.9,9.15999999999989));
#438276=CARTESIAN_POINT('',(147.9,-83.5015755037857,9.15999999999989));
#438277=CARTESIAN_POINT('',(146.5,-69.5,10.5599999999999));
#438278=CARTESIAN_POINT('',(147.9,-70.9,9.15999999999989));
#438279=CARTESIAN_POINT('',(146.5,-79.5063020151427,10.5599999999999));
#438280=CARTESIAN_POINT('',(146.5,-92.5,10.5599999999999));
#438281=CARTESIAN_POINT('',(147.9,-78.1063020151427,9.15999999999989));
#438282=CARTESIAN_POINT('Origin',(149.,-70.2,9.85999999999989));
#438283=CARTESIAN_POINT('',(156.5,-69.5,10.5599999999999));
#438284=CARTESIAN_POINT('',(146.5,-69.5,10.5599999999999));
#438285=CARTESIAN_POINT('',(155.1,-70.9,9.15999999999989));
#438286=CARTESIAN_POINT('',(149.,-70.9,9.15999999999989));
#438287=CARTESIAN_POINT('',(155.1,-70.9,9.15999999999989));
#438288=CARTESIAN_POINT('Origin',(155.8,-72.0015755037857,9.85999999999989));
#438289=CARTESIAN_POINT('',(156.5,-79.5063020151427,10.5599999999999));
#438290=CARTESIAN_POINT('',(156.5,-69.5,10.5599999999999));
#438291=CARTESIAN_POINT('',(155.1,-78.1063020151427,9.15999999999989));
#438292=CARTESIAN_POINT('',(155.1,-72.0015755037857,9.15999999999989));
#438293=CARTESIAN_POINT('',(155.1,-78.1063020151427,9.15999999999989));
#438294=CARTESIAN_POINT('Origin',(149.,-78.8063020151427,9.85999999999989));
#438295=CARTESIAN_POINT('',(146.5,-79.5063020151427,10.5599999999999));
#438296=CARTESIAN_POINT('',(149.,-78.1063020151427,9.15999999999989));
#438297=CARTESIAN_POINT('Origin',(151.5,-74.5031510075713,9.15999999999989));
#438298=CARTESIAN_POINT('',(150.,-74.5031510075713,9.15999999999989));
#438299=CARTESIAN_POINT('Origin',(151.5,-74.5031510075713,9.15999999999989));
#438300=CARTESIAN_POINT('Origin',(132.8125,-39.8173053457026,9.91355339059316));
#438301=CARTESIAN_POINT('',(119.75,-40.6708587362959,9.55999999999989));
#438302=CARTESIAN_POINT('',(155.25,-40.6708587362959,9.55999999999989));
#438303=CARTESIAN_POINT('',(132.8125,-40.6708587362959,9.55999999999989));
#438304=CARTESIAN_POINT('',(155.957106781187,-38.9637519551093,10.2671067811864));
#438305=CARTESIAN_POINT('',(155.25,-40.6708587362959,9.55999999999989));
#438306=CARTESIAN_POINT('',(119.042893218813,-38.9637519551093,10.2671067811864));
#438307=CARTESIAN_POINT('',(132.8125,-38.9637519551093,10.2671067811864));
#438308=CARTESIAN_POINT('',(119.042893218813,-38.9637519551093,10.2671067811864));
#438309=CARTESIAN_POINT('Origin',(155.75,-43.5854293681479,10.0599999999999));
#438310=CARTESIAN_POINT('',(155.25,-63.6708587362959,9.55999999999989));
#438311=CARTESIAN_POINT('',(155.25,-43.5854293681479,9.55999999999989));
#438312=CARTESIAN_POINT('',(156.25,-64.6708587362959,10.5599999999999));
#438313=CARTESIAN_POINT('',(150.839928438642,-59.260787174938,5.14992843864192));
#438314=CARTESIAN_POINT('',(156.25,-38.6708587362959,10.5599999999999));
#438315=CARTESIAN_POINT('',(156.25,-43.6708587362959,10.5599999999999));
#438316=CARTESIAN_POINT('',(150.410071561358,-44.5107871749379,4.72007156135787));
#438317=CARTESIAN_POINT('Origin',(119.25,-56.085429368148,10.0599999999999));
#438318=CARTESIAN_POINT('',(118.75,-64.6708587362959,10.5599999999999));
#438319=CARTESIAN_POINT('',(118.75,-38.6708587362959,10.5599999999999));
#438320=CARTESIAN_POINT('',(118.75,-39.6708587362959,10.5599999999999));
#438321=CARTESIAN_POINT('',(119.75,-63.6708587362959,9.55999999999989));
#438322=CARTESIAN_POINT('',(125.201738228025,-58.2191205082713,4.10826177197523));
#438323=CARTESIAN_POINT('',(119.75,-56.085429368148,9.55999999999989));
#438324=CARTESIAN_POINT('',(123.548261771975,-43.4691205082713,5.76173822802451));
#438325=CARTESIAN_POINT('Origin',(137.5,-47.5,9.55999999999989));
#438326=CARTESIAN_POINT('',(146.875,-63.6708587362959,9.55999999999989));
#438327=CARTESIAN_POINT('',(151.25,-46.4208587362959,9.55999999999989));
#438328=CARTESIAN_POINT('',(151.25,-61.9208587362959,9.55999999999989));
#438329=CARTESIAN_POINT('',(151.25,-61.9208587362959,9.55999999999989));
#438330=CARTESIAN_POINT('',(123.75,-61.9208587362959,9.55999999999989));
#438331=CARTESIAN_POINT('',(123.75,-61.9208587362959,9.55999999999989));
#438332=CARTESIAN_POINT('',(123.75,-46.4208587362959,9.55999999999989));
#438333=CARTESIAN_POINT('',(123.75,-46.4208587362959,9.55999999999989));
#438334=CARTESIAN_POINT('',(151.25,-46.4208587362959,9.55999999999989));
#438335=CARTESIAN_POINT('Origin',(146.875,-64.1708587362959,10.0599999999999));
#438336=CARTESIAN_POINT('',(118.75,-64.6708587362959,10.5599999999999));
#438337=CARTESIAN_POINT('Origin',(128.125,-39.1708587362959,10.0599999999999));
#438338=CARTESIAN_POINT('',(128.125,-38.6708587362959,10.5599999999999));
#438339=CARTESIAN_POINT('Origin',(148.,-91.,7.55999999999989));
#438340=CARTESIAN_POINT('',(148.,-92.5,7.55999999999989));
#438341=CARTESIAN_POINT('',(146.5,-91.,7.55999999999989));
#438342=CARTESIAN_POINT('Origin',(148.,-91.,7.55999999999989));
#438343=CARTESIAN_POINT('',(146.5,-91.,10.5599999999999));
#438344=CARTESIAN_POINT('',(146.5,-91.,7.55999999999989));
#438345=CARTESIAN_POINT('',(148.,-92.5,10.5599999999999));
#438346=CARTESIAN_POINT('Origin',(148.,-91.,10.5599999999999));
#438347=CARTESIAN_POINT('',(148.,-92.5,7.55999999999989));
#438348=CARTESIAN_POINT('Origin',(146.5,-92.5,7.55999999999989));
#438349=CARTESIAN_POINT('',(146.5,-83.6388716896261,7.55999999999989));
#438350=CARTESIAN_POINT('',(146.5,-92.5,7.55999999999989));
#438351=CARTESIAN_POINT('',(146.5,-83.6388716896261,10.5599999999999));
#438352=CARTESIAN_POINT('',(146.5,-83.6388716896261,9.05999999999989));
#438353=CARTESIAN_POINT('',(146.5,-92.5,10.5599999999999));
#438354=CARTESIAN_POINT('Origin',(148.,-83.6388716896261,9.05999999999989));
#438355=CARTESIAN_POINT('',(148.,-82.1388716896261,7.55999999999989));
#438356=CARTESIAN_POINT('Origin',(148.,-83.6388716896261,7.55999999999989));
#438357=CARTESIAN_POINT('',(148.,-82.1388716896261,10.5599999999999));
#438358=CARTESIAN_POINT('',(148.,-82.1388716896261,9.05999999999989));
#438359=CARTESIAN_POINT('Origin',(148.,-83.6388716896261,10.5599999999999));
#438360=CARTESIAN_POINT('Origin',(146.5,-82.1388716896261,10.5599999999999));
#438361=CARTESIAN_POINT('',(155.,-82.1388716896261,7.55999999999989));
#438362=CARTESIAN_POINT('',(146.5,-82.1388716896261,7.55999999999989));
#438363=CARTESIAN_POINT('',(155.,-82.1388716896261,10.5599999999999));
#438364=CARTESIAN_POINT('',(155.,-82.1388716896261,9.05999999999989));
#438365=CARTESIAN_POINT('',(146.5,-82.1388716896261,10.5599999999999));
#438366=CARTESIAN_POINT('Origin',(155.,-83.6388716896261,9.05999999999989));
#438367=CARTESIAN_POINT('',(156.5,-83.6388716896261,10.5599999999999));
#438368=CARTESIAN_POINT('Origin',(155.,-83.6388716896261,10.5599999999999));
#438369=CARTESIAN_POINT('',(156.5,-83.6388716896261,7.55999999999989));
#438370=CARTESIAN_POINT('Origin',(155.,-83.6388716896261,7.55999999999989));
#438371=CARTESIAN_POINT('',(156.5,-83.6388716896261,9.05999999999989));
#438372=CARTESIAN_POINT('Origin',(155.,-91.,7.55999999999989));
#438373=CARTESIAN_POINT('',(156.5,-91.,7.55999999999989));
#438374=CARTESIAN_POINT('',(155.,-92.5,7.55999999999989));
#438375=CARTESIAN_POINT('Origin',(155.,-91.,7.55999999999989));
#438376=CARTESIAN_POINT('',(155.,-92.5,10.5599999999999));
#438377=CARTESIAN_POINT('',(155.,-92.5,7.55999999999989));
#438378=CARTESIAN_POINT('',(156.5,-91.,10.5599999999999));
#438379=CARTESIAN_POINT('Origin',(155.,-91.,10.5599999999999));
#438380=CARTESIAN_POINT('',(156.5,-91.,7.55999999999989));
#438381=CARTESIAN_POINT('Origin',(156.5,-92.5,7.55999999999989));
#438382=CARTESIAN_POINT('',(156.5,-92.5,10.5599999999999));
#438383=CARTESIAN_POINT('',(156.5,-92.5,7.55999999999989));
#438384=CARTESIAN_POINT('Ctrl Pts',(113.084729754525,1.18983295898172,11.6414374930084));
#438385=CARTESIAN_POINT('Ctrl Pts',(112.905047408248,0.650983241338169,
11.5551698493251));
#438386=CARTESIAN_POINT('Ctrl Pts',(112.8125,0.0755375255107006,11.5071733882705));
#438387=CARTESIAN_POINT('Ctrl Pts',(112.8125,-0.499999999999987,11.5071733882705));
#438388=CARTESIAN_POINT('Ctrl Pts',(113.241037820938,1.13114481206604,11.7768099574475));
#438389=CARTESIAN_POINT('Ctrl Pts',(113.064504136881,0.61014732099505,11.7017531334899));
#438390=CARTESIAN_POINT('Ctrl Pts',(112.973563344182,0.0551498836267784,
11.6596567693088));
#438391=CARTESIAN_POINT('Ctrl Pts',(112.973563344182,-0.499999999999987,
11.6596567693088));
#438392=CARTESIAN_POINT('Ctrl Pts',(113.644291881961,1.00125533974462,11.9367224009457));
#438393=CARTESIAN_POINT('Ctrl Pts',(113.483465281187,0.518356435129879,
11.8831401467048));
#438394=CARTESIAN_POINT('Ctrl Pts',(113.400741358081,0.00900586857661957,
11.852850034528));
#438395=CARTESIAN_POINT('Ctrl Pts',(113.400741358081,-0.499999999999987,
11.852850034528));
#438396=CARTESIAN_POINT('Ctrl Pts',(114.225265419742,0.859829939866363,
11.7649411524433));
#438397=CARTESIAN_POINT('Ctrl Pts',(114.093191048099,0.417492493527355,
11.722926731604));
#438398=CARTESIAN_POINT('Ctrl Pts',(114.026252775649,-0.041501782922048,
11.699499258004));
#438399=CARTESIAN_POINT('Ctrl Pts',(114.026252775649,-0.499999999999987,
11.699499258004));
#438400=CARTESIAN_POINT('Ctrl Pts',(114.590553627521,0.805497990853185,
11.3525924150566));
#438401=CARTESIAN_POINT('Ctrl Pts',(114.473942022363,0.379680690690833,
11.3054013269854));
#438402=CARTESIAN_POINT('Ctrl Pts',(114.414941621573,-0.0603041479838839,
11.2794391799369));
#438403=CARTESIAN_POINT('Ctrl Pts',(114.414941621573,-0.499999999999987,
11.2794391799369));
#438404=CARTESIAN_POINT('Ctrl Pts',(114.676800466987,0.817973574506037,
11.0325961151885));
#438405=CARTESIAN_POINT('Ctrl Pts',(114.559824257373,0.389788924442565,
10.9776046026774));
#438406=CARTESIAN_POINT('Ctrl Pts',(114.5,-0.0551233686589923,10.9473345174439));
#438407=CARTESIAN_POINT('Ctrl Pts',(114.5,-0.499999999999988,10.9473345174439));
#438408=CARTESIAN_POINT('Ctrl Pts',(114.681486503017,0.834888639321169,
10.872344228409));
#438409=CARTESIAN_POINT('Ctrl Pts',(114.561698272166,0.402492115646643,
10.813371964074));
#438410=CARTESIAN_POINT('Ctrl Pts',(114.5,-0.0486342250479713,10.7809890108566));
#438411=CARTESIAN_POINT('Ctrl Pts',(114.5,-0.499999999999988,10.7809890108566));
#438412=CARTESIAN_POINT('',(112.8125,-0.499999999999988,11.5071733882705));
#438413=CARTESIAN_POINT('',(114.5,-0.499999999999988,10.7809890108566));
#438414=CARTESIAN_POINT('Origin',(113.5,-0.499999999999987,10.7809890108566));
#438415=CARTESIAN_POINT('',(114.681486503017,0.834888639321168,10.872344228409));
#438416=CARTESIAN_POINT('Ctrl Pts',(114.5,-0.499999999999988,10.7809890108566));
#438417=CARTESIAN_POINT('Ctrl Pts',(114.5,-0.0486342250479713,10.7809890108566));
#438418=CARTESIAN_POINT('Ctrl Pts',(114.561698272166,0.402492115646643,
10.813371964074));
#438419=CARTESIAN_POINT('Ctrl Pts',(114.681486503017,0.834888639321169,
10.872344228409));
#438420=CARTESIAN_POINT('',(113.084729754525,1.18983295898165,11.6414374930084));
#438421=CARTESIAN_POINT('Origin',(113.71778380362,1.1018663671854,10.872344228409));
#438422=CARTESIAN_POINT('Ctrl Pts',(113.084729754525,1.18983295898172,11.6414374930084));
#438423=CARTESIAN_POINT('Ctrl Pts',(112.905047408248,0.650983241338169,
11.5551698493251));
#438424=CARTESIAN_POINT('Ctrl Pts',(112.8125,0.0755375255107006,11.5071733882705));
#438425=CARTESIAN_POINT('Ctrl Pts',(112.8125,-0.499999999999987,11.5071733882705));
#438426=CARTESIAN_POINT('Origin',(113.5,-22.,10.7809890108566));
#438427=CARTESIAN_POINT('',(112.8125,-94.5,11.5071733882705));
#438428=CARTESIAN_POINT('',(114.5,-94.5,10.7809890108566));
#438429=CARTESIAN_POINT('Origin',(113.5,-94.5,10.7809890108566));
#438430=CARTESIAN_POINT('',(114.5,-22.,10.7809890108566));
#438431=CARTESIAN_POINT('',(112.8125,-22.,11.5071733882705));
#438432=CARTESIAN_POINT('Ctrl Pts',(112.8125,-94.5,11.5071733882705));
#438433=CARTESIAN_POINT('Ctrl Pts',(112.8125,-95.0755375255181,11.5071733882705));
#438434=CARTESIAN_POINT('Ctrl Pts',(112.905047408246,-95.6509832413311,
11.555169849324));
#438435=CARTESIAN_POINT('Ctrl Pts',(113.084729754525,-96.1898329589816,
11.6414374930084));
#438436=CARTESIAN_POINT('Ctrl Pts',(112.973563344182,-94.5,11.6596567693088));
#438437=CARTESIAN_POINT('Ctrl Pts',(112.973563344182,-95.0551498836339,
11.6596567693088));
#438438=CARTESIAN_POINT('Ctrl Pts',(113.064504136879,-95.6101473209882,
11.7017531334889));
#438439=CARTESIAN_POINT('Ctrl Pts',(113.241037820938,-96.131144812066,11.7768099574475));
#438440=CARTESIAN_POINT('Ctrl Pts',(113.400746064095,-94.5,11.8528299284566));
#438441=CARTESIAN_POINT('Ctrl Pts',(113.400746064095,-95.0090058685831,
11.8528299284566));
#438442=CARTESIAN_POINT('Ctrl Pts',(113.483468649732,-95.5183575841404,
11.8831218260262));
#438443=CARTESIAN_POINT('Ctrl Pts',(113.644295250508,-96.0012564887613,
11.9367040802679));
#438444=CARTESIAN_POINT('Ctrl Pts',(114.026250261261,-94.5,11.6994887627084));
#438445=CARTESIAN_POINT('Ctrl Pts',(114.026250261261,-94.9584982170836,
11.6994887627084));
#438446=CARTESIAN_POINT('Ctrl Pts',(114.093188641,-95.4174942348735,11.7229172774126));
#438447=CARTESIAN_POINT('Ctrl Pts',(114.225263012645,-95.8598316812181,
11.7649316982524));
#438448=CARTESIAN_POINT('Ctrl Pts',(114.414935919779,-94.5,11.2794272430805));
#438449=CARTESIAN_POINT('Ctrl Pts',(114.414935919779,-94.9396958520216,
11.2794272430805));
#438450=CARTESIAN_POINT('Ctrl Pts',(114.473936862418,-95.3796833467381,
11.3053905347758));
#438451=CARTESIAN_POINT('Ctrl Pts',(114.590548467578,-95.8055006469058,
11.3525816228476));
#438452=CARTESIAN_POINT('Ctrl Pts',(114.5,-94.5,10.9473345174439));
#438453=CARTESIAN_POINT('Ctrl Pts',(114.5,-94.9448766313466,10.9473345174439));
#438454=CARTESIAN_POINT('Ctrl Pts',(114.559824257371,-95.3897889244371,
10.9776046026767));
#438455=CARTESIAN_POINT('Ctrl Pts',(114.676800466987,-95.817973574506,11.0325961151885));
#438456=CARTESIAN_POINT('Ctrl Pts',(114.5,-94.5,10.7809890108567));
#438457=CARTESIAN_POINT('Ctrl Pts',(114.5,-94.9513657749577,10.7809890108567));
#438458=CARTESIAN_POINT('Ctrl Pts',(114.561698272164,-95.4024921156411,
10.8133719640732));
#438459=CARTESIAN_POINT('Ctrl Pts',(114.681486503017,-95.8348886393211,
10.872344228409));
#438460=CARTESIAN_POINT('',(113.084729754525,-96.1898329589816,11.6414374930084));
#438461=CARTESIAN_POINT('',(114.681486503017,-95.8348886393211,10.872344228409));
#438462=CARTESIAN_POINT('Origin',(113.71778380362,-96.1018663671853,10.872344228409));
#438463=CARTESIAN_POINT('Ctrl Pts',(114.681486503017,-95.8348886393211,
10.872344228409));
#438464=CARTESIAN_POINT('Ctrl Pts',(114.561698272164,-95.4024921156411,
10.8133719640732));
#438465=CARTESIAN_POINT('Ctrl Pts',(114.5,-94.9513657749577,10.7809890108567));
#438466=CARTESIAN_POINT('Ctrl Pts',(114.5,-94.5,10.7809890108567));
#438467=CARTESIAN_POINT('Ctrl Pts',(112.8125,-94.5,11.5071733882705));
#438468=CARTESIAN_POINT('Ctrl Pts',(112.8125,-95.0755375255181,11.5071733882705));
#438469=CARTESIAN_POINT('Ctrl Pts',(112.905047408246,-95.6509832413311,
11.555169849324));
#438470=CARTESIAN_POINT('Ctrl Pts',(113.084729754525,-96.1898329589816,
11.6414374930084));
#438471=CARTESIAN_POINT('Ctrl Pts',(113.084729754525,-96.1898329589817,
11.6414374930084));
#438472=CARTESIAN_POINT('Ctrl Pts',(113.441758145072,-97.3294469996458,
11.8049681217973));
#438473=CARTESIAN_POINT('Ctrl Pts',(114.992793070425,-99.7366294469559,
12.0793690229978));
#438474=CARTESIAN_POINT('Ctrl Pts',(117.653626567497,-100.845003825508,
12.1424515651535));
#438475=CARTESIAN_POINT('Ctrl Pts',(119.210311249551,-100.929226308673,
12.1153940556896));
#438476=CARTESIAN_POINT('Ctrl Pts',(113.241037820938,-96.131144812066,11.7768099574475));
#438477=CARTESIAN_POINT('Ctrl Pts',(113.593198991706,-97.2461256674468,
11.9246635490924));
#438478=CARTESIAN_POINT('Ctrl Pts',(115.110274776411,-99.5942682268349,
12.1683235995205));
#438479=CARTESIAN_POINT('Ctrl Pts',(117.702333622253,-100.674097982028,
12.2230125911227));
#438480=CARTESIAN_POINT('Ctrl Pts',(119.219616450695,-100.756173542064,
12.1992820711292));
#438481=CARTESIAN_POINT('Ctrl Pts',(113.644244875325,-96.0012468222026,
11.9369119232051));
#438482=CARTESIAN_POINT('Ctrl Pts',(113.970169333836,-97.0519774369131,
12.0540435972936));
#438483=CARTESIAN_POINT('Ctrl Pts',(115.382200267796,-99.2652072599011,
12.2414823343139));
#438484=CARTESIAN_POINT('Ctrl Pts',(117.81493003553,-100.285397868573,12.2819667570202));
#438485=CARTESIAN_POINT('Ctrl Pts',(119.239124165105,-100.360419147536,
12.264041699293));
#438486=CARTESIAN_POINT('Ctrl Pts',(114.225324617739,-95.8598130654176,
11.7649453285698));
#438487=CARTESIAN_POINT('Ctrl Pts',(114.4989818209,-96.8128770017958,11.8635454053914));
#438488=CARTESIAN_POINT('Ctrl Pts',(115.740122168786,-98.8448346397255,
12.0215522480818));
#438489=CARTESIAN_POINT('Ctrl Pts',(117.960754360374,-99.7923968636125,
12.056266470343));
#438490=CARTESIAN_POINT('Ctrl Pts',(119.259723628723,-99.8560758566935,
12.0410511049195));
#438491=CARTESIAN_POINT('Ctrl Pts',(114.590634000719,-95.8054706865598,
11.3526367447441));
#438492=CARTESIAN_POINT('Ctrl Pts',(114.831357159847,-96.6904711229009,
11.4558925947755));
#438493=CARTESIAN_POINT('Ctrl Pts',(115.962638706142,-98.6005304704808,
11.6259764456195));
#438494=CARTESIAN_POINT('Ctrl Pts',(118.048982502484,-99.5015288783186,
11.6650907178598));
#438495=CARTESIAN_POINT('Ctrl Pts',(119.26823988712,-99.5584009575965,11.6482916124133));
#438496=CARTESIAN_POINT('Ctrl Pts',(114.676800466987,-95.8179735745059,
11.0325961151885));
#438497=CARTESIAN_POINT('Ctrl Pts',(114.912787895849,-96.6816267275078,
11.1450277278596));
#438498=CARTESIAN_POINT('Ctrl Pts',(116.019753374187,-98.5524185221192,
11.3338602490114));
#438499=CARTESIAN_POINT('Ctrl Pts',(118.069646223701,-99.4387674712886,
11.3787062744379));
#438500=CARTESIAN_POINT('Ctrl Pts',(119.267216764375,-99.4945786620374,
11.3597972548434));
#438501=CARTESIAN_POINT('Ctrl Pts',(114.681486503017,-95.834888639321,10.872344228409));
#438502=CARTESIAN_POINT('Ctrl Pts',(114.919505430048,-96.6940594934694,
10.9895219760219));
#438503=CARTESIAN_POINT('Ctrl Pts',(116.02655348192,-98.5555531943643,11.1878479868168));
#438504=CARTESIAN_POINT('Ctrl Pts',(118.070825619529,-99.4383358836721,
11.2353961090982));
#438505=CARTESIAN_POINT('Ctrl Pts',(119.265207499701,-99.4944842057818,
11.2154074447075));
#438506=CARTESIAN_POINT('',(119.210311249551,-100.929226308673,12.1153940556896));
#438507=CARTESIAN_POINT('',(119.265207499701,-99.4944842057817,11.2154074447075));
#438508=CARTESIAN_POINT('Origin',(119.218248999641,-100.493381046938,11.2154074447075));
#438509=CARTESIAN_POINT('Ctrl Pts',(119.265207499701,-99.4944842057818,
11.2154074447075));
#438510=CARTESIAN_POINT('Ctrl Pts',(118.070825619529,-99.4383358836721,
11.2353961090982));
#438511=CARTESIAN_POINT('Ctrl Pts',(116.02655348192,-98.5555531943643,11.1878479868168));
#438512=CARTESIAN_POINT('Ctrl Pts',(114.919505430048,-96.6940594934694,
10.9895219760219));
#438513=CARTESIAN_POINT('Ctrl Pts',(114.681486503017,-95.834888639321,10.872344228409));
#438514=CARTESIAN_POINT('Ctrl Pts',(113.084729754525,-96.1898329589817,
11.6414374930084));
#438515=CARTESIAN_POINT('Ctrl Pts',(113.441758145072,-97.3294469996458,
11.8049681217973));
#438516=CARTESIAN_POINT('Ctrl Pts',(114.992793070425,-99.7366294469559,
12.0793690229978));
#438517=CARTESIAN_POINT('Ctrl Pts',(117.653626567497,-100.845003825508,
12.1424515651535));
#438518=CARTESIAN_POINT('Ctrl Pts',(119.210311249551,-100.929226308673,
12.1153940556896));
#438519=CARTESIAN_POINT('Ctrl Pts',(119.210311249551,-100.929226308673,
12.1153940556896));
#438520=CARTESIAN_POINT('Ctrl Pts',(119.306745242586,-100.93474073191,12.1135740660558));
#438521=CARTESIAN_POINT('Ctrl Pts',(119.403372627122,-100.9375,12.1126620697843));
#438522=CARTESIAN_POINT('Ctrl Pts',(119.5,-100.9375,12.1126620697843));
#438523=CARTESIAN_POINT('Ctrl Pts',(119.219616450695,-100.756173542064,
12.1992820711292));
#438524=CARTESIAN_POINT('Ctrl Pts',(119.312955323205,-100.761522279337,
12.1977489245285));
#438525=CARTESIAN_POINT('Ctrl Pts',(119.406479085928,-100.764198095712,
12.1969792748484));
#438526=CARTESIAN_POINT('Ctrl Pts',(119.5,-100.764198095712,12.1969792748484));
#438527=CARTESIAN_POINT('Ctrl Pts',(119.239068903427,-100.361476902001,
12.2636447298402));
#438528=CARTESIAN_POINT('Ctrl Pts',(119.325935697494,-100.366302541997,
12.2626034775391));
#438529=CARTESIAN_POINT('Ctrl Pts',(119.412984784418,-100.368720632845,
12.2620801900296));
#438530=CARTESIAN_POINT('Ctrl Pts',(119.5,-100.368720632845,12.2620801900296));
#438531=CARTESIAN_POINT('Ctrl Pts',(119.265393800132,-99.7175186490965,
11.9805725428216));
#438532=CARTESIAN_POINT('Ctrl Pts',(119.343535873965,-99.7213312494647,
11.9797961810755));
#438533=CARTESIAN_POINT('Ctrl Pts',(119.421767274468,-99.7232375428634,
11.9794060976743));
#438534=CARTESIAN_POINT('Ctrl Pts',(119.5,-99.7232375428634,11.9794060976743));
#438535=CARTESIAN_POINT('Ctrl Pts',(119.26922602905,-99.494673118293,11.5041870649792));
#438536=CARTESIAN_POINT('Ctrl Pts',(119.346043248924,-99.4982131472692,
11.5030868759766));
#438537=CARTESIAN_POINT('Ctrl Pts',(119.423100577356,-99.5,11.5025312193831));
#438538=CARTESIAN_POINT('Ctrl Pts',(119.5,-99.5,11.5025312193831));
#438539=CARTESIAN_POINT('Ctrl Pts',(119.265207499701,-99.4944842057818,
11.2154074447075));
#438540=CARTESIAN_POINT('Ctrl Pts',(119.343409031493,-99.4981604879403,
11.2140986973129));
#438541=CARTESIAN_POINT('Ctrl Pts',(119.421704507899,-99.5,11.2134436591631));
#438542=CARTESIAN_POINT('Ctrl Pts',(119.5,-99.5,11.2134436591631));
#438543=CARTESIAN_POINT('',(119.5,-100.9375,12.1126620697843));
#438544=CARTESIAN_POINT('',(119.5,-99.5,11.2134436591631));
#438545=CARTESIAN_POINT('Origin',(119.5,-100.5,11.2134436591631));
#438546=CARTESIAN_POINT('Ctrl Pts',(119.5,-99.5,11.2134436591631));
#438547=CARTESIAN_POINT('Ctrl Pts',(119.421704507899,-99.5,11.2134436591631));
#438548=CARTESIAN_POINT('Ctrl Pts',(119.343409031493,-99.4981604879403,
11.2140986973129));
#438549=CARTESIAN_POINT('Ctrl Pts',(119.265207499701,-99.4944842057818,
11.2154074447075));
#438550=CARTESIAN_POINT('Ctrl Pts',(119.210311249551,-100.929226308673,
12.1153940556896));
#438551=CARTESIAN_POINT('Ctrl Pts',(119.306745242586,-100.93474073191,12.1135740660558));
#438552=CARTESIAN_POINT('Ctrl Pts',(119.403372627122,-100.9375,12.1126620697843));
#438553=CARTESIAN_POINT('Ctrl Pts',(119.5,-100.9375,12.1126620697843));
#438554=CARTESIAN_POINT('Origin',(149.,-100.5,11.2134436591631));
#438555=CARTESIAN_POINT('',(155.5,-100.9375,12.1126620697843));
#438556=CARTESIAN_POINT('',(155.5,-99.5,11.2134436591631));
#438557=CARTESIAN_POINT('Origin',(155.5,-100.5,11.2134436591631));
#438558=CARTESIAN_POINT('',(149.,-99.5,11.2134436591631));
#438559=CARTESIAN_POINT('',(149.,-100.9375,12.1126620697843));
#438560=CARTESIAN_POINT('Ctrl Pts',(155.5,-100.9375,12.1126620697843));
#438561=CARTESIAN_POINT('Ctrl Pts',(155.596627372878,-100.9375,12.1126620697843));
#438562=CARTESIAN_POINT('Ctrl Pts',(155.693254757414,-100.93474073191,12.1135740660558));
#438563=CARTESIAN_POINT('Ctrl Pts',(155.789688750449,-100.929226308673,
12.1153940556896));
#438564=CARTESIAN_POINT('Ctrl Pts',(155.5,-100.764198095712,12.1969792748484));
#438565=CARTESIAN_POINT('Ctrl Pts',(155.593520914072,-100.764198095712,
12.1969792748484));
#438566=CARTESIAN_POINT('Ctrl Pts',(155.687044676795,-100.761522279337,
12.1977489245285));
#438567=CARTESIAN_POINT('Ctrl Pts',(155.780383549305,-100.756173542064,
12.1992820711292));
#438568=CARTESIAN_POINT('Ctrl Pts',(155.5,-100.368724701677,12.2620769810775));
#438569=CARTESIAN_POINT('Ctrl Pts',(155.587015215582,-100.368724701677,
12.2620769810775));
#438570=CARTESIAN_POINT('Ctrl Pts',(155.674064537483,-100.366306592193,
12.2626002812716));
#438571=CARTESIAN_POINT('Ctrl Pts',(155.76093133155,-100.361480952197,12.2636415335727));
#438572=CARTESIAN_POINT('Ctrl Pts',(155.5,-99.7232456518831,11.979401339333));
#438573=CARTESIAN_POINT('Ctrl Pts',(155.578232725532,-99.7232456518831,
11.979401339333));
#438574=CARTESIAN_POINT('Ctrl Pts',(155.656464571477,-99.7213393192504,
11.97979144301));
#438575=CARTESIAN_POINT('Ctrl Pts',(155.73460664531,-99.7175267188821,11.9805678047561));
#438576=CARTESIAN_POINT('Ctrl Pts',(155.5,-99.5,11.5025312193831));
#438577=CARTESIAN_POINT('Ctrl Pts',(155.576899422644,-99.5,11.5025312193831));
#438578=CARTESIAN_POINT('Ctrl Pts',(155.653956751076,-99.4982131472691,
11.5030868759766));
#438579=CARTESIAN_POINT('Ctrl Pts',(155.73077397095,-99.494673118293,11.5041870649792));
#438580=CARTESIAN_POINT('Ctrl Pts',(155.5,-99.5,11.2134436591631));
#438581=CARTESIAN_POINT('Ctrl Pts',(155.578295492101,-99.5,11.2134436591631));
#438582=CARTESIAN_POINT('Ctrl Pts',(155.656590968507,-99.4981604879403,
11.2140986973129));
#438583=CARTESIAN_POINT('Ctrl Pts',(155.734792500299,-99.4944842057818,
11.2154074447075));
#438584=CARTESIAN_POINT('',(155.789688750449,-100.929226308673,12.1153940556896));
#438585=CARTESIAN_POINT('',(155.734792500299,-99.4944842057818,11.2154074447075));
#438586=CARTESIAN_POINT('Origin',(155.781751000359,-100.493381046938,11.2154074447075));
#438587=CARTESIAN_POINT('Ctrl Pts',(155.734792500299,-99.4944842057818,
11.2154074447075));
#438588=CARTESIAN_POINT('Ctrl Pts',(155.656590968507,-99.4981604879403,
11.2140986973129));
#438589=CARTESIAN_POINT('Ctrl Pts',(155.578295492101,-99.5,11.2134436591631));
#438590=CARTESIAN_POINT('Ctrl Pts',(155.5,-99.5,11.2134436591631));
#438591=CARTESIAN_POINT('Ctrl Pts',(155.5,-100.9375,12.1126620697843));
#438592=CARTESIAN_POINT('Ctrl Pts',(155.596627372878,-100.9375,12.1126620697843));
#438593=CARTESIAN_POINT('Ctrl Pts',(155.693254757414,-100.93474073191,12.1135740660558));
#438594=CARTESIAN_POINT('Ctrl Pts',(155.789688750449,-100.929226308673,
12.1153940556896));
#438595=CARTESIAN_POINT('Ctrl Pts',(155.789688750449,-100.929226308673,
12.1153940556896));
#438596=CARTESIAN_POINT('Ctrl Pts',(156.957196963743,-100.866059732954,
12.135687095696));
#438597=CARTESIAN_POINT('Ctrl Pts',(159.639911412072,-100.012476873699,
12.0992756814923));
#438598=CARTESIAN_POINT('Ctrl Pts',(161.439234551698,-97.7093114510232,
11.8594773419117));
#438599=CARTESIAN_POINT('Ctrl Pts',(161.915270245473,-96.1898329589872,
11.6414374930092));
#438600=CARTESIAN_POINT('Ctrl Pts',(155.780383549305,-100.756173542064,
12.1992820711292));
#438601=CARTESIAN_POINT('Ctrl Pts',(156.918340506496,-100.694617151385,
12.2170798803564));
#438602=CARTESIAN_POINT('Ctrl Pts',(159.532090064253,-99.862544472789,12.1852839364364));
#438603=CARTESIAN_POINT('Ctrl Pts',(161.289416082207,-97.6177792061119,
11.9739471850166));
#438604=CARTESIAN_POINT('Ctrl Pts',(161.75896217906,-96.1311448120714,11.7768099574482));
#438605=CARTESIAN_POINT('Ctrl Pts',(155.76087585364,-100.360418889518,12.2640394855403));
#438606=CARTESIAN_POINT('Ctrl Pts',(156.829016603512,-100.304153185634,
12.277483217827));
#438607=CARTESIAN_POINT('Ctrl Pts',(159.282926039357,-99.5188505710153,
12.2536152699006));
#438608=CARTESIAN_POINT('Ctrl Pts',(160.921189890015,-97.4022146027101,
12.0930838333082));
#438609=CARTESIAN_POINT('Ctrl Pts',(161.355753862611,-96.0012468074686,
11.9369089765912));
#438610=CARTESIAN_POINT('Ctrl Pts',(155.74027640641,-99.8560761911057,12.0410497129708));
#438611=CARTESIAN_POINT('Ctrl Pts',(156.714498936572,-99.8083171630292,
12.0524611852523));
#438612=CARTESIAN_POINT('Ctrl Pts',(158.956324681308,-99.0822344639061,
12.0319455923653));
#438613=CARTESIAN_POINT('Ctrl Pts',(160.409800752403,-97.130559427858,11.896409581935));
#438614=CARTESIAN_POINT('Ctrl Pts',(160.774675367455,-95.859813279437,11.7649434094438));
#438615=CARTESIAN_POINT('Ctrl Pts',(155.731760159899,-99.5584015115314,
11.6482901081606));
#438616=CARTESIAN_POINT('Ctrl Pts',(156.64619904858,-99.5157476456396,11.660889380069));
#438617=CARTESIAN_POINT('Ctrl Pts',(158.753816579707,-98.8276956866338,
11.6379858270444));
#438618=CARTESIAN_POINT('Ctrl Pts',(160.088403491147,-96.985466211326,11.4903085689116));
#438619=CARTESIAN_POINT('Ctrl Pts',(160.409366246764,-95.8054709844525,
11.3526347269784));
#438620=CARTESIAN_POINT('Ctrl Pts',(155.732783235625,-99.4945786620374,
11.3597972548434));
#438621=CARTESIAN_POINT('Ctrl Pts',(156.630957065146,-99.4527204589316,
11.3739789551816));
#438622=CARTESIAN_POINT('Ctrl Pts',(158.702111913518,-98.7761096754571,
11.3479004262764));
#438623=CARTESIAN_POINT('Ctrl Pts',(160.008551055761,-96.9695058860986,
11.1825042517884));
#438624=CARTESIAN_POINT('Ctrl Pts',(160.323199533012,-95.8179735745102,
11.032596115189));
#438625=CARTESIAN_POINT('Ctrl Pts',(155.734792500299,-99.4944842057818,
11.2154074447075));
#438626=CARTESIAN_POINT('Ctrl Pts',(156.630574845296,-99.4523731553029,
11.2303988749682));
#438627=CARTESIAN_POINT('Ctrl Pts',(158.696185732162,-98.77821353139,11.2028172960128));
#438628=CARTESIAN_POINT('Ctrl Pts',(160.001156367798,-96.9804445795637,
11.0285805162137));
#438629=CARTESIAN_POINT('Ctrl Pts',(160.318513496982,-95.8348886393253,
10.8723442284096));
#438630=CARTESIAN_POINT('',(161.915270245473,-96.1898329589845,11.6414374930095));
#438631=CARTESIAN_POINT('',(160.318513496982,-95.8348886393253,10.8723442284096));
#438632=CARTESIAN_POINT('Origin',(161.282216196379,-96.1018663671903,10.8723442284096));
#438633=CARTESIAN_POINT('Ctrl Pts',(160.318513496982,-95.8348886393253,
10.8723442284096));
#438634=CARTESIAN_POINT('Ctrl Pts',(160.001156367798,-96.9804445795637,
11.0285805162137));
#438635=CARTESIAN_POINT('Ctrl Pts',(158.696185732162,-98.77821353139,11.2028172960128));
#438636=CARTESIAN_POINT('Ctrl Pts',(156.630574845296,-99.4523731553029,
11.2303988749682));
#438637=CARTESIAN_POINT('Ctrl Pts',(155.734792500299,-99.4944842057818,
11.2154074447075));
#438638=CARTESIAN_POINT('Ctrl Pts',(155.789688750449,-100.929226308673,
12.1153940556896));
#438639=CARTESIAN_POINT('Ctrl Pts',(156.957196963743,-100.866059732954,
12.135687095696));
#438640=CARTESIAN_POINT('Ctrl Pts',(159.639911412072,-100.012476873699,
12.0992756814923));
#438641=CARTESIAN_POINT('Ctrl Pts',(161.439234551698,-97.7093114510232,
11.8594773419117));
#438642=CARTESIAN_POINT('Ctrl Pts',(161.915270245473,-96.1898329589872,
11.6414374930092));
#438643=CARTESIAN_POINT('Ctrl Pts',(161.915270245475,-96.1898329589815,
11.6414374930084));
#438644=CARTESIAN_POINT('Ctrl Pts',(162.094952591694,-95.6509832415096,
11.5551698493525));
#438645=CARTESIAN_POINT('Ctrl Pts',(162.1875,-95.0755375253273,11.5071733882705));
#438646=CARTESIAN_POINT('Ctrl Pts',(162.1875,-94.5,11.5071733882705));
#438647=CARTESIAN_POINT('Ctrl Pts',(161.758962179062,-96.1311448120659,
11.7768099574475));
#438648=CARTESIAN_POINT('Ctrl Pts',(161.935495863062,-95.6101473211609,
11.7017531335138));
#438649=CARTESIAN_POINT('Ctrl Pts',(162.026436655818,-95.0551498834499,
11.6596567693088));
#438650=CARTESIAN_POINT('Ctrl Pts',(162.026436655818,-94.5,11.6596567693088));
#438651=CARTESIAN_POINT('Ctrl Pts',(161.355703960945,-96.0012567909152,
11.936699499627));
#438652=CARTESIAN_POINT('Ctrl Pts',(161.516530561668,-95.5183578864544,
11.8831172454031));
#438653=CARTESIAN_POINT('Ctrl Pts',(161.599252823124,-95.0090058684146,
11.8528249002759));
#438654=CARTESIAN_POINT('Ctrl Pts',(161.599252823124,-94.5,11.8528249002759));
#438655=CARTESIAN_POINT('Ctrl Pts',(160.77473758596,-95.8598321188458,11.7649293068304));
#438656=CARTESIAN_POINT('Ctrl Pts',(160.90681195756,-95.417494672648,11.7229148860046));
#438657=CARTESIAN_POINT('Ctrl Pts',(160.973750362323,-94.9584982169321,
11.6994861087066));
#438658=CARTESIAN_POINT('Ctrl Pts',(160.973750362323,-94.5,11.6994861087066));
#438659=CARTESIAN_POINT('Ctrl Pts',(160.409452804263,-95.8055013112565,
11.3525788775974));
#438660=CARTESIAN_POINT('Ctrl Pts',(160.526064409384,-95.3796840112302,
11.3053877895413));
#438661=CARTESIAN_POINT('Ctrl Pts',(160.585065482476,-94.9396958518763,
11.2794242067895));
#438662=CARTESIAN_POINT('Ctrl Pts',(160.585065482476,-94.5,11.2794242067895));
#438663=CARTESIAN_POINT('Ctrl Pts',(160.323199533013,-95.8179735745059,
11.0325961151885));
#438664=CARTESIAN_POINT('Ctrl Pts',(160.44017574259,-95.3897889245791,10.9776046026949));
#438665=CARTESIAN_POINT('Ctrl Pts',(160.5,-94.9448766311994,10.9473345174439));
#438666=CARTESIAN_POINT('Ctrl Pts',(160.5,-94.5,10.9473345174439));
#438667=CARTESIAN_POINT('Ctrl Pts',(160.318513496983,-95.834888639321,10.872344228409));
#438668=CARTESIAN_POINT('Ctrl Pts',(160.438301727796,-95.4024921157845,
10.8133719640928));
#438669=CARTESIAN_POINT('Ctrl Pts',(160.5,-94.9513657748083,10.7809890108566));
#438670=CARTESIAN_POINT('Ctrl Pts',(160.5,-94.5,10.7809890108566));
#438671=CARTESIAN_POINT('',(162.1875,-94.5,11.5071733882705));
#438672=CARTESIAN_POINT('',(160.5,-94.5,10.7809890108566));
#438673=CARTESIAN_POINT('Origin',(161.5,-94.5,10.7809890108566));
#438674=CARTESIAN_POINT('Ctrl Pts',(160.5,-94.5,10.7809890108566));
#438675=CARTESIAN_POINT('Ctrl Pts',(160.5,-94.9513657748083,10.7809890108566));
#438676=CARTESIAN_POINT('Ctrl Pts',(160.438301727796,-95.4024921157845,
10.8133719640928));
#438677=CARTESIAN_POINT('Ctrl Pts',(160.318513496983,-95.834888639321,10.872344228409));
#438678=CARTESIAN_POINT('Ctrl Pts',(161.915270245475,-96.1898329589815,
11.6414374930084));
#438679=CARTESIAN_POINT('Ctrl Pts',(162.094952591694,-95.6509832415096,
11.5551698493525));
#438680=CARTESIAN_POINT('Ctrl Pts',(162.1875,-95.0755375253273,11.5071733882705));
#438681=CARTESIAN_POINT('Ctrl Pts',(162.1875,-94.5,11.5071733882705));
#438682=CARTESIAN_POINT('Origin',(161.5,-73.,10.7809890108566));
#438683=CARTESIAN_POINT('',(162.1875,-0.499999999999991,11.5071733882705));
#438684=CARTESIAN_POINT('',(160.5,-0.499999999999993,10.7809890108566));
#438685=CARTESIAN_POINT('Origin',(161.5,-0.499999999999989,10.7809890108566));
#438686=CARTESIAN_POINT('',(160.5,-73.,10.7809890108566));
#438687=CARTESIAN_POINT('',(162.1875,-73.,11.5071733882705));
#438688=CARTESIAN_POINT('Ctrl Pts',(162.1875,-0.499999999999989,11.5071733882705));
#438689=CARTESIAN_POINT('Ctrl Pts',(162.1875,0.0755375261400194,11.5071733882705));
#438690=CARTESIAN_POINT('Ctrl Pts',(162.094952591948,0.65098324074892,11.5551698492308));
#438691=CARTESIAN_POINT('Ctrl Pts',(161.915270245475,1.18983295898169,11.6414374930084));
#438692=CARTESIAN_POINT('Ctrl Pts',(162.026436655818,-0.499999999999989,
11.6596567693088));
#438693=CARTESIAN_POINT('Ctrl Pts',(162.026436655818,0.0551498842337896,
11.6596567693088));
#438694=CARTESIAN_POINT('Ctrl Pts',(161.935495863312,0.610147320425285,
11.7017531334078));
#438695=CARTESIAN_POINT('Ctrl Pts',(161.758962179062,1.13114481206602,11.7768099574475));
#438696=CARTESIAN_POINT('Ctrl Pts',(161.599255624674,-0.499999999999989,
11.8528373501557));
#438697=CARTESIAN_POINT('Ctrl Pts',(161.599255624674,0.00900586913314287,
11.8528373501557));
#438698=CARTESIAN_POINT('Ctrl Pts',(161.51653255324,0.518357148320383,11.8831285878411));
#438699=CARTESIAN_POINT('Ctrl Pts',(161.35570595229,1.00125605346328,11.9367108421407));
#438700=CARTESIAN_POINT('Ctrl Pts',(160.973748814576,-0.499999999999989,
11.6994926589206));
#438701=CARTESIAN_POINT('Ctrl Pts',(160.973748814576,-0.0415017824207752,
11.6994926589206));
#438702=CARTESIAN_POINT('Ctrl Pts',(160.906810473181,0.417493590001847,
11.7229207876089));
#438703=CARTESIAN_POINT('Ctrl Pts',(160.774736101394,0.859831036824714,
11.7649352084941));
#438704=CARTESIAN_POINT('Ctrl Pts',(160.585061993348,-0.499999999999989,
11.2794316878088));
#438705=CARTESIAN_POINT('Ctrl Pts',(160.585061993348,-0.0603041475031719,
11.2794316878088));
#438706=CARTESIAN_POINT('Ctrl Pts',(160.526061247012,0.379682365762387,
11.3053945533242));
#438707=CARTESIAN_POINT('Ctrl Pts',(160.409449641725,0.805499666390538,
11.3525856414471));
#438708=CARTESIAN_POINT('Ctrl Pts',(160.5,-0.499999999999989,10.9473345174439));
#438709=CARTESIAN_POINT('Ctrl Pts',(160.5,-0.0551233681726038,10.9473345174439));
#438710=CARTESIAN_POINT('Ctrl Pts',(160.440175742755,0.389788923974174,
10.9776046026172));
#438711=CARTESIAN_POINT('Ctrl Pts',(160.323199533013,0.817973574506011,
11.0325961151885));
#438712=CARTESIAN_POINT('Ctrl Pts',(160.5,-0.499999999999989,10.7809890108566));
#438713=CARTESIAN_POINT('Ctrl Pts',(160.5,-0.0486342245544802,10.7809890108566));
#438714=CARTESIAN_POINT('Ctrl Pts',(160.438301727965,0.402492115173666,
10.8133719640095));
#438715=CARTESIAN_POINT('Ctrl Pts',(160.318513496983,0.834888639321144,
10.872344228409));
#438716=CARTESIAN_POINT('',(161.915270245475,1.18983295898163,11.6414374930084));
#438717=CARTESIAN_POINT('',(160.318513496983,0.834888639321145,10.872344228409));
#438718=CARTESIAN_POINT('Origin',(161.28221619638,1.10186636718537,10.872344228409));
#438719=CARTESIAN_POINT('Ctrl Pts',(160.318513496983,0.834888639321144,
10.872344228409));
#438720=CARTESIAN_POINT('Ctrl Pts',(160.438301727965,0.402492115173666,
10.8133719640095));
#438721=CARTESIAN_POINT('Ctrl Pts',(160.5,-0.0486342245544802,10.7809890108566));
#438722=CARTESIAN_POINT('Ctrl Pts',(160.5,-0.499999999999989,10.7809890108566));
#438723=CARTESIAN_POINT('Ctrl Pts',(162.1875,-0.499999999999989,11.5071733882705));
#438724=CARTESIAN_POINT('Ctrl Pts',(162.1875,0.0755375261400194,11.5071733882705));
#438725=CARTESIAN_POINT('Ctrl Pts',(162.094952591948,0.65098324074892,11.5551698492308));
#438726=CARTESIAN_POINT('Ctrl Pts',(161.915270245475,1.18983295898169,11.6414374930084));
#438727=CARTESIAN_POINT('Ctrl Pts',(161.915270245475,1.18983295898167,11.6414374930084));
#438728=CARTESIAN_POINT('Ctrl Pts',(161.439232669361,2.70931745933784,11.859478204084));
#438729=CARTESIAN_POINT('Ctrl Pts',(159.639768858348,5.01265448429015,12.0992822326014));
#438730=CARTESIAN_POINT('Ctrl Pts',(156.957201580316,5.86605948317812,12.1356871759387));
#438731=CARTESIAN_POINT('Ctrl Pts',(155.789688750462,5.9292263086719,12.1153940556898));
#438732=CARTESIAN_POINT('Ctrl Pts',(161.758962179062,1.13114481206599,11.7768099574475));
#438733=CARTESIAN_POINT('Ctrl Pts',(161.289414225531,2.61778508455464,11.9739479645358));
#438734=CARTESIAN_POINT('Ctrl Pts',(159.531951818859,4.86271468307242,12.1852889130218));
#438735=CARTESIAN_POINT('Ctrl Pts',(156.918345006217,5.69461690797617,12.2170799507324));
#438736=CARTESIAN_POINT('Ctrl Pts',(155.780383549318,5.75617354206366,12.1992820711294));
#438737=CARTESIAN_POINT('Ctrl Pts',(161.355757869476,1.00124686807327,11.9369182101031));
#438738=CARTESIAN_POINT('Ctrl Pts',(160.921192178529,2.4022202030203,12.0930936843665));
#438739=CARTESIAN_POINT('Ctrl Pts',(159.282798005518,4.51901285926193,12.2536242039005));
#438740=CARTESIAN_POINT('Ctrl Pts',(156.829020769953,5.30415380476733,12.2774902102028));
#438741=CARTESIAN_POINT('Ctrl Pts',(155.76087579644,5.36041973113924,12.2640464247572));
#438742=CARTESIAN_POINT('Ctrl Pts',(160.774675397822,0.859812605668788,
11.7649494116629));
#438743=CARTESIAN_POINT('Ctrl Pts',(160.409799339984,2.13056377887314,11.8964161039975));
#438744=CARTESIAN_POINT('Ctrl Pts',(158.956215726922,4.08238597072823,12.0319533956977));
#438745=CARTESIAN_POINT('Ctrl Pts',(156.714502678576,4.80831591922416,12.0524655815369));
#438746=CARTESIAN_POINT('Ctrl Pts',(155.740276296145,4.85607513615127,12.0410540641324));
#438747=CARTESIAN_POINT('Ctrl Pts',(160.409365438206,0.80547004642405,11.3526410094402));
#438748=CARTESIAN_POINT('Ctrl Pts',(160.08840141344,1.98546993923361,11.4903153957633));
#438749=CARTESIAN_POINT('Ctrl Pts',(158.753719648789,3.82784222912871,11.6379924952782));
#438750=CARTESIAN_POINT('Ctrl Pts',(156.646202516823,4.51574572620487,11.6608941146883));
#438751=CARTESIAN_POINT('Ctrl Pts',(155.731760012269,4.55839976076037,11.6482947929601));
#438752=CARTESIAN_POINT('Ctrl Pts',(160.323199533013,0.817973574505992,
11.0325961151885));
#438753=CARTESIAN_POINT('Ctrl Pts',(160.008549811581,1.96951043948253,11.1825048445546));
#438754=CARTESIAN_POINT('Ctrl Pts',(158.7020199197,3.77625612983762,11.3479071218399));
#438755=CARTESIAN_POINT('Ctrl Pts',(156.630960616714,4.45272029341369,11.3739790112588));
#438756=CARTESIAN_POINT('Ctrl Pts',(155.732783235635,4.49457866203687,11.3597972548435));
#438757=CARTESIAN_POINT('Ctrl Pts',(160.318513496983,0.834888639321124,
10.872344228409));
#438758=CARTESIAN_POINT('Ctrl Pts',(160.001155112907,1.98044910931588,11.0285811340026));
#438759=CARTESIAN_POINT('Ctrl Pts',(158.6960934902,3.77835874289804,11.2028223099741));
#438760=CARTESIAN_POINT('Ctrl Pts',(156.630578387407,4.45237298878509,11.2303989342473));
#438761=CARTESIAN_POINT('Ctrl Pts',(155.734792500309,4.49448420578127,11.2154074447077));
#438762=CARTESIAN_POINT('',(155.789688750462,5.9292263086719,12.1153940556898));
#438763=CARTESIAN_POINT('',(155.734792500309,4.49448420578126,11.2154074447077));
#438764=CARTESIAN_POINT('Origin',(155.781751000371,5.49338104693752,11.2154074447077));
#438765=CARTESIAN_POINT('Ctrl Pts',(155.734792500309,4.49448420578127,11.2154074447077));
#438766=CARTESIAN_POINT('Ctrl Pts',(156.630578387407,4.45237298878509,11.2303989342473));
#438767=CARTESIAN_POINT('Ctrl Pts',(158.6960934902,3.77835874289804,11.2028223099741));
#438768=CARTESIAN_POINT('Ctrl Pts',(160.001155112907,1.98044910931588,11.0285811340026));
#438769=CARTESIAN_POINT('Ctrl Pts',(160.318513496983,0.834888639321124,
10.872344228409));
#438770=CARTESIAN_POINT('Ctrl Pts',(161.915270245475,1.18983295898167,11.6414374930084));
#438771=CARTESIAN_POINT('Ctrl Pts',(161.439232669361,2.70931745933784,11.859478204084));
#438772=CARTESIAN_POINT('Ctrl Pts',(159.639768858348,5.01265448429015,12.0992822326014));
#438773=CARTESIAN_POINT('Ctrl Pts',(156.957201580316,5.86605948317812,12.1356871759387));
#438774=CARTESIAN_POINT('Ctrl Pts',(155.789688750462,5.9292263086719,12.1153940556898));
#438775=CARTESIAN_POINT('Ctrl Pts',(155.789688750458,5.92922630867208,12.1153940556898));
#438776=CARTESIAN_POINT('Ctrl Pts',(155.69325475742,5.93474073191024,12.1135740660559));
#438777=CARTESIAN_POINT('Ctrl Pts',(155.596627372881,5.93750000000001,12.1126620697843));
#438778=CARTESIAN_POINT('Ctrl Pts',(155.5,5.93750000000001,12.1126620697843));
#438779=CARTESIAN_POINT('Ctrl Pts',(155.780383549314,5.75617354206384,12.1992820711293));
#438780=CARTESIAN_POINT('Ctrl Pts',(155.687044676801,5.76152227933646,12.1977489245286));
#438781=CARTESIAN_POINT('Ctrl Pts',(155.593520914075,5.76419809571244,12.1969792748484));
#438782=CARTESIAN_POINT('Ctrl Pts',(155.5,5.76419809571244,12.1969792748484));
#438783=CARTESIAN_POINT('Ctrl Pts',(155.7609305299,5.36146714381132,12.2636524698853));
#438784=CARTESIAN_POINT('Ctrl Pts',(155.67406373583,5.36629278380754,12.2626112175841));
#438785=CARTESIAN_POINT('Ctrl Pts',(155.587015215585,5.36871082980633,12.2620879607561));
#438786=CARTESIAN_POINT('Ctrl Pts',(155.5,5.36871082980633,12.2620879607561));
#438787=CARTESIAN_POINT('Ctrl Pts',(155.734605113889,4.71749896750544,11.9805840690049));
#438788=CARTESIAN_POINT('Ctrl Pts',(155.656463040053,4.72131156787395,11.9798077072587));
#438789=CARTESIAN_POINT('Ctrl Pts',(155.578232725534,4.72321776554584,11.9794176732179));
#438790=CARTESIAN_POINT('Ctrl Pts',(155.5,4.72321776554584,11.9794176732179));
#438791=CARTESIAN_POINT('Ctrl Pts',(155.730773970957,4.49467311829261,11.5041870649793));
#438792=CARTESIAN_POINT('Ctrl Pts',(155.653956751081,4.49821314726901,11.5030868759767));
#438793=CARTESIAN_POINT('Ctrl Pts',(155.576899422646,4.50000000000001,11.5025312193831));
#438794=CARTESIAN_POINT('Ctrl Pts',(155.5,4.50000000000001,11.5025312193831));
#438795=CARTESIAN_POINT('Ctrl Pts',(155.734792500307,4.49448420578139,11.2154074447076));
#438796=CARTESIAN_POINT('Ctrl Pts',(155.656590968512,4.49816048794016,11.2140986973129));
#438797=CARTESIAN_POINT('Ctrl Pts',(155.578295492104,4.50000000000001,11.2134436591631));
#438798=CARTESIAN_POINT('Ctrl Pts',(155.5,4.50000000000001,11.2134436591631));
#438799=CARTESIAN_POINT('',(155.5,5.93750000000001,12.1126620697843));
#438800=CARTESIAN_POINT('',(155.5,4.50000000000001,11.2134436591631));
#438801=CARTESIAN_POINT('Origin',(155.5,5.50000000000001,11.2134436591631));
#438802=CARTESIAN_POINT('Ctrl Pts',(155.5,4.50000000000001,11.2134436591631));
#438803=CARTESIAN_POINT('Ctrl Pts',(155.578295492104,4.50000000000001,11.2134436591631));
#438804=CARTESIAN_POINT('Ctrl Pts',(155.656590968512,4.49816048794016,11.2140986973129));
#438805=CARTESIAN_POINT('Ctrl Pts',(155.734792500307,4.49448420578139,11.2154074447076));
#438806=CARTESIAN_POINT('Ctrl Pts',(155.789688750458,5.92922630867208,12.1153940556898));
#438807=CARTESIAN_POINT('Ctrl Pts',(155.69325475742,5.93474073191024,12.1135740660559));
#438808=CARTESIAN_POINT('Ctrl Pts',(155.596627372881,5.93750000000001,12.1126620697843));
#438809=CARTESIAN_POINT('Ctrl Pts',(155.5,5.93750000000001,12.1126620697843));
#438810=CARTESIAN_POINT('Origin',(126.,5.50000000000001,11.2134436591631));
#438811=CARTESIAN_POINT('',(119.5,5.93750000000001,12.1126620697843));
#438812=CARTESIAN_POINT('',(119.5,4.50000000000001,11.2134436591631));
#438813=CARTESIAN_POINT('Origin',(119.5,5.50000000000001,11.2134436591631));
#438814=CARTESIAN_POINT('',(126.,4.50000000000001,11.2134436591631));
#438815=CARTESIAN_POINT('',(126.,5.93750000000001,12.1126620697843));
#438816=CARTESIAN_POINT('Ctrl Pts',(119.5,5.93750000000001,12.1126620697843));
#438817=CARTESIAN_POINT('Ctrl Pts',(119.403372626438,5.93750000000001,12.1126620697843));
#438818=CARTESIAN_POINT('Ctrl Pts',(119.306745241218,5.93474073187134,12.1135740660688));
#438819=CARTESIAN_POINT('Ctrl Pts',(119.210311247503,5.9292263085555,12.1153940557283));
#438820=CARTESIAN_POINT('Ctrl Pts',(119.5,5.76419809571245,12.1969792748484));
#438821=CARTESIAN_POINT('Ctrl Pts',(119.406479085266,5.76419809571245,12.1969792748484));
#438822=CARTESIAN_POINT('Ctrl Pts',(119.312955321881,5.76152227929874,12.1977489245395));
#438823=CARTESIAN_POINT('Ctrl Pts',(119.219616448712,5.75617354195077,12.1992820711618));
#438824=CARTESIAN_POINT('Ctrl Pts',(119.5,5.36870113642001,12.2620957031762));
#438825=CARTESIAN_POINT('Ctrl Pts',(119.412984783801,5.36870113642001,12.2620957031762));
#438826=CARTESIAN_POINT('Ctrl Pts',(119.325936824104,5.36628313465973,12.2626189294941));
#438827=CARTESIAN_POINT('Ctrl Pts',(119.239070029424,5.36145749459553,12.2636601818099));
#438828=CARTESIAN_POINT('Ctrl Pts',(119.5,4.72319785200688,11.9794292848269));
#438829=CARTESIAN_POINT('Ctrl Pts',(119.421767273914,4.72319785200688,11.9794292848269));
#438830=CARTESIAN_POINT('Ctrl Pts',(119.343538051701,4.72129175075021,11.9798192693063));
#438831=CARTESIAN_POINT('Ctrl Pts',(119.265395977316,4.71747915032799,11.9805956310634));
#438832=CARTESIAN_POINT('Ctrl Pts',(119.5,4.50000000000001,11.5025312193831));
#438833=CARTESIAN_POINT('Ctrl Pts',(119.423100576812,4.50000000000001,11.5025312193831));
#438834=CARTESIAN_POINT('Ctrl Pts',(119.346043247834,4.49821314724382,11.5030868759845));
#438835=CARTESIAN_POINT('Ctrl Pts',(119.269226027418,4.49467311821754,11.5041870650026));
#438836=CARTESIAN_POINT('Ctrl Pts',(119.5,4.50000000000001,11.2134436591631));
#438837=CARTESIAN_POINT('Ctrl Pts',(119.421704507345,4.50000000000001,11.2134436591631));
#438838=CARTESIAN_POINT('Ctrl Pts',(119.343409030385,4.49816048791423,11.2140986973222));
#438839=CARTESIAN_POINT('Ctrl Pts',(119.26520749804,4.49448420570367,11.2154074447353));
#438840=CARTESIAN_POINT('',(119.210311247058,5.9292263085555,12.1153940557243));
#438841=CARTESIAN_POINT('',(119.26520749804,4.49448420570367,11.2154074447353));
#438842=CARTESIAN_POINT('Origin',(119.218248997648,5.4933810468444,11.2154074447353));
#438843=CARTESIAN_POINT('Ctrl Pts',(119.26520749804,4.49448420570367,11.2154074447353));
#438844=CARTESIAN_POINT('Ctrl Pts',(119.343409030385,4.49816048791423,11.2140986973222));
#438845=CARTESIAN_POINT('Ctrl Pts',(119.421704507345,4.50000000000001,11.2134436591631));
#438846=CARTESIAN_POINT('Ctrl Pts',(119.5,4.50000000000001,11.2134436591631));
#438847=CARTESIAN_POINT('Ctrl Pts',(119.5,5.93750000000001,12.1126620697843));
#438848=CARTESIAN_POINT('Ctrl Pts',(119.403372626438,5.93750000000001,12.1126620697843));
#438849=CARTESIAN_POINT('Ctrl Pts',(119.306745241218,5.93474073187134,12.1135740660688));
#438850=CARTESIAN_POINT('Ctrl Pts',(119.210311247503,5.9292263085555,12.1153940557283));
#438851=CARTESIAN_POINT('Ctrl Pts',(119.210311247059,5.92922630853779,12.1153940557329));
#438852=CARTESIAN_POINT('Ctrl Pts',(118.042802375973,5.86605969680293,12.1356871071213));
#438853=CARTESIAN_POINT('Ctrl Pts',(115.360039830941,5.01257550610587,12.0992684096537));
#438854=CARTESIAN_POINT('Ctrl Pts',(113.560765716516,2.70931230714917,11.859477464763));
#438855=CARTESIAN_POINT('Ctrl Pts',(113.084729754525,1.1898329589817,11.6414374930084));
#438856=CARTESIAN_POINT('Ctrl Pts',(119.219616448266,5.75617354193299,12.1992820711672));
#438857=CARTESIAN_POINT('Ctrl Pts',(118.081658849934,5.69461711615545,12.2170798903768));
#438858=CARTESIAN_POINT('Ctrl Pts',(115.467861028325,4.86263541876484,12.1852761644077));
#438859=CARTESIAN_POINT('Ctrl Pts',(113.71058418235,2.61778004373244,11.9739472960906));
#438860=CARTESIAN_POINT('Ctrl Pts',(113.241037820938,1.13114481206602,11.7768099574475));
#438861=CARTESIAN_POINT('Ctrl Pts',(119.239124241471,5.36042043417839,12.264051675993));
#438862=CARTESIAN_POINT('Ctrl Pts',(118.170982889793,5.30415469819859,12.2774954158198));
#438863=CARTESIAN_POINT('Ctrl Pts',(115.717025774783,4.51893936799643,12.2536183694672));
#438864=CARTESIAN_POINT('Ctrl Pts',(114.078803213255,2.40221552762422,12.0931001362628));
#438865=CARTESIAN_POINT('Ctrl Pts',(113.64423899581,1.0012469430245,11.9369251915509));
#438866=CARTESIAN_POINT('Ctrl Pts',(119.259723785541,4.85607432410182,12.0410573327428));
#438867=CARTESIAN_POINT('Ctrl Pts',(118.285500706486,4.80831526874816,12.0524688114247));
#438868=CARTESIAN_POINT('Ctrl Pts',(116.043619751571,4.08231906986966,12.0319486546685));
#438869=CARTESIAN_POINT('Ctrl Pts',(114.590199432305,2.13055895427167,11.8964201734727));
#438870=CARTESIAN_POINT('Ctrl Pts',(114.22532461167,0.85981208986412,11.7649539269085));
#438871=CARTESIAN_POINT('Ctrl Pts',(119.268240098022,4.55839840679533,11.6482982768241));
#438872=CARTESIAN_POINT('Ctrl Pts',(118.353800694129,4.51574451651985,11.6608975557992));
#438873=CARTESIAN_POINT('Ctrl Pts',(116.246123392942,3.8277813367569,11.6379857503414));
#438874=CARTESIAN_POINT('Ctrl Pts',(114.911598176134,1.98546521974944,11.4903195975596));
#438875=CARTESIAN_POINT('Ctrl Pts',(114.590635239675,0.805469328021938,
11.3526456780556));
#438876=CARTESIAN_POINT('Ctrl Pts',(119.267216762458,4.49457866194799,11.3597972548736));
#438877=CARTESIAN_POINT('Ctrl Pts',(118.369042426888,4.45272043491303,11.3739789631661));
#438878=CARTESIAN_POINT('Ctrl Pts',(116.297823584055,3.77619834470459,11.3478991705725));
#438879=CARTESIAN_POINT('Ctrl Pts',(114.991449121521,1.96950653491147,11.1825043362519));
#438880=CARTESIAN_POINT('Ctrl Pts',(114.676800466987,0.817973574506012,
11.0325961151885));
#438881=CARTESIAN_POINT('Ctrl Pts',(119.265207497789,4.49448420569186,11.2154074447395));
#438882=CARTESIAN_POINT('Ctrl Pts',(118.369424648091,4.45237313114308,11.2303988834087));
#438883=CARTESIAN_POINT('Ctrl Pts',(116.303750676538,3.77830075914778,11.2028123034509));
#438884=CARTESIAN_POINT('Ctrl Pts',(114.99884381101,1.98044522500929,11.0285806042427));
#438885=CARTESIAN_POINT('Ctrl Pts',(114.681486503017,0.834888639321141,
10.872344228409));
#438886=CARTESIAN_POINT('Ctrl Pts',(114.681486503017,0.834888639321141,
10.872344228409));
#438887=CARTESIAN_POINT('Ctrl Pts',(114.99884381101,1.98044522500929,11.0285806042427));
#438888=CARTESIAN_POINT('Ctrl Pts',(116.303750676538,3.77830075914778,11.2028123034509));
#438889=CARTESIAN_POINT('Ctrl Pts',(118.369424648091,4.45237313114308,11.2303988834087));
#438890=CARTESIAN_POINT('Ctrl Pts',(119.265207497789,4.49448420569186,11.2154074447395));
#438891=CARTESIAN_POINT('Ctrl Pts',(119.210311247059,5.92922630853779,12.1153940557329));
#438892=CARTESIAN_POINT('Ctrl Pts',(118.042802375973,5.86605969680293,12.1356871071213));
#438893=CARTESIAN_POINT('Ctrl Pts',(115.360039830941,5.01257550610587,12.0992684096537));
#438894=CARTESIAN_POINT('Ctrl Pts',(113.560765716516,2.70931230714917,11.859477464763));
#438895=CARTESIAN_POINT('Ctrl Pts',(113.084729754525,1.1898329589817,11.6414374930084));
#438896=CARTESIAN_POINT('Ctrl Pts',(161.389711600998,-96.2325445940731,
12.0148659753232));
#438897=CARTESIAN_POINT('Ctrl Pts',(161.142227557799,-97.3612853987816,
12.0406117527092));
#438898=CARTESIAN_POINT('Ctrl Pts',(160.190748525437,-99.07004091045,12.0884096909905));
#438899=CARTESIAN_POINT('Ctrl Pts',(158.004151732266,-100.555022068756,
12.1279400048319));
#438900=CARTESIAN_POINT('Ctrl Pts',(156.526870435357,-100.886660386167,
12.1293331574976));
#438901=CARTESIAN_POINT('Ctrl Pts',(155.789770120531,-100.910070573835,
12.124619841801));
#438902=CARTESIAN_POINT('Ctrl Pts',(162.21037548796,-96.1745727357126,11.5080171263353));
#438903=CARTESIAN_POINT('Ctrl Pts',(162.019473546744,-97.5041289349142,
11.5426255174675));
#438904=CARTESIAN_POINT('Ctrl Pts',(161.019644546647,-99.5986675666474,
11.6098024712548));
#438905=CARTESIAN_POINT('Ctrl Pts',(158.447080843254,-101.456458063831,
11.6674670388522));
#438906=CARTESIAN_POINT('Ctrl Pts',(156.67019538515,-101.857907685385,11.6690369602285));
#438907=CARTESIAN_POINT('Ctrl Pts',(155.785691183099,-101.875558943221,
11.6621476003518));
#438908=CARTESIAN_POINT('Ctrl Pts',(163.377135419764,-96.0245856635149,
10.1966778479953));
#438909=CARTESIAN_POINT('Ctrl Pts',(163.291341657243,-97.6537809996319,
10.2072074272268));
#438910=CARTESIAN_POINT('Ctrl Pts',(162.242492797471,-100.343746549911,
10.2509158287));
#438911=CARTESIAN_POINT('Ctrl Pts',(159.103756163779,-102.774938115704,
10.2963410800604));
#438912=CARTESIAN_POINT('Ctrl Pts',(156.877800935068,-103.283960301829,
10.2981102005304));
#438913=CARTESIAN_POINT('Ctrl Pts',(155.773612426493,-103.290713901004,
10.2926513200187));
#438914=CARTESIAN_POINT('Ctrl Pts',(163.75,-95.8323553863875,8.51600557944691));
#438915=CARTESIAN_POINT('Ctrl Pts',(163.731745195546,-97.5930722630096,
8.46562978002634));
#438916=CARTESIAN_POINT('Ctrl Pts',(162.680918016095,-100.542187485346,
8.42764729729404));
#438917=CARTESIAN_POINT('Ctrl Pts',(159.332618624617,-103.200614850839,
8.41736082465401));
#438918=CARTESIAN_POINT('Ctrl Pts',(156.942823973853,-103.748959347364,
8.41720921760976));
#438919=CARTESIAN_POINT('Ctrl Pts',(155.757081257231,-103.75,8.41833796528288));
#438920=CARTESIAN_POINT('Ctrl Pts',(163.75,-95.75,7.79597117001153));
#438921=CARTESIAN_POINT('Ctrl Pts',(163.75,-97.5312904022652,7.71956916542086));
#438922=CARTESIAN_POINT('Ctrl Pts',(162.703957266733,-100.518948550031,
7.64661310843571));
#438923=CARTESIAN_POINT('Ctrl Pts',(159.340838491657,-103.198583661006,
7.61254695624063));
#438924=CARTESIAN_POINT('Ctrl Pts',(156.941167326642,-103.75,7.61152128027154));
#438925=CARTESIAN_POINT('Ctrl Pts',(155.75,-103.75,7.61546100077903));
#438926=CARTESIAN_POINT('',(155.75,-103.75,7.61546100077903));
#438927=CARTESIAN_POINT('Origin',(155.75,-98.75,7.61546100077903));
#438928=CARTESIAN_POINT('',(163.75,-95.75,7.79597117001153));
#438929=CARTESIAN_POINT('Ctrl Pts',(155.75,-103.75,7.61546100077903));
#438930=CARTESIAN_POINT('Ctrl Pts',(156.941167326642,-103.75,7.61152128027154));
#438931=CARTESIAN_POINT('Ctrl Pts',(159.340838491657,-103.198583661006,
7.61254695624063));
#438932=CARTESIAN_POINT('Ctrl Pts',(162.703957266733,-100.518948550031,
7.64661310843571));
#438933=CARTESIAN_POINT('Ctrl Pts',(163.75,-97.5312904022652,7.71956916542086));
#438934=CARTESIAN_POINT('Ctrl Pts',(163.75,-95.75,7.79597117001153));
#438935=CARTESIAN_POINT('Origin',(158.75,-95.75,7.79597117001153));
#438936=CARTESIAN_POINT('Ctrl Pts',(155.789688750449,-100.929226308673,
12.1153940556896));
#438937=CARTESIAN_POINT('Ctrl Pts',(155.693426105029,-100.933337997849,
12.11425187045));
#438938=CARTESIAN_POINT('Ctrl Pts',(155.596716035457,-100.935408834779,
12.1136788907073));
#438939=CARTESIAN_POINT('Ctrl Pts',(155.5,-100.935408834779,12.1136788907073));
#438940=CARTESIAN_POINT('Ctrl Pts',(155.786614093633,-101.649127309168,
11.7667877205529));
#438941=CARTESIAN_POINT('Ctrl Pts',(155.691345996771,-101.652334332082,
11.7652599764464));
#438942=CARTESIAN_POINT('Ctrl Pts',(155.595679962078,-101.653947117009,
11.7644990166819));
#438943=CARTESIAN_POINT('Ctrl Pts',(155.5,-101.653947117009,11.7644990166819));
#438944=CARTESIAN_POINT('Ctrl Pts',(155.775818681597,-103.131078655732,
10.5427977759983));
#438945=CARTESIAN_POINT('Ctrl Pts',(155.684066935847,-103.132126183452,
10.5412370872079));
#438946=CARTESIAN_POINT('Ctrl Pts',(155.592034899564,-103.132648492762,
10.5404542732713));
#438947=CARTESIAN_POINT('Ctrl Pts',(155.5,-103.132648492762,10.5404542732713));
#438948=CARTESIAN_POINT('Ctrl Pts',(155.759405958448,-103.75,8.68191390885737));
#438949=CARTESIAN_POINT('Ctrl Pts',(155.673003996031,-103.74998630159,8.68180088271684));
#438950=CARTESIAN_POINT('Ctrl Pts',(155.586509677628,-103.75,8.68175552786973));
#438951=CARTESIAN_POINT('Ctrl Pts',(155.5,-103.75,8.68175552786973));
#438952=CARTESIAN_POINT('Ctrl Pts',(155.75,-103.75,7.61546100077903));
#438953=CARTESIAN_POINT('Ctrl Pts',(155.666669948958,-103.75,7.61619595962405));
#438954=CARTESIAN_POINT('Ctrl Pts',(155.583337254679,-103.75,7.61657001667859));
#438955=CARTESIAN_POINT('Ctrl Pts',(155.5,-103.75,7.61657001667859));
#438956=CARTESIAN_POINT('',(155.5,-103.75,7.61657001667859));
#438957=CARTESIAN_POINT('Origin',(155.5,-98.75,7.61657001667859));
#438958=CARTESIAN_POINT('Ctrl Pts',(155.5,-103.75,7.61657001667859));
#438959=CARTESIAN_POINT('Ctrl Pts',(155.583337254679,-103.75,7.61657001667859));
#438960=CARTESIAN_POINT('Ctrl Pts',(155.666669948958,-103.75,7.61619595962405));
#438961=CARTESIAN_POINT('Ctrl Pts',(155.75,-103.75,7.61546100077903));
#438962=CARTESIAN_POINT('Origin',(149.,-98.75,7.61657001667859));
#438963=CARTESIAN_POINT('',(119.5,-103.75,7.61657001667859));
#438964=CARTESIAN_POINT('Origin',(119.5,-98.75,7.61657001667859));
#438965=CARTESIAN_POINT('',(149.,-103.75,7.61657001667859));
#438966=CARTESIAN_POINT('Ctrl Pts',(119.5,-100.935408834779,12.1136788907073));
#438967=CARTESIAN_POINT('Ctrl Pts',(119.40328640956,-100.935408834779,12.1136788907073));
#438968=CARTESIAN_POINT('Ctrl Pts',(119.306575603189,-100.933338070812,
12.1142518501815));
#438969=CARTESIAN_POINT('Ctrl Pts',(119.210311249551,-100.929226308673,
12.1153940556896));
#438970=CARTESIAN_POINT('Ctrl Pts',(119.5,-101.653947117009,11.7644990166819));
#438971=CARTESIAN_POINT('Ctrl Pts',(119.404322456747,-101.653947117009,
11.7644990166819));
#438972=CARTESIAN_POINT('Ctrl Pts',(119.308655693797,-101.652334388991,
11.765259949336));
#438973=CARTESIAN_POINT('Ctrl Pts',(119.213385906367,-101.649127309168,
11.7667877205529));
#438974=CARTESIAN_POINT('Ctrl Pts',(119.5,-103.1326546675,10.5404586988183));
#438975=CARTESIAN_POINT('Ctrl Pts',(119.407967427112,-103.1326546675,10.5404586988183));
#438976=CARTESIAN_POINT('Ctrl Pts',(119.315934653062,-103.132132402994,
10.5412415108947));
#438977=CARTESIAN_POINT('Ctrl Pts',(119.224181279143,-103.131084856685,
10.5428022273801));
#438978=CARTESIAN_POINT('Ctrl Pts',(119.5,-103.75,8.68175552786973));
#438979=CARTESIAN_POINT('Ctrl Pts',(119.413492509369,-103.75,8.68175552786973));
#438980=CARTESIAN_POINT('Ctrl Pts',(119.326997537205,-103.749986301347,
8.68180088071115));
#438981=CARTESIAN_POINT('Ctrl Pts',(119.240594041552,-103.75,8.68191390885738));
#438982=CARTESIAN_POINT('Ctrl Pts',(119.5,-103.75,7.61657001667859));
#438983=CARTESIAN_POINT('Ctrl Pts',(119.416664852118,-103.75,7.61657001667859));
#438984=CARTESIAN_POINT('Ctrl Pts',(119.333331529766,-103.75,7.61619597266618));
#438985=CARTESIAN_POINT('Ctrl Pts',(119.25,-103.75,7.61546100077903));
#438986=CARTESIAN_POINT('',(119.25,-103.75,7.61546100077903));
#438987=CARTESIAN_POINT('Origin',(119.25,-98.75,7.61546100077903));
#438988=CARTESIAN_POINT('Ctrl Pts',(119.25,-103.75,7.61546100077903));
#438989=CARTESIAN_POINT('Ctrl Pts',(119.333331529766,-103.75,7.61619597266618));
#438990=CARTESIAN_POINT('Ctrl Pts',(119.416664852118,-103.75,7.61657001667859));
#438991=CARTESIAN_POINT('Ctrl Pts',(119.5,-103.75,7.61657001667859));
#438992=CARTESIAN_POINT('Ctrl Pts',(119.210250336563,-100.914906129745,
12.1223004048013));
#438993=CARTESIAN_POINT('Ctrl Pts',(118.47203886256,-100.891512780673,12.1270267207969));
#438994=CARTESIAN_POINT('Ctrl Pts',(117.000499444591,-100.564051850664,
12.1257262365443));
#438995=CARTESIAN_POINT('Ctrl Pts',(114.805160624658,-99.0732807012137,
12.0860433149266));
#438996=CARTESIAN_POINT('Ctrl Pts',(113.854981709985,-97.3693192859373,
12.0382803074502));
#438997=CARTESIAN_POINT('Ctrl Pts',(113.606178363466,-96.2322539467979,
12.0123248417274));
#438998=CARTESIAN_POINT('Ctrl Pts',(119.213313462291,-101.637959317382,
11.7750014710002));
#438999=CARTESIAN_POINT('Ctrl Pts',(118.364986500242,-101.618858013184,
11.7813253723926));
#439000=CARTESIAN_POINT('Ctrl Pts',(116.670093959695,-101.239213644424,
11.7797039097001));
#439001=CARTESIAN_POINT('Ctrl Pts',(114.185523945287,-99.4694838170366,
11.7266724425402));
#439002=CARTESIAN_POINT('Ctrl Pts',(113.19792850789,-97.4768389433152,11.6643879451164));
#439003=CARTESIAN_POINT('Ctrl Pts',(112.991638147252,-96.1887489096497,
11.6319596330321));
#439004=CARTESIAN_POINT('Ctrl Pts',(119.224108448483,-103.127454181415,
10.5510598089644));
#439005=CARTESIAN_POINT('Ctrl Pts',(118.145516223013,-103.119138734325,
10.5573509922831));
#439006=CARTESIAN_POINT('Ctrl Pts',(115.98293151234,-102.629576984861,10.5555172087092));
#439007=CARTESIAN_POINT('Ctrl Pts',(112.901106553226,-100.262931526379,
10.5030305827566));
#439008=CARTESIAN_POINT('Ctrl Pts',(111.855495061836,-97.6548230311671,
10.4489834502546));
#439009=CARTESIAN_POINT('Ctrl Pts',(111.753977445803,-96.0513084797464,
10.4303158411819));
#439010=CARTESIAN_POINT('Ctrl Pts',(119.240567333195,-103.75,8.68494211754841));
#439011=CARTESIAN_POINT('Ctrl Pts',(118.055551818763,-103.74865181109,8.68477866749592));
#439012=CARTESIAN_POINT('Ctrl Pts',(115.679869426813,-103.209822817763,
8.68483851964784));
#439013=CARTESIAN_POINT('Ctrl Pts',(112.325255082868,-100.551019925998,
8.68708541854609));
#439014=CARTESIAN_POINT('Ctrl Pts',(111.274231069471,-97.6254365354617,
8.71328395579821));
#439015=CARTESIAN_POINT('Ctrl Pts',(111.25,-95.8597024008654,8.75510094750018));
#439016=CARTESIAN_POINT('Ctrl Pts',(119.25,-103.75,7.61546100077903));
#439017=CARTESIAN_POINT('Ctrl Pts',(118.058227309392,-103.75,7.61151927806346));
#439018=CARTESIAN_POINT('Ctrl Pts',(115.669543899681,-103.206265321331,
7.61238704355544));
#439019=CARTESIAN_POINT('Ctrl Pts',(112.29616488542,-100.520335384819,7.64662902943708));
#439020=CARTESIAN_POINT('Ctrl Pts',(111.25,-97.5428335436491,7.71907406415057));
#439021=CARTESIAN_POINT('Ctrl Pts',(111.25,-95.7499999999999,7.79597117001154));
#439022=CARTESIAN_POINT('',(111.25,-95.75,7.79597117001153));
#439023=CARTESIAN_POINT('Origin',(116.25,-95.75,7.79597117001153));
#439024=CARTESIAN_POINT('Ctrl Pts',(111.25,-95.75,7.79597117001153));
#439025=CARTESIAN_POINT('Ctrl Pts',(111.25,-95.9191775360594,7.78871491192459));
#439026=CARTESIAN_POINT('Ctrl Pts',(111.255593659796,-96.0882948634841,
7.7817581651629));
#439027=CARTESIAN_POINT('Ctrl Pts',(111.266638921726,-96.2568357260891,
7.77509379436109));
#439028=CARTESIAN_POINT('Ctrl Pts',(111.277786251066,-96.426934046502,7.76836783922786));
#439029=CARTESIAN_POINT('Ctrl Pts',(111.294486271417,-96.5964446715866,
7.76193966901333));
#439030=CARTESIAN_POINT('Ctrl Pts',(111.316540697854,-96.7648453509326,
7.75579931614243));
#439031=CARTESIAN_POINT('Ctrl Pts',(111.325679161545,-96.8346237919265,
7.75325500187869));
#439032=CARTESIAN_POINT('Ctrl Pts',(111.335736340333,-96.9042118071,7.75076007480187));
#439033=CARTESIAN_POINT('Ctrl Pts',(111.346695623579,-96.9735729896853,
7.74831370775164));
#439034=CARTESIAN_POINT('Ctrl Pts',(111.373909765459,-97.1458109929721,
7.74223887799338));
#439035=CARTESIAN_POINT('Ctrl Pts',(111.406865768111,-97.3177618688182,
7.73642445112218));
#439036=CARTESIAN_POINT('Ctrl Pts',(111.445496196082,-97.488872948096,7.73086657203842));
#439037=CARTESIAN_POINT('Ctrl Pts',(111.484438432784,-97.6613651647653,
7.72526383206867));
#439038=CARTESIAN_POINT('Ctrl Pts',(111.529146988803,-97.8330034498269,
7.71992178155953));
#439039=CARTESIAN_POINT('Ctrl Pts',(111.579499817242,-98.0032226522433,
7.71483366911713));
#439040=CARTESIAN_POINT('Ctrl Pts',(111.630140532349,-98.1744150639205,
7.70971646596065));
#439041=CARTESIAN_POINT('Ctrl Pts',(111.686490117383,-98.3441715653961,
7.70485609302111));
#439042=CARTESIAN_POINT('Ctrl Pts',(111.748372657336,-98.5119264267448,
7.70024313656371));
#439043=CARTESIAN_POINT('Ctrl Pts',(111.810173609771,-98.6794601158067,
7.69563626194573));
#439044=CARTESIAN_POINT('Ctrl Pts',(111.87749272895,-98.8449968970633,7.69127612797366));
#439045=CARTESIAN_POINT('Ctrl Pts',(111.950105934632,-99.0079906233916,
7.68715115953632));
#439046=CARTESIAN_POINT('Ctrl Pts',(112.022117904967,-99.1696347661462,
7.68306034572427));
#439047=CARTESIAN_POINT('Ctrl Pts',(112.099336385571,-99.3287773072703,
7.67920079345779));
#439048=CARTESIAN_POINT('Ctrl Pts',(112.181498377405,-99.4849102517039,
7.67555942296802));
#439049=CARTESIAN_POINT('Ctrl Pts',(112.258432426356,-99.6311085037405,
7.67214975178969));
#439050=CARTESIAN_POINT('Ctrl Pts',(112.339700349681,-99.7746678672901,
7.6689313485752));
#439051=CARTESIAN_POINT('Ctrl Pts',(112.425053528326,-99.9151967515165,
7.66589232963141));
#439052=CARTESIAN_POINT('Ctrl Pts',(112.517063032546,-100.066684876171,
7.66261631073241));
#439053=CARTESIAN_POINT('Ctrl Pts',(112.614408332059,-100.215619795917,
7.65952965644659));
#439054=CARTESIAN_POINT('Ctrl Pts',(112.716926538842,-100.361418565031,
7.65662247695882));
#439055=CARTESIAN_POINT('Ctrl Pts',(112.806152084636,-100.488312851993,
7.65409224662551));
#439056=CARTESIAN_POINT('Ctrl Pts',(112.899295219554,-100.612831514415,
7.65169792096819));
#439057=CARTESIAN_POINT('Ctrl Pts',(112.996219195051,-100.734603297052,
7.64943170359297));
#439058=CARTESIAN_POINT('Ctrl Pts',(113.109688925107,-100.877162568207,
7.64677862345984));
#439059=CARTESIAN_POINT('Ctrl Pts',(113.228341528551,-101.015955837885,
7.64430114288305));
#439060=CARTESIAN_POINT('Ctrl Pts',(113.35169219215,-101.15053240249,7.64199131613981));
#439061=CARTESIAN_POINT('Ctrl Pts',(113.472083673576,-101.281880475579,
7.63973690213553));
#439062=CARTESIAN_POINT('Ctrl Pts',(113.596949825693,-101.409211489055,
7.63764217319074));
#439063=CARTESIAN_POINT('Ctrl Pts',(113.725799963469,-101.532142340269,
7.63569830234454));
#439064=CARTESIAN_POINT('Ctrl Pts',(113.859400740902,-101.659605590028,
7.63368276195969));
#439065=CARTESIAN_POINT('Ctrl Pts',(113.99728433048,-101.782337544682,7.63182939961895));
#439066=CARTESIAN_POINT('Ctrl Pts',(114.138867703894,-101.899957873227,
7.63012702156543));
#439067=CARTESIAN_POINT('Ctrl Pts',(114.280451077308,-102.017578201772,
7.62842464351191));
#439068=CARTESIAN_POINT('Ctrl Pts',(114.425733621535,-102.130086497605,
7.62687323129431));
#439069=CARTESIAN_POINT('Ctrl Pts',(114.574104694932,-102.237156244411,
7.62546048507407));
#439070=CARTESIAN_POINT('Ctrl Pts',(114.718197123916,-102.341138372024,
7.62408847886187));
#439071=CARTESIAN_POINT('Ctrl Pts',(114.8661314598,-102.440661962763,7.6228413850545));
#439072=CARTESIAN_POINT('Ctrl Pts',(115.017454659299,-102.535290649335,
7.62171275928953));
#439073=CARTESIAN_POINT('Ctrl Pts',(115.168731682715,-102.629890460084,
7.62058447792328));
#439074=CARTESIAN_POINT('Ctrl Pts',(115.32339502487,-102.719597953798,7.61957457862134));
#439075=CARTESIAN_POINT('Ctrl Pts',(115.480957436741,-102.804015797863,
7.61867535939028));
#439076=CARTESIAN_POINT('Ctrl Pts',(115.581112515401,-102.857676285236,
7.61810376765244));
#439077=CARTESIAN_POINT('Ctrl Pts',(115.682438304731,-102.909200257089,
7.61757687201877));
#439078=CARTESIAN_POINT('Ctrl Pts',(115.784803744391,-102.958494892385,
7.61709246792059));
#439079=CARTESIAN_POINT('Ctrl Pts',(115.946707619062,-103.036460585509,
7.61632632164443));
#439080=CARTESIAN_POINT('Ctrl Pts',(116.111213021721,-103.108846919339,
7.61566651372916));
#439081=CARTESIAN_POINT('Ctrl Pts',(116.277732913042,-103.175510030799,
7.61511268087406));
#439082=CARTESIAN_POINT('Ctrl Pts',(116.444252804363,-103.24217314226,7.61455884801896));
#439083=CARTESIAN_POINT('Ctrl Pts',(116.612786593181,-103.303112929778,
7.61411098849086));
#439084=CARTESIAN_POINT('Ctrl Pts',(116.782732948443,-103.358236568166,
7.61376782845862));
#439085=CARTESIAN_POINT('Ctrl Pts',(116.950105805151,-103.412525469006,
7.61342986490056));
#439086=CARTESIAN_POINT('Ctrl Pts',(117.119710389784,-103.461452420742,
7.61318581026752));
#439087=CARTESIAN_POINT('Ctrl Pts',(117.291005950248,-103.504805352615,
7.61303802709979));
#439088=CARTESIAN_POINT('Ctrl Pts',(117.463387377245,-103.54843310479,7.61288930711388));
#439089=CARTESIAN_POINT('Ctrl Pts',(117.63748075607,-103.586415746933,7.61283808365593));
#439090=CARTESIAN_POINT('Ctrl Pts',(117.812714098525,-103.618585500025,
7.61288587290503));
#439091=CARTESIAN_POINT('Ctrl Pts',(117.987801749299,-103.650728506693,
7.61293362242142));
#439092=CARTESIAN_POINT('Ctrl Pts',(118.16402689804,-103.677068162468,7.61308021931351));
#439093=CARTESIAN_POINT('Ctrl Pts',(118.340806520315,-103.697487551311,
7.61332629120124));
#439094=CARTESIAN_POINT('Ctrl Pts',(118.516289381329,-103.717757154381,
7.61357055803652));
#439095=CARTESIAN_POINT('Ctrl Pts',(118.692318048277,-103.732192981353,
7.6139128438409));
#439096=CARTESIAN_POINT('Ctrl Pts',(118.868318425919,-103.740731582656,
7.61435291228006));
#439097=CARTESIAN_POINT('Ctrl Pts',(118.995632547221,-103.746908186004,
7.61467124640749));
#439098=CARTESIAN_POINT('Ctrl Pts',(119.122931760956,-103.75,7.61504072955767));
#439099=CARTESIAN_POINT('Ctrl Pts',(119.25,-103.75,7.61546100077903));
#439100=CARTESIAN_POINT('Ctrl Pts',(113.084729754525,-96.1898329589816,
11.6414374930084));
#439101=CARTESIAN_POINT('Ctrl Pts',(112.973705997371,-95.6864996385043,
11.6076216692728));
#439102=CARTESIAN_POINT('Ctrl Pts',(112.900868723373,-95.0957680764825,
11.5888408525729));
#439103=CARTESIAN_POINT('Ctrl Pts',(112.900868723373,-94.4999999999999,
11.5888408525729));
#439104=CARTESIAN_POINT('Ctrl Pts',(111.942528580242,-96.0836882133749,
10.7134123501478));
#439105=CARTESIAN_POINT('Ctrl Pts',(111.896258054217,-95.5988499158234,
10.6742466533377));
#439106=CARTESIAN_POINT('Ctrl Pts',(111.86527712166,-95.0510874416668,10.6546324349826));
#439107=CARTESIAN_POINT('Ctrl Pts',(111.86527712166,-94.4999999999999,10.6546324349826));
#439108=CARTESIAN_POINT('Ctrl Pts',(111.25,-95.9176709054439,9.26192047432017));
#439109=CARTESIAN_POINT('Ctrl Pts',(111.251060936669,-95.4676885739825,
9.2647363567174));
#439110=CARTESIAN_POINT('Ctrl Pts',(111.25,-94.9846223097508,9.2709540978268));
#439111=CARTESIAN_POINT('Ctrl Pts',(111.25,-94.4999999999999,9.2709540978268));
#439112=CARTESIAN_POINT('Ctrl Pts',(111.25,-95.75,7.79597117001153));
#439113=CARTESIAN_POINT('Ctrl Pts',(111.25,-95.3355147288499,7.84337875805202));
#439114=CARTESIAN_POINT('Ctrl Pts',(111.25,-94.9175515037461,7.87625150120109));
#439115=CARTESIAN_POINT('Ctrl Pts',(111.25,-94.5,7.87625150120109));
#439116=CARTESIAN_POINT('',(111.25,-94.5,7.87625150120109));
#439117=CARTESIAN_POINT('Origin',(116.25,-94.5,7.87625150120109));
#439118=CARTESIAN_POINT('Ctrl Pts',(111.25,-94.5,7.87625150120109));
#439119=CARTESIAN_POINT('Ctrl Pts',(111.25,-94.9175515037461,7.87625150120109));
#439120=CARTESIAN_POINT('Ctrl Pts',(111.25,-95.3355147288499,7.84337875805202));
#439121=CARTESIAN_POINT('Ctrl Pts',(111.25,-95.75,7.79597117001153));
#439122=CARTESIAN_POINT('Origin',(116.25,-22.,7.87625150120109));
#439123=CARTESIAN_POINT('',(111.25,-0.499999999999989,7.87625150120109));
#439124=CARTESIAN_POINT('Origin',(116.25,-0.499999999999989,7.87625150120109));
#439125=CARTESIAN_POINT('',(111.25,-22.,7.87625150120109));
#439126=CARTESIAN_POINT('Ctrl Pts',(112.900868723373,-0.49999999999999,
11.588840852573));
#439127=CARTESIAN_POINT('Ctrl Pts',(112.900868723373,0.0960583114725334,
11.588840852573));
#439128=CARTESIAN_POINT('Ctrl Pts',(112.97354189755,0.685755681446933,11.6075716874422));
#439129=CARTESIAN_POINT('Ctrl Pts',(113.084729754525,1.18983295898158,11.6414374930084));
#439130=CARTESIAN_POINT('Ctrl Pts',(111.86527712166,-0.49999999999999,10.6546324349826));
#439131=CARTESIAN_POINT('Ctrl Pts',(111.86527712166,0.0513559099927734,
10.6546324349826));
#439132=CARTESIAN_POINT('Ctrl Pts',(111.896189663584,0.598133295527453,
10.6741887640715));
#439133=CARTESIAN_POINT('Ctrl Pts',(111.942528580242,1.08368821337486,10.7134123501478));
#439134=CARTESIAN_POINT('Ctrl Pts',(111.25,-0.49999999999999,9.2709540978268));
#439135=CARTESIAN_POINT('Ctrl Pts',(111.25,-0.0151416011454332,9.2709540978268));
#439136=CARTESIAN_POINT('Ctrl Pts',(111.251062504797,0.467023472910426,
9.26474051876168));
#439137=CARTESIAN_POINT('Ctrl Pts',(111.25,0.917670905443935,9.26192047432017));
#439138=CARTESIAN_POINT('Ctrl Pts',(111.25,-0.49999999999999,7.87625150120109));
#439139=CARTESIAN_POINT('Ctrl Pts',(111.25,-0.0822450814330661,7.87625150120109));
#439140=CARTESIAN_POINT('Ctrl Pts',(111.25,0.33490209457771,7.84344882933131));
#439141=CARTESIAN_POINT('Ctrl Pts',(111.25,0.749999999999998,7.79597117001153));
#439142=CARTESIAN_POINT('',(111.25,0.749999999999999,7.79597117001153));
#439143=CARTESIAN_POINT('Origin',(116.25,0.749999999999999,7.79597117001153));
#439144=CARTESIAN_POINT('Ctrl Pts',(111.25,0.749999999999998,7.79597117001153));
#439145=CARTESIAN_POINT('Ctrl Pts',(111.25,0.33490209457771,7.84344882933131));
#439146=CARTESIAN_POINT('Ctrl Pts',(111.25,-0.0822450814330661,7.87625150120109));
#439147=CARTESIAN_POINT('Ctrl Pts',(111.25,-0.49999999999999,7.87625150120109));
#439148=CARTESIAN_POINT('Origin',(160.5,5.50000000000001,9.55999999999989));
#439149=CARTESIAN_POINT('',(160.5,-0.499999999999994,10.5599999999999));
#439150=CARTESIAN_POINT('',(160.5,-0.499999999999993,9.55999999999989));
#439151=CARTESIAN_POINT('',(160.5,-94.5,10.5599999999999));
#439152=CARTESIAN_POINT('',(160.5,-21.,10.5599999999999));
#439153=CARTESIAN_POINT('',(160.5,-94.5,9.55999999999989));
#439154=CARTESIAN_POINT('Origin',(155.5,-0.499999999999993,9.55999999999989));
#439155=CARTESIAN_POINT('',(155.5,4.50000000000001,10.5599999999999));
#439156=CARTESIAN_POINT('',(155.5,4.50000000000001,9.55999999999989));
#439157=CARTESIAN_POINT('Origin',(155.5,-0.499999999999993,10.5599999999999));
#439158=CARTESIAN_POINT('Origin',(114.5,4.50000000000001,9.55999999999989));
#439159=CARTESIAN_POINT('',(119.5,4.50000000000001,10.5599999999999));
#439160=CARTESIAN_POINT('',(119.5,4.50000000000001,9.55999999999989));
#439161=CARTESIAN_POINT('',(126.,4.50000000000001,10.5599999999999));
#439162=CARTESIAN_POINT('Origin',(119.5,-0.499999999999989,9.55999999999989));
#439163=CARTESIAN_POINT('',(114.5,-0.499999999999989,10.5599999999999));
#439164=CARTESIAN_POINT('',(114.5,-0.499999999999989,9.55999999999989));
#439165=CARTESIAN_POINT('Origin',(119.5,-0.499999999999989,10.5599999999999));
#439166=CARTESIAN_POINT('Ctrl Pts',(162.099131276625,-94.5,11.5888408525744));
#439167=CARTESIAN_POINT('Ctrl Pts',(162.099131276625,-95.0959614598584,
11.5888408525744));
#439168=CARTESIAN_POINT('Ctrl Pts',(162.026248199294,-95.6867072908511,
11.607635620139));
#439169=CARTESIAN_POINT('Ctrl Pts',(161.915270245473,-96.1898329589817,
11.6414374930098));
#439170=CARTESIAN_POINT('Ctrl Pts',(163.134722878339,-94.5,10.654632434984));
#439171=CARTESIAN_POINT('Ctrl Pts',(163.134722878339,-95.0512663219293,
10.654632434984));
#439172=CARTESIAN_POINT('Ctrl Pts',(163.103722856676,-95.5990499379683,
10.6742628113173));
#439173=CARTESIAN_POINT('Ctrl Pts',(163.057471419758,-96.083688213375,10.7134123501492));
#439174=CARTESIAN_POINT('Ctrl Pts',(163.75,-94.5,9.2709540978275));
#439175=CARTESIAN_POINT('Ctrl Pts',(163.75,-94.9847796157596,9.2709540978275));
#439176=CARTESIAN_POINT('Ctrl Pts',(163.748939501025,-95.4678742161474,
9.26473519501356));
#439177=CARTESIAN_POINT('Ctrl Pts',(163.75,-95.917670905444,9.26192047432091));
#439178=CARTESIAN_POINT('Ctrl Pts',(163.75,-94.5,7.87625150120109));
#439179=CARTESIAN_POINT('Ctrl Pts',(163.75,-94.9176870389024,7.87625150120109));
#439180=CARTESIAN_POINT('Ctrl Pts',(163.75,-95.3356857265486,7.84335919984569));
#439181=CARTESIAN_POINT('Ctrl Pts',(163.75,-95.75,7.79597117001153));
#439182=CARTESIAN_POINT('',(163.75,-94.5,7.87625150120109));
#439183=CARTESIAN_POINT('Ctrl Pts',(163.75,-95.75,7.79597117001153));
#439184=CARTESIAN_POINT('Ctrl Pts',(163.75,-95.3356857265486,7.84335919984569));
#439185=CARTESIAN_POINT('Ctrl Pts',(163.75,-94.9176870389024,7.87625150120109));
#439186=CARTESIAN_POINT('Ctrl Pts',(163.75,-94.5,7.87625150120109));
#439187=CARTESIAN_POINT('Origin',(158.75,-94.5,7.87625150120109));
#439188=CARTESIAN_POINT('Origin',(158.75,-73.,7.87625150120109));
#439189=CARTESIAN_POINT('',(163.75,-0.499999999999989,7.87625150120109));
#439190=CARTESIAN_POINT('',(163.75,-73.,7.87625150120109));
#439191=CARTESIAN_POINT('Origin',(158.75,-0.499999999999989,7.87625150120109));
#439192=CARTESIAN_POINT('Ctrl Pts',(161.915270245475,1.18983295898158,11.6414374930084));
#439193=CARTESIAN_POINT('Ctrl Pts',(162.026543180172,0.685369976140569,
11.6075457743105));
#439194=CARTESIAN_POINT('Ctrl Pts',(162.099131276627,0.095674030210063,
11.588840852573));
#439195=CARTESIAN_POINT('Ctrl Pts',(162.099131276627,-0.499999999999988,
11.588840852573));
#439196=CARTESIAN_POINT('Ctrl Pts',(163.057471419758,1.08368821337486,10.7134123501478));
#439197=CARTESIAN_POINT('Ctrl Pts',(163.103845793611,0.597761762993269,
10.6741587513216));
#439198=CARTESIAN_POINT('Ctrl Pts',(163.13472287834,0.0510004485537187,
10.6546324349826));
#439199=CARTESIAN_POINT('Ctrl Pts',(163.13472287834,-0.499999999999989,
10.6546324349826));
#439200=CARTESIAN_POINT('Ctrl Pts',(163.75,0.917670905443938,9.26192047432017));
#439201=CARTESIAN_POINT('Ctrl Pts',(163.748936682205,0.466678650571122,
9.26474267657785));
#439202=CARTESIAN_POINT('Ctrl Pts',(163.75,-0.015454191363592,9.2709540978268));
#439203=CARTESIAN_POINT('Ctrl Pts',(163.75,-0.499999999999989,9.2709540978268));
#439204=CARTESIAN_POINT('Ctrl Pts',(163.75,0.750000000000002,7.79597117001153));
#439205=CARTESIAN_POINT('Ctrl Pts',(163.75,0.334584473705036,7.8434851578586));
#439206=CARTESIAN_POINT('Ctrl Pts',(163.75,-0.0825144097595047,7.87625150120109));
#439207=CARTESIAN_POINT('Ctrl Pts',(163.75,-0.49999999999999,7.87625150120109));
#439208=CARTESIAN_POINT('',(163.75,0.749999999999997,7.79597117001153));
#439209=CARTESIAN_POINT('Ctrl Pts',(163.75,-0.49999999999999,7.87625150120109));
#439210=CARTESIAN_POINT('Ctrl Pts',(163.75,-0.0825144097595047,7.87625150120109));
#439211=CARTESIAN_POINT('Ctrl Pts',(163.75,0.334584473705036,7.8434851578586));
#439212=CARTESIAN_POINT('Ctrl Pts',(163.75,0.750000000000002,7.79597117001153));
#439213=CARTESIAN_POINT('Origin',(158.75,0.750000000000004,7.79597117001153));
#439214=CARTESIAN_POINT('Ctrl Pts',(113.610144752574,1.23253444647841,12.014777254747));
#439215=CARTESIAN_POINT('Ctrl Pts',(113.856948182826,2.35825095459027,12.0404547417239));
#439216=CARTESIAN_POINT('Ctrl Pts',(114.802108048059,4.06525116307041,12.0882163701778));
#439217=CARTESIAN_POINT('Ctrl Pts',(116.994706967373,5.55562984413634,12.1278862307342));
#439218=CARTESIAN_POINT('Ctrl Pts',(118.465367471542,5.8865846761794,12.1293020510615));
#439219=CARTESIAN_POINT('Ctrl Pts',(119.210230590543,5.91023957005119,12.1245388881144));
#439220=CARTESIAN_POINT('Ctrl Pts',(112.994680301571,1.18905463639248,11.6346326066449));
#439221=CARTESIAN_POINT('Ctrl Pts',(113.199330542197,2.46462108548844,11.6667808655801));
#439222=CARTESIAN_POINT('Ctrl Pts',(114.180780026246,4.46108178218362,11.7291623210293));
#439223=CARTESIAN_POINT('Ctrl Pts',(116.662754877963,6.23112453042523,11.7822764129475));
#439224=CARTESIAN_POINT('Ctrl Pts',(118.357060861269,6.61500123669818,11.7840540461656));
#439225=CARTESIAN_POINT('Ctrl Pts',(119.213289930517,6.63431870481061,11.7776691356524));
#439226=CARTESIAN_POINT('Ctrl Pts',(111.7549071668,1.05158672663868,10.4327485580392));
#439227=CARTESIAN_POINT('Ctrl Pts',(111.855624753613,2.64017670529205,10.4513308947479));
#439228=CARTESIAN_POINT('Ctrl Pts',(112.892591920791,5.2538503070413,10.5054891130774));
#439229=CARTESIAN_POINT('Ctrl Pts',(115.972211688724,7.62249054875315,10.5581635970253));
#439230=CARTESIAN_POINT('Ctrl Pts',(118.134922687842,8.11789331975041,10.5601358421006));
#439231=CARTESIAN_POINT('Ctrl Pts',(119.224084516922,8.12630420256957,10.5537726978322));
#439232=CARTESIAN_POINT('Ctrl Pts',(111.25,0.85980352080122,8.75598504065298));
#439233=CARTESIAN_POINT('Ctrl Pts',(111.274031011852,2.60939101686909,8.71458237786298));
#439234=CARTESIAN_POINT('Ctrl Pts',(112.315010947297,5.5414639299001,8.68807356426657));
#439235=CARTESIAN_POINT('Ctrl Pts',(115.667649395202,8.20318202650544,8.68589181075323));
#439236=CARTESIAN_POINT('Ctrl Pts',(118.043717684942,8.74863724866547,8.68576644280918));
#439237=CARTESIAN_POINT('Ctrl Pts',(119.240558633786,8.74999999999442,8.68592792880555));
#439238=CARTESIAN_POINT('Ctrl Pts',(111.25,0.749999999999999,7.79597117001153));
#439239=CARTESIAN_POINT('Ctrl Pts',(111.25,2.52646249643515,7.71977624096735));
#439240=CARTESIAN_POINT('Ctrl Pts',(112.285784346372,5.51065505089684,7.64678700657176));
#439241=CARTESIAN_POINT('Ctrl Pts',(115.657254257478,8.19958614036848,7.6125345206774));
#439242=CARTESIAN_POINT('Ctrl Pts',(118.04632985097,8.74999999928869,7.61147992788564));
#439243=CARTESIAN_POINT('Ctrl Pts',(119.249999995272,8.75,7.61546100076339));
#439244=CARTESIAN_POINT('',(119.249999995272,8.75,7.61546100074776));
#439245=CARTESIAN_POINT('Origin',(119.249999998227,3.75,7.61546100076339));
#439246=CARTESIAN_POINT('Ctrl Pts',(119.249999995272,8.75,7.61546100076339));
#439247=CARTESIAN_POINT('Ctrl Pts',(119.080714034428,8.74999999989996,7.61490109674775));
#439248=CARTESIAN_POINT('Ctrl Pts',(118.911431932315,8.74455200453941,7.6144339874333));
#439249=CARTESIAN_POINT('Ctrl Pts',(118.74265506285,8.73372812447236,7.61405827090692));
#439250=CARTESIAN_POINT('Ctrl Pts',(118.573197167185,8.72286056930971,7.61368103833868));
#439251=CARTESIAN_POINT('Ctrl Pts',(118.404249076177,8.70657375643494,7.61339593787577));
#439252=CARTESIAN_POINT('Ctrl Pts',(118.236312974123,8.68499299117098,7.61320065897955));
#439253=CARTESIAN_POINT('Ctrl Pts',(118.067988710615,8.66336234490396,7.61300492872273));
#439254=CARTESIAN_POINT('Ctrl Pts',(117.900681607228,8.63641338158244,7.61289943538396));
#439255=CARTESIAN_POINT('Ctrl Pts',(117.734884703038,8.60432294142833,7.61288095938052));
#439256=CARTESIAN_POINT('Ctrl Pts',(117.706341799724,8.59879838513398,7.61287777862885));
#439257=CARTESIAN_POINT('Ctrl Pts',(117.677843614683,8.59312156585268,7.61287717473827));
#439258=CARTESIAN_POINT('Ctrl Pts',(117.64939260954,8.58729353209255,7.61287912863537));
#439259=CARTESIAN_POINT('Ctrl Pts',(117.481401032015,8.55288137054246,7.6128906656006));
#439260=CARTESIAN_POINT('Ctrl Pts',(117.314002435342,8.51297749084567,7.61299433749226));
#439261=CARTESIAN_POINT('Ctrl Pts',(117.147729285595,8.46762339377199,7.61319247716669));
#439262=CARTESIAN_POINT('Ctrl Pts',(116.981249832436,8.42221302360181,7.61339086268292));
#439263=CARTESIAN_POINT('Ctrl Pts',(116.815899121066,8.37133898691389,7.61368395211002));
#439264=CARTESIAN_POINT('Ctrl Pts',(116.65220612651,8.3150949812352,7.61407321536461));
#439265=CARTESIAN_POINT('Ctrl Pts',(116.488931101591,8.25899458760699,7.61446148468406));
#439266=CARTESIAN_POINT('Ctrl Pts',(116.327305832522,8.19755175024089,7.6149454379896));
#439267=CARTESIAN_POINT('Ctrl Pts',(116.167842361241,8.13090948699999,7.61552565145573));
#439268=CARTESIAN_POINT('Ctrl Pts',(116.034584204448,8.07521883200182,7.61601051596058));
#439269=CARTESIAN_POINT('Ctrl Pts',(115.902835627641,8.01589814286953,7.61656258721015));
#439270=CARTESIAN_POINT('Ctrl Pts',(115.772884759381,7.95305669530584,7.61718172260655));
#439271=CARTESIAN_POINT('Ctrl Pts',(115.616700084268,7.87752914244806,7.61792584584353));
#439272=CARTESIAN_POINT('Ctrl Pts',(115.463113268521,7.79691502764537,7.61876688443582));
#439273=CARTESIAN_POINT('Ctrl Pts',(115.312591912774,7.71159033143254,7.61971279814956));
#439274=CARTESIAN_POINT('Ctrl Pts',(115.162192505402,7.62633476300577,7.62065794550933));
#439275=CARTESIAN_POINT('Ctrl Pts',(115.014854049526,7.53637663585204,7.62170781184047));
#439276=CARTESIAN_POINT('Ctrl Pts',(114.87100921863,7.44213036251302,7.62286908890368));
#439277=CARTESIAN_POINT('Ctrl Pts',(114.850091216308,7.42842501243361,7.62303796251668));
#439278=CARTESIAN_POINT('Ctrl Pts',(114.829247028982,7.41462904217739,7.62320918978722));
#439279=CARTESIAN_POINT('Ctrl Pts',(114.808477918836,7.40074378777369,7.62338278882856));
#439280=CARTESIAN_POINT('Ctrl Pts',(114.661058715436,7.30218621218036,7.62461499532206));
#439281=CARTESIAN_POINT('Ctrl Pts',(114.516389095263,7.19843479897971,7.62597207960221));
#439282=CARTESIAN_POINT('Ctrl Pts',(114.375019208299,7.08977293552664,7.62746528785816));
#439283=CARTESIAN_POINT('Ctrl Pts',(114.232871832697,6.9805134669817,7.62896670827641));
#439284=CARTESIAN_POINT('Ctrl Pts',(114.0940611219,6.86628967756653,7.63060577077199));
#439285=CARTESIAN_POINT('Ctrl Pts',(113.959123829901,6.74743709075577,7.63239300523262));
#439286=CARTESIAN_POINT('Ctrl Pts',(113.824472105709,6.62883603168892,7.63417645736874));
#439287=CARTESIAN_POINT('Ctrl Pts',(113.693677926865,6.50562611595768,7.63610747032413));
#439288=CARTESIAN_POINT('Ctrl Pts',(113.567244504977,6.37818280162863,7.63819537160553));
#439289=CARTESIAN_POINT('Ctrl Pts',(113.442080370296,6.2520189129942,7.64026231208126));
#439290=CARTESIAN_POINT('Ctrl Pts',(113.32119029936,6.12170661518002,7.64248301918566));
#439291=CARTESIAN_POINT('Ctrl Pts',(113.205026089659,5.98764550189406,7.64486522304471));
#439292=CARTESIAN_POINT('Ctrl Pts',(113.130365169706,5.90148190577682,7.64639631021943));
#439293=CARTESIAN_POINT('Ctrl Pts',(113.057655689898,5.81377041713516,7.64799408248266));
#439294=CARTESIAN_POINT('Ctrl Pts',(112.98700831909,5.72462375040052,7.64966026394863));
#439295=CARTESIAN_POINT('Ctrl Pts',(112.874968654396,5.58324605247242,7.65230266111968));
#439296=CARTESIAN_POINT('Ctrl Pts',(112.768117676753,5.43825795049511,7.6551172231027));
#439297=CARTESIAN_POINT('Ctrl Pts',(112.6666309639,5.29027065437314,7.65811369645575));
#439298=CARTESIAN_POINT('Ctrl Pts',(112.660981191719,5.28203219157029,7.65828051033036));
#439299=CARTESIAN_POINT('Ctrl Pts',(112.655348031868,5.27378443891833,7.65844788744247));
#439300=CARTESIAN_POINT('Ctrl Pts',(112.649731510241,5.26552750358388,7.65861582928138));
#439301=CARTESIAN_POINT('Ctrl Pts',(112.549437070789,5.11808309651819,7.66161477306095));
#439302=CARTESIAN_POINT('Ctrl Pts',(112.453909293318,4.96691074553856,7.66480914111142));
#439303=CARTESIAN_POINT('Ctrl Pts',(112.363430903943,4.81252046168887,7.66821264291054));
#439304=CARTESIAN_POINT('Ctrl Pts',(112.271495347051,4.6556437000407,7.67167095859723));
#439305=CARTESIAN_POINT('Ctrl Pts',(112.18477344538,4.49544498731887,7.67534522464375));
#439306=CARTESIAN_POINT('Ctrl Pts',(112.103519262202,4.33249232165589,7.67924831896861));
#439307=CARTESIAN_POINT('Ctrl Pts',(112.021923095769,4.168853819512,7.68316784066805));
#439308=CARTESIAN_POINT('Ctrl Pts',(111.94584099881,4.00243870740768,7.6873181447828));
#439309=CARTESIAN_POINT('Ctrl Pts',(111.875483691016,3.83384715864431,7.69171039236543));
#439310=CARTESIAN_POINT('Ctrl Pts',(111.805190085285,3.66540825400239,7.69609866317236));
#439311=CARTESIAN_POINT('Ctrl Pts',(111.740611079173,3.49479745366086,7.70072846108968));
#439312=CARTESIAN_POINT('Ctrl Pts',(111.681907480969,3.32262931388163,7.70560870484333));
#439313=CARTESIAN_POINT('Ctrl Pts',(111.664279161468,3.27092830970452,7.70707421119669));
#439314=CARTESIAN_POINT('Ctrl Pts',(111.647180317367,3.21908694616184,7.7085622854888));
#439315=CARTESIAN_POINT('Ctrl Pts',(111.630614398946,3.16712202193535,7.71007312581667));
#439316=CARTESIAN_POINT('Ctrl Pts',(111.62206748926,3.14031158481483,7.71085261871909));
#439317=CARTESIAN_POINT('Ctrl Pts',(111.613662430673,3.11346825821522,7.71163817130925));
#439318=CARTESIAN_POINT('Ctrl Pts',(111.6053996526,3.08659435319104,7.71242980858195));
#439319=CARTESIAN_POINT('Ctrl Pts',(111.597154162901,3.05977667696798,7.71321978949638));
#439320=CARTESIAN_POINT('Ctrl Pts',(111.589052129218,3.03293471934544,7.71401564354547));
#439321=CARTESIAN_POINT('Ctrl Pts',(111.581084093861,3.00603693424971,7.71481841011046));
#439322=CARTESIAN_POINT('Ctrl Pts',(111.530974513515,2.83688146958366,7.71986686859264));
#439323=CARTESIAN_POINT('Ctrl Pts',(111.486232301802,2.66571546153091,7.72518309104085));
#439324=CARTESIAN_POINT('Ctrl Pts',(111.447110108055,2.49309686145598,7.73077915882624));
#439325=CARTESIAN_POINT('Ctrl Pts',(111.408040597495,2.32071071506699,7.73636769076912));
#439326=CARTESIAN_POINT('Ctrl Pts',(111.374576182404,2.14687645725201,7.74223533738667));
#439327=CARTESIAN_POINT('Ctrl Pts',(111.34692021108,1.97216823272168,7.74839202510217));
#439328=CARTESIAN_POINT('Ctrl Pts',(111.319417135048,1.79842587790194,7.75451467573557));
#439329=CARTESIAN_POINT('Ctrl Pts',(111.297658603473,1.62381976830128,7.76092320007681));
#439330=CARTESIAN_POINT('Ctrl Pts',(111.281794264923,1.44892425010491,7.76762496340542));
#439331=CARTESIAN_POINT('Ctrl Pts',(111.266131929123,1.27625569997756,7.77424139228353));
#439332=CARTESIAN_POINT('Ctrl Pts',(111.256214695443,1.10330560636775,7.78114365431274));
#439333=CARTESIAN_POINT('Ctrl Pts',(111.252135950229,0.930627812552929,
7.78833624638634));
#439334=CARTESIAN_POINT('Ctrl Pts',(111.250712807431,0.870377626315073,
7.79084586272087));
#439335=CARTESIAN_POINT('Ctrl Pts',(111.25,0.810160563511725,7.79339080038524));
#439336=CARTESIAN_POINT('Ctrl Pts',(111.25,0.749999999999999,7.79597117001153));
#439337=CARTESIAN_POINT('Ctrl Pts',(155.789749518786,5.91494027736161,12.1222840027632));
#439338=CARTESIAN_POINT('Ctrl Pts',(156.343026809819,5.89740762480936,12.1258263294982));
#439339=CARTESIAN_POINT('Ctrl Pts',(157.453928883298,5.70315689463955,12.1269162050479));
#439340=CARTESIAN_POINT('Ctrl Pts',(159.137340364945,4.87609476688983,12.1081949398059));
#439341=CARTESIAN_POINT('Ctrl Pts',(160.614687034892,3.40196699006803,12.0665085232266));
#439342=CARTESIAN_POINT('Ctrl Pts',(161.229693077609,1.98248526935926,12.0294323325552));
#439343=CARTESIAN_POINT('Ctrl Pts',(161.393850659402,1.23225189217146,12.0123068780969));
#439344=CARTESIAN_POINT('Ctrl Pts',(155.785665314286,6.87900118130764,11.6592145778712));
#439345=CARTESIAN_POINT('Ctrl Pts',(156.44931751188,6.86578421770648,11.6643800273328));
#439346=CARTESIAN_POINT('Ctrl Pts',(157.784335316275,6.635309673645,11.6662990454366));
#439347=CARTESIAN_POINT('Ctrl Pts',(159.785987388561,5.60573596670512,11.6392336262104));
#439348=CARTESIAN_POINT('Ctrl Pts',(161.47469651677,3.7727970287347,11.5793277105763));
#439349=CARTESIAN_POINT('Ctrl Pts',(162.086618679266,2.05764331850009,11.5281084843161));
#439350=CARTESIAN_POINT('Ctrl Pts',(162.21322859523,1.17424493055778,11.5051511208264));
#439351=CARTESIAN_POINT('Ctrl Pts',(155.773589840488,8.29164072261171,10.2900905036353));
#439352=CARTESIAN_POINT('Ctrl Pts',(156.601689602862,8.28658387155157,10.2941771265641));
#439353=CARTESIAN_POINT('Ctrl Pts',(158.272748641955,8.00066893747111,10.2953872260762));
#439354=CARTESIAN_POINT('Ctrl Pts',(160.74612595371,6.65956210653198,10.2736580360704));
#439355=CARTESIAN_POINT('Ctrl Pts',(162.736031628884,4.27350456122673,10.2292279937504));
#439356=CARTESIAN_POINT('Ctrl Pts',(163.320979967308,2.10637317764413,10.2013147701744));
#439357=CARTESIAN_POINT('Ctrl Pts',(163.37788143994,1.02432259927831,10.1943778733297));
#439358=CARTESIAN_POINT('Ctrl Pts',(155.757074452395,8.74999999999998,8.41756642673612));
#439359=CARTESIAN_POINT('Ctrl Pts',(156.646217967556,8.74922036854247,8.41671802022056));
#439360=CARTESIAN_POINT('Ctrl Pts',(158.440429424129,8.44385476951067,8.41647050166247));
#439361=CARTESIAN_POINT('Ctrl Pts',(161.086854411261,6.98176627833127,8.42076188667562));
#439362=CARTESIAN_POINT('Ctrl Pts',(163.184876571817,4.36763255849155,8.43904195297134));
#439363=CARTESIAN_POINT('Ctrl Pts',(163.737888990571,2.00152733048137,8.48184412732794));
#439364=CARTESIAN_POINT('Ctrl Pts',(163.75,0.832276245550315,8.51531364989055));
#439365=CARTESIAN_POINT('Ctrl Pts',(155.750000000021,8.75,7.61546100077896));
#439366=CARTESIAN_POINT('Ctrl Pts',(156.643207628103,8.74999999999763,7.61250676560893));
#439367=CARTESIAN_POINT('Ctrl Pts',(158.445228063256,8.44327809028343,7.61167415036942));
#439368=CARTESIAN_POINT('Ctrl Pts',(161.102754100573,6.97067052974571,7.62709658472254));
#439369=CARTESIAN_POINT('Ctrl Pts',(163.208144206323,4.32996695108503,7.67217498508707));
#439370=CARTESIAN_POINT('Ctrl Pts',(163.75,1.93290047220439,7.74523493565435));
#439371=CARTESIAN_POINT('Ctrl Pts',(163.75,0.750000000000006,7.79597117001153));
#439372=CARTESIAN_POINT('',(155.750000000021,8.75,7.61546100077889));
#439373=CARTESIAN_POINT('Ctrl Pts',(163.75,0.750000000000006,7.79597117001153));
#439374=CARTESIAN_POINT('Ctrl Pts',(163.75,1.93290047220439,7.74523493565435));
#439375=CARTESIAN_POINT('Ctrl Pts',(163.208144206323,4.32996695108503,7.67217498508707));
#439376=CARTESIAN_POINT('Ctrl Pts',(161.102754100573,6.97067052974571,7.62709658472254));
#439377=CARTESIAN_POINT('Ctrl Pts',(158.445228063256,8.44327809028343,7.61167415036942));
#439378=CARTESIAN_POINT('Ctrl Pts',(156.643207628103,8.74999999999763,7.61250676560893));
#439379=CARTESIAN_POINT('Ctrl Pts',(155.750000000021,8.75,7.61546100077896));
#439380=CARTESIAN_POINT('Origin',(155.750000000008,3.75,7.61546100077896));
#439381=CARTESIAN_POINT('Ctrl Pts',(119.210311247503,5.9292263085555,12.1153940557283));
#439382=CARTESIAN_POINT('Ctrl Pts',(119.306575065827,5.93333804785954,12.1142518565637));
#439383=CARTESIAN_POINT('Ctrl Pts',(119.403286040328,5.93540883474986,12.1136788907217));
#439384=CARTESIAN_POINT('Ctrl Pts',(119.5,5.93540883474986,12.1136788907217));
#439385=CARTESIAN_POINT('Ctrl Pts',(119.21338590434,6.64912730907703,11.7667877206024));
#439386=CARTESIAN_POINT('Ctrl Pts',(119.308655161988,6.65233437108866,11.7652599578703));
#439387=CARTESIAN_POINT('Ctrl Pts',(119.40432209147,6.65394711698606,11.7644990166989));
#439388=CARTESIAN_POINT('Ctrl Pts',(119.5,6.65394711698606,11.7644990166989));
#439389=CARTESIAN_POINT('Ctrl Pts',(119.224181081233,8.13111580683113,10.5428244451517));
#439390=CARTESIAN_POINT('Ctrl Pts',(119.315933944926,8.13216334732169,10.5412637373341));
#439391=CARTESIAN_POINT('Ctrl Pts',(119.407967075751,8.1326854868246,10.54048078761));
#439392=CARTESIAN_POINT('Ctrl Pts',(119.5,8.1326854868246,10.54048078761));
#439393=CARTESIAN_POINT('Ctrl Pts',(119.240594039714,8.75,8.68191390886595));
#439394=CARTESIAN_POINT('Ctrl Pts',(119.326997054892,8.74998630142308,8.68180088134737));
#439395=CARTESIAN_POINT('Ctrl Pts',(119.413492179101,8.75,8.681755527876));
#439396=CARTESIAN_POINT('Ctrl Pts',(119.5,8.75,8.681755527876));
#439397=CARTESIAN_POINT('Ctrl Pts',(119.249999998227,8.75,7.61546100076339));
#439398=CARTESIAN_POINT('Ctrl Pts',(119.333331064602,8.75,7.61619596856859));
#439399=CARTESIAN_POINT('Ctrl Pts',(119.416664533962,8.75,7.61657001667859));
#439400=CARTESIAN_POINT('Ctrl Pts',(119.5,8.75,7.61657001667859));
#439401=CARTESIAN_POINT('',(119.5,8.75,7.61657001667859));
#439402=CARTESIAN_POINT('Origin',(119.5,3.75,7.61657001667859));
#439403=CARTESIAN_POINT('Ctrl Pts',(119.5,8.75,7.61657001667859));
#439404=CARTESIAN_POINT('Ctrl Pts',(119.416664533962,8.75,7.61657001667859));
#439405=CARTESIAN_POINT('Ctrl Pts',(119.333331064602,8.75,7.61619596856859));
#439406=CARTESIAN_POINT('Ctrl Pts',(119.249999998227,8.75,7.61546100076339));
#439407=CARTESIAN_POINT('Ctrl Pts',(155.5,5.93540883477912,12.1136788907075));
#439408=CARTESIAN_POINT('Ctrl Pts',(155.596712283293,5.93540883477912,12.1136788907075));
#439409=CARTESIAN_POINT('Ctrl Pts',(155.693422522321,5.93333815087782,12.1142518279402));
#439410=CARTESIAN_POINT('Ctrl Pts',(155.789688750458,5.92922630867189,12.1153940556899));
#439411=CARTESIAN_POINT('Ctrl Pts',(155.5,6.65394711700887,11.7644990166821));
#439412=CARTESIAN_POINT('Ctrl Pts',(155.595676250109,6.65394711700887,11.7644990166821));
#439413=CARTESIAN_POINT('Ctrl Pts',(155.691342451079,6.65233445144049,11.7652599195869));
#439414=CARTESIAN_POINT('Ctrl Pts',(155.786614093642,6.64912730916778,11.7667877205532));
#439415=CARTESIAN_POINT('Ctrl Pts',(155.5,8.13266990204334,10.5404696176922));
#439416=CARTESIAN_POINT('Ctrl Pts',(155.592031329008,8.13266990204334,10.5404696176922));
#439417=CARTESIAN_POINT('Ctrl Pts',(155.684063657152,8.13214772261346,10.5412524631184));
#439418=CARTESIAN_POINT('Ctrl Pts',(155.775818817731,8.13110015590679,10.5428132099948));
#439419=CARTESIAN_POINT('Ctrl Pts',(155.5,8.75,8.6817555278698));
#439420=CARTESIAN_POINT('Ctrl Pts',(155.586506321426,8.75,8.6817555278698));
#439421=CARTESIAN_POINT('Ctrl Pts',(155.673000780318,8.74998630108026,8.6818008785103));
#439422=CARTESIAN_POINT('Ctrl Pts',(155.759405958456,8.75,8.68191390885745));
#439423=CARTESIAN_POINT('Ctrl Pts',(155.5,8.75,7.61657001667859));
#439424=CARTESIAN_POINT('Ctrl Pts',(155.583334021554,8.75,7.61657001667859));
#439425=CARTESIAN_POINT('Ctrl Pts',(155.666666847575,8.75,7.61619598697782));
#439426=CARTESIAN_POINT('Ctrl Pts',(155.750000000008,8.75,7.61546100077896));
#439427=CARTESIAN_POINT('',(155.5,8.75,7.61657001667859));
#439428=CARTESIAN_POINT('Ctrl Pts',(155.750000000008,8.75,7.61546100077896));
#439429=CARTESIAN_POINT('Ctrl Pts',(155.666666847575,8.75,7.61619598697782));
#439430=CARTESIAN_POINT('Ctrl Pts',(155.583334021554,8.75,7.61657001667859));
#439431=CARTESIAN_POINT('Ctrl Pts',(155.5,8.75,7.61657001667859));
#439432=CARTESIAN_POINT('Origin',(155.5,3.75,7.61657001667859));
#439433=CARTESIAN_POINT('Origin',(126.,3.75,7.61657001667859));
#439434=CARTESIAN_POINT('',(126.,8.75,7.61657001667859));
#439435=CARTESIAN_POINT('Origin',(155.75,0.750000000000002,7.55999999999989));
#439436=CARTESIAN_POINT('',(163.75,0.749999999999993,7.55999999999989));
#439437=CARTESIAN_POINT('',(163.75,0.750000000000002,7.55999999999989));
#439438=CARTESIAN_POINT('',(155.75,8.75,7.55999999999989));
#439439=CARTESIAN_POINT('Origin',(155.75,0.750000000000002,7.55999999999989));
#439440=CARTESIAN_POINT('',(155.75,8.75,7.55999999999989));
#439441=CARTESIAN_POINT('Origin',(163.75,-103.75,7.55999999999989));
#439442=CARTESIAN_POINT('',(163.75,-95.75,7.55999999999989));
#439443=CARTESIAN_POINT('',(163.75,-95.75,7.55999999999989));
#439444=CARTESIAN_POINT('',(163.75,-103.75,7.55999999999989));
#439445=CARTESIAN_POINT('Origin',(155.75,-95.75,7.55999999999989));
#439446=CARTESIAN_POINT('',(155.75,-103.75,7.55999999999989));
#439447=CARTESIAN_POINT('',(155.75,-103.75,7.55999999999989));
#439448=CARTESIAN_POINT('Origin',(155.75,-95.75,7.55999999999989));
#439449=CARTESIAN_POINT('Origin',(111.25,-103.75,7.55999999999989));
#439450=CARTESIAN_POINT('',(119.25,-103.75,7.55999999999989));
#439451=CARTESIAN_POINT('',(119.25,-103.75,7.55999999999989));
#439452=CARTESIAN_POINT('',(111.25,-103.75,7.55999999999989));
#439453=CARTESIAN_POINT('Origin',(119.5,-94.5,9.55999999999989));
#439454=CARTESIAN_POINT('',(119.5,-99.5,10.5599999999999));
#439455=CARTESIAN_POINT('',(119.5,-99.5,9.55999999999989));
#439456=CARTESIAN_POINT('',(114.5,-94.5,10.5599999999999));
#439457=CARTESIAN_POINT('Origin',(119.5,-94.5,10.5599999999999));
#439458=CARTESIAN_POINT('',(114.5,-94.5,9.55999999999989));
#439459=CARTESIAN_POINT('Origin',(137.5,-47.5,10.5599999999999));
#439460=CARTESIAN_POINT('',(155.5,-99.5,10.5599999999999));
#439461=CARTESIAN_POINT('',(149.,-99.5,10.5599999999999));
#439462=CARTESIAN_POINT('Origin',(155.5,-94.5,10.5599999999999));
#439463=CARTESIAN_POINT('',(114.5,-74.,10.5599999999999));
#439464=CARTESIAN_POINT('',(156.5,-69.5,10.5599999999999));
#439465=CARTESIAN_POINT('',(144.75,-81.25,10.5599999999999));
#439466=CARTESIAN_POINT('Origin',(130.25,-81.25,10.5599999999999));
#439467=CARTESIAN_POINT('',(118.491662531104,-24.5179743160428,10.5599999999999));
#439468=CARTESIAN_POINT('',(156.491663097348,-24.5179743160428,10.5599999999999));
#439469=CARTESIAN_POINT('',(118.491662531104,-24.5179743160428,10.5599999999999));
#439470=CARTESIAN_POINT('',(156.491663097348,-28.5179743756475,10.5599999999999));
#439471=CARTESIAN_POINT('',(156.491663097348,-24.5179743160428,10.5599999999999));
#439472=CARTESIAN_POINT('',(152.491663037743,-30.5179744054498,10.5599999999999));
#439473=CARTESIAN_POINT('',(156.491663097348,-28.5179743756475,10.5599999999999));
#439474=CARTESIAN_POINT('',(122.491662590708,-30.5179744054498,10.5599999999999));
#439475=CARTESIAN_POINT('',(152.491663037743,-30.5179744054498,10.5599999999999));
#439476=CARTESIAN_POINT('',(118.491662531104,-28.5179743756475,10.5599999999999));
#439477=CARTESIAN_POINT('',(122.491662590708,-30.5179744054498,10.5599999999999));
#439478=CARTESIAN_POINT('',(118.491662531104,-28.5179743756475,10.5599999999999));
#439479=CARTESIAN_POINT('',(118.491662531104,-17.0179743160428,10.5599999999999));
#439480=CARTESIAN_POINT('',(156.491663097348,-17.0179743160428,10.5599999999999));
#439481=CARTESIAN_POINT('',(118.491662531104,-17.0179743160428,10.5599999999999));
#439482=CARTESIAN_POINT('',(156.491663097348,-21.0179743756475,10.5599999999999));
#439483=CARTESIAN_POINT('',(156.491663097348,-17.0179743160428,10.5599999999999));
#439484=CARTESIAN_POINT('',(152.491663037743,-23.0179744054498,10.5599999999999));
#439485=CARTESIAN_POINT('',(156.491663097348,-21.0179743756475,10.5599999999999));
#439486=CARTESIAN_POINT('',(122.491662590708,-23.0179744054498,10.5599999999999));
#439487=CARTESIAN_POINT('',(152.491663037743,-23.0179744054498,10.5599999999999));
#439488=CARTESIAN_POINT('',(118.491662531104,-21.0179743756475,10.5599999999999));
#439489=CARTESIAN_POINT('',(122.491662590708,-23.0179744054498,10.5599999999999));
#439490=CARTESIAN_POINT('',(118.491662531104,-21.0179743756475,10.5599999999999));
#439491=CARTESIAN_POINT('',(118.491662531104,-32.0179743160428,10.5599999999999));
#439492=CARTESIAN_POINT('',(156.491663097348,-32.0179743160428,10.5599999999999));
#439493=CARTESIAN_POINT('',(118.491662531104,-32.0179743160428,10.5599999999999));
#439494=CARTESIAN_POINT('',(156.491663097348,-36.0179743756475,10.5599999999999));
#439495=CARTESIAN_POINT('',(156.491663097348,-32.0179743160428,10.5599999999999));
#439496=CARTESIAN_POINT('',(152.491663037743,-38.0179744054498,10.5599999999999));
#439497=CARTESIAN_POINT('',(156.491663097348,-36.0179743756475,10.5599999999999));
#439498=CARTESIAN_POINT('',(122.491662590708,-38.0179744054498,10.5599999999999));
#439499=CARTESIAN_POINT('',(152.491663037743,-38.0179744054498,10.5599999999999));
#439500=CARTESIAN_POINT('',(118.491662531104,-36.0179743756475,10.5599999999999));
#439501=CARTESIAN_POINT('',(122.491662590708,-38.0179744054498,10.5599999999999));
#439502=CARTESIAN_POINT('',(118.491662531104,-36.0179743756475,10.5599999999999));
#439503=CARTESIAN_POINT('',(118.491662531104,1.08273656072503,10.5599999999999));
#439504=CARTESIAN_POINT('',(155.910035620001,1.08273656072503,10.5599999999999));
#439505=CARTESIAN_POINT('',(118.491662531104,1.08273656072504,10.5599999999999));
#439506=CARTESIAN_POINT('',(155.910035620001,-7.91726343927497,10.5599999999999));
#439507=CARTESIAN_POINT('',(155.910035620001,1.08273656072504,10.5599999999999));
#439508=CARTESIAN_POINT('',(118.491662531104,-7.91726343927497,10.5599999999999));
#439509=CARTESIAN_POINT('',(155.910035620001,-7.91726343927496,10.5599999999999));
#439510=CARTESIAN_POINT('',(118.491662531104,-7.91726343927496,10.5599999999999));
#439511=CARTESIAN_POINT('',(118.491662531104,-9.51797431604284,10.5599999999999));
#439512=CARTESIAN_POINT('',(156.491663097348,-9.51797431604284,10.5599999999999));
#439513=CARTESIAN_POINT('',(118.491662531104,-9.51797431604283,10.5599999999999));
#439514=CARTESIAN_POINT('',(156.491663097348,-13.5179743756475,10.5599999999999));
#439515=CARTESIAN_POINT('',(156.491663097348,-9.51797431604283,10.5599999999999));
#439516=CARTESIAN_POINT('',(152.491663037743,-15.5179744054498,10.5599999999999));
#439517=CARTESIAN_POINT('',(156.491663097348,-13.5179743756475,10.5599999999999));
#439518=CARTESIAN_POINT('',(122.491662590708,-15.5179744054498,10.5599999999999));
#439519=CARTESIAN_POINT('',(152.491663037743,-15.5179744054498,10.5599999999999));
#439520=CARTESIAN_POINT('',(118.491662531104,-13.5179743756475,10.5599999999999));
#439521=CARTESIAN_POINT('',(122.491662590708,-15.5179744054498,10.5599999999999));
#439522=CARTESIAN_POINT('',(118.491662531104,-13.5179743756475,10.5599999999999));
#439523=CARTESIAN_POINT('Origin',(160.5,-99.5,9.55999999999989));
#439524=CARTESIAN_POINT('',(155.5,-99.5,9.55999999999989));
#439525=CARTESIAN_POINT('Origin',(155.5,-94.5,9.55999999999989));
#439526=CARTESIAN_POINT('Origin',(114.5,-100.5,9.55999999999989));
#439527=CARTESIAN_POINT('Origin',(119.25,-95.75,7.55999999999989));
#439528=CARTESIAN_POINT('',(111.25,-95.75,7.55999999999989));
#439529=CARTESIAN_POINT('',(111.25,-95.75,7.55999999999989));
#439530=CARTESIAN_POINT('Origin',(119.25,-95.75,7.55999999999989));
#439531=CARTESIAN_POINT('Origin',(111.25,8.75,7.55999999999989));
#439532=CARTESIAN_POINT('',(111.25,0.75,7.55999999999989));
#439533=CARTESIAN_POINT('',(111.25,0.75,7.55999999999989));
#439534=CARTESIAN_POINT('',(111.25,8.75,7.55999999999989));
#439535=CARTESIAN_POINT('Origin',(119.25,0.75,7.55999999999989));
#439536=CARTESIAN_POINT('',(119.25,8.75,7.55999999999989));
#439537=CARTESIAN_POINT('',(119.25,8.75,7.55999999999989));
#439538=CARTESIAN_POINT('Origin',(119.25,0.75,7.55999999999989));
#439539=CARTESIAN_POINT('Origin',(163.75,8.75,7.55999999999989));
#439540=CARTESIAN_POINT('',(163.75,8.75,7.55999999999989));
#439541=CARTESIAN_POINT('Origin',(137.200849075552,-3.41726343927496,9.55999999999989));
#439542=CARTESIAN_POINT('',(118.491662531104,-7.91726343927496,9.55999999999989));
#439543=CARTESIAN_POINT('',(118.491662531104,1.08273656072504,9.55999999999989));
#439544=CARTESIAN_POINT('',(118.491662531104,-5.66726343927496,9.55999999999989));
#439545=CARTESIAN_POINT('',(155.910035620001,-7.91726343927496,9.55999999999989));
#439546=CARTESIAN_POINT('',(146.555442347776,-7.91726343927496,9.55999999999989));
#439547=CARTESIAN_POINT('',(155.910035620001,1.08273656072504,9.55999999999989));
#439548=CARTESIAN_POINT('',(155.910035620001,-1.16726343927496,9.55999999999989));
#439549=CARTESIAN_POINT('',(127.846255803328,1.08273656072504,9.55999999999989));
#439550=CARTESIAN_POINT('',(119.491662531104,0.0827365607250385,9.55999999999989));
#439551=CARTESIAN_POINT('',(119.491662531104,-6.91726343927496,9.55999999999989));
#439552=CARTESIAN_POINT('',(119.491662531104,-1.66726343927496,9.55999999999989));
#439553=CARTESIAN_POINT('',(154.910035620001,0.0827365607250385,9.55999999999989));
#439554=CARTESIAN_POINT('',(146.055442347776,0.0827365607250385,9.55999999999989));
#439555=CARTESIAN_POINT('',(154.910035620001,-6.91726343927496,9.55999999999989));
#439556=CARTESIAN_POINT('',(154.910035620001,-5.16726343927496,9.55999999999989));
#439557=CARTESIAN_POINT('',(128.346255803328,-6.91726343927496,9.55999999999989));
#439558=CARTESIAN_POINT('Origin',(154.910035620001,-6.91726343927496,9.55999999999989));
#439559=CARTESIAN_POINT('',(154.910035620001,0.0827365607250385,10.5599999999999));
#439560=CARTESIAN_POINT('',(154.910035620001,0.0827365607250385,9.55999999999989));
#439561=CARTESIAN_POINT('',(154.910035620001,-6.91726343927496,10.5599999999999));
#439562=CARTESIAN_POINT('',(154.910035620001,-12.6452432071795,10.5599999999999));
#439563=CARTESIAN_POINT('',(154.910035620001,-6.91726343927496,9.55999999999989));
#439564=CARTESIAN_POINT('Origin',(154.910035620001,0.0827365607250385,9.55999999999989));
#439565=CARTESIAN_POINT('',(119.491662531104,0.0827365607250383,10.5599999999999));
#439566=CARTESIAN_POINT('',(119.491662531104,0.0827365607250383,9.55999999999989));
#439567=CARTESIAN_POINT('',(146.200849217113,0.0827365607250385,10.5599999999999));
#439568=CARTESIAN_POINT('Origin',(155.910035620001,1.08273656072504,9.55999999999989));
#439569=CARTESIAN_POINT('',(155.910035620001,-7.91726343927496,9.55999999999989));
#439570=CARTESIAN_POINT('',(155.910035620001,1.08273656072504,9.55999999999989));
#439571=CARTESIAN_POINT('Origin',(155.910035620001,-7.91726343927496,9.55999999999989));
#439572=CARTESIAN_POINT('',(118.491662531104,-7.91726343927496,9.55999999999989));
#439573=CARTESIAN_POINT('Origin',(137.491662814226,-20.0179743607463,9.55999999999989));
#439574=CARTESIAN_POINT('',(152.491663037743,-23.0179744054498,9.55999999999989));
#439575=CARTESIAN_POINT('',(122.491662590708,-23.0179744054498,9.55999999999989));
#439576=CARTESIAN_POINT('',(144.991662925984,-23.0179744054498,9.55999999999989));
#439577=CARTESIAN_POINT('',(156.491663097348,-21.0179743756475,9.55999999999989));
#439578=CARTESIAN_POINT('',(149.091662987079,-24.7179744307818,9.55999999999989));
#439579=CARTESIAN_POINT('',(156.491663097348,-17.0179743160428,9.55999999999989));
#439580=CARTESIAN_POINT('',(156.491663097348,-18.5179743383946,9.55999999999989));
#439581=CARTESIAN_POINT('',(118.491662531104,-17.0179743160428,9.55999999999989));
#439582=CARTESIAN_POINT('',(127.991662672665,-17.0179743160428,9.55999999999989));
#439583=CARTESIAN_POINT('',(118.491662531104,-21.0179743756475,9.55999999999989));
#439584=CARTESIAN_POINT('',(118.491662531104,-20.5179743681969,9.55999999999989));
#439585=CARTESIAN_POINT('',(127.891662671174,-25.7179744456829,9.55999999999989));
#439586=CARTESIAN_POINT('',(152.255595060243,-22.0179744054498,9.55999999999989));
#439587=CARTESIAN_POINT('',(155.491663097348,-20.3999403868976,9.55999999999989));
#439588=CARTESIAN_POINT('',(146.750022170777,-24.770760850183,9.55999999999989));
#439589=CARTESIAN_POINT('',(122.727730568208,-22.0179744054498,9.55999999999989));
#439590=CARTESIAN_POINT('',(130.109696691217,-22.0179744054498,9.55999999999989));
#439591=CARTESIAN_POINT('',(119.491662531104,-20.3999403868976,9.55999999999989));
#439592=CARTESIAN_POINT('',(126.615269439122,-23.9617438409069,9.55999999999989));
#439593=CARTESIAN_POINT('',(119.491662531104,-18.0179743160428,9.55999999999989));
#439594=CARTESIAN_POINT('',(119.491662531104,-19.0179743383946,9.55999999999989));
#439595=CARTESIAN_POINT('',(155.491663097348,-18.0179743160428,9.55999999999989));
#439596=CARTESIAN_POINT('',(146.491662955787,-18.0179743160428,9.55999999999989));
#439597=CARTESIAN_POINT('',(155.491663097348,-20.2089573738219,9.55999999999989));
#439598=CARTESIAN_POINT('Origin',(119.491662531104,-18.0179743160428,9.55999999999989));
#439599=CARTESIAN_POINT('',(119.491662531104,-20.3999403868976,10.5599999999999));
#439600=CARTESIAN_POINT('',(119.491662531104,-20.3999403868976,9.55999999999989));
#439601=CARTESIAN_POINT('',(119.491662531104,-18.0179743160428,10.5599999999999));
#439602=CARTESIAN_POINT('',(119.491662531104,-18.1955986455634,10.5599999999999));
#439603=CARTESIAN_POINT('',(119.491662531104,-18.0179743160428,9.55999999999989));
#439604=CARTESIAN_POINT('Origin',(119.491662531104,-20.3999403868976,9.55999999999989));
#439605=CARTESIAN_POINT('',(122.727730568208,-22.0179744054498,10.5599999999999));
#439606=CARTESIAN_POINT('',(122.727730568208,-22.0179744054498,9.55999999999989));
#439607=CARTESIAN_POINT('',(126.28631916199,-23.7972687023406,10.5599999999999));
#439608=CARTESIAN_POINT('Origin',(122.727730568208,-22.0179744054498,9.55999999999989));
#439609=CARTESIAN_POINT('',(152.255595060243,-22.0179744054498,10.5599999999999));
#439610=CARTESIAN_POINT('',(152.255595060243,-22.0179744054498,9.55999999999989));
#439611=CARTESIAN_POINT('',(130.109696691217,-22.0179744054498,10.5599999999999));
#439612=CARTESIAN_POINT('Origin',(118.491662531104,-17.0179743160428,9.55999999999989));
#439613=CARTESIAN_POINT('',(156.491663097348,-17.0179743160428,9.55999999999989));
#439614=CARTESIAN_POINT('',(118.491662531104,-17.0179743160428,9.55999999999989));
#439615=CARTESIAN_POINT('Origin',(156.491663097348,-17.0179743160428,9.55999999999989));
#439616=CARTESIAN_POINT('',(156.491663097348,-21.0179743756475,9.55999999999989));
#439617=CARTESIAN_POINT('Origin',(156.491663097348,-21.0179743756475,9.55999999999989));
#439618=CARTESIAN_POINT('',(152.491663037743,-23.0179744054498,9.55999999999989));
#439619=CARTESIAN_POINT('Origin',(137.491662814226,-35.0179743607463,9.55999999999989));
#439620=CARTESIAN_POINT('',(152.491663037743,-38.0179744054498,9.55999999999989));
#439621=CARTESIAN_POINT('',(122.491662590708,-38.0179744054498,9.55999999999989));
#439622=CARTESIAN_POINT('',(144.991662925984,-38.0179744054498,9.55999999999989));
#439623=CARTESIAN_POINT('',(156.491663097348,-36.0179743756475,9.55999999999989));
#439624=CARTESIAN_POINT('',(149.091662987079,-39.7179744307818,9.55999999999989));
#439625=CARTESIAN_POINT('',(156.491663097348,-32.0179743160428,9.55999999999989));
#439626=CARTESIAN_POINT('',(156.491663097348,-33.5179743383946,9.55999999999989));
#439627=CARTESIAN_POINT('',(118.491662531104,-32.0179743160428,9.55999999999989));
#439628=CARTESIAN_POINT('',(127.991662672665,-32.0179743160428,9.55999999999989));
#439629=CARTESIAN_POINT('',(118.491662531104,-36.0179743756475,9.55999999999989));
#439630=CARTESIAN_POINT('',(118.491662531104,-35.5179743681969,9.55999999999989));
#439631=CARTESIAN_POINT('',(127.891662671174,-40.7179744456829,9.55999999999989));
#439632=CARTESIAN_POINT('',(152.255595060243,-37.0179744054498,9.55999999999989));
#439633=CARTESIAN_POINT('',(155.491663097348,-35.3999403868976,9.55999999999989));
#439634=CARTESIAN_POINT('',(146.750022170777,-39.770760850183,9.55999999999989));
#439635=CARTESIAN_POINT('',(122.727730568208,-37.0179744054498,9.55999999999989));
#439636=CARTESIAN_POINT('',(130.109696691217,-37.0179744054498,9.55999999999989));
#439637=CARTESIAN_POINT('',(119.491662531104,-35.3999403868976,9.55999999999989));
#439638=CARTESIAN_POINT('',(126.615269439122,-38.9617438409069,9.55999999999989));
#439639=CARTESIAN_POINT('',(119.491662531104,-33.0179743160428,9.55999999999989));
#439640=CARTESIAN_POINT('',(119.491662531104,-34.0179743383946,9.55999999999989));
#439641=CARTESIAN_POINT('',(155.491663097348,-33.0179743160428,9.55999999999989));
#439642=CARTESIAN_POINT('',(146.491662955787,-33.0179743160428,9.55999999999989));
#439643=CARTESIAN_POINT('',(155.491663097348,-35.2089573738219,9.55999999999989));
#439644=CARTESIAN_POINT('Origin',(119.491662531104,-33.0179743160428,9.55999999999989));
#439645=CARTESIAN_POINT('',(119.491662531104,-35.3999403868976,10.5599999999999));
#439646=CARTESIAN_POINT('',(119.491662531104,-35.3999403868976,9.55999999999989));
#439647=CARTESIAN_POINT('',(119.491662531104,-33.0179743160428,10.5599999999999));
#439648=CARTESIAN_POINT('',(119.491662531104,-25.6955986455634,10.5599999999999));
#439649=CARTESIAN_POINT('',(119.491662531104,-33.0179743160428,9.55999999999989));
#439650=CARTESIAN_POINT('Origin',(119.491662531104,-35.3999403868976,9.55999999999989));
#439651=CARTESIAN_POINT('',(122.727730568208,-37.0179744054498,10.5599999999999));
#439652=CARTESIAN_POINT('',(122.727730568208,-37.0179744054498,9.55999999999989));
#439653=CARTESIAN_POINT('',(123.28631916199,-37.2972687023406,10.5599999999999));
#439654=CARTESIAN_POINT('Origin',(122.727730568208,-37.0179744054498,9.55999999999989));
#439655=CARTESIAN_POINT('',(152.255595060243,-37.0179744054498,10.5599999999999));
#439656=CARTESIAN_POINT('',(152.255595060243,-37.0179744054498,9.55999999999989));
#439657=CARTESIAN_POINT('',(130.109696691217,-37.0179744054498,10.5599999999999));
#439658=CARTESIAN_POINT('Origin',(118.491662531104,-32.0179743160428,9.55999999999989));
#439659=CARTESIAN_POINT('',(156.491663097348,-32.0179743160428,9.55999999999989));
#439660=CARTESIAN_POINT('',(118.491662531104,-32.0179743160428,9.55999999999989));
#439661=CARTESIAN_POINT('Origin',(156.491663097348,-32.0179743160428,9.55999999999989));
#439662=CARTESIAN_POINT('',(156.491663097348,-36.0179743756475,9.55999999999989));
#439663=CARTESIAN_POINT('Origin',(156.491663097348,-36.0179743756475,9.55999999999989));
#439664=CARTESIAN_POINT('',(152.491663037743,-38.0179744054498,9.55999999999989));
#439665=CARTESIAN_POINT('Origin',(137.491662814226,-27.5179743607463,9.55999999999989));
#439666=CARTESIAN_POINT('',(152.491663037743,-30.5179744054498,9.55999999999989));
#439667=CARTESIAN_POINT('',(122.491662590708,-30.5179744054498,9.55999999999989));
#439668=CARTESIAN_POINT('',(144.991662925984,-30.5179744054498,9.55999999999989));
#439669=CARTESIAN_POINT('',(156.491663097348,-28.5179743756475,9.55999999999989));
#439670=CARTESIAN_POINT('',(149.091662987079,-32.2179744307818,9.55999999999989));
#439671=CARTESIAN_POINT('',(156.491663097348,-24.5179743160428,9.55999999999989));
#439672=CARTESIAN_POINT('',(156.491663097348,-26.0179743383946,9.55999999999989));
#439673=CARTESIAN_POINT('',(118.491662531104,-24.5179743160428,9.55999999999989));
#439674=CARTESIAN_POINT('',(127.991662672665,-24.5179743160428,9.55999999999989));
#439675=CARTESIAN_POINT('',(118.491662531104,-28.5179743756475,9.55999999999989));
#439676=CARTESIAN_POINT('',(118.491662531104,-28.0179743681969,9.55999999999989));
#439677=CARTESIAN_POINT('',(127.891662671174,-33.2179744456829,9.55999999999989));
#439678=CARTESIAN_POINT('',(122.727730568208,-29.5179744054498,9.55999999999989));
#439679=CARTESIAN_POINT('',(152.255595060243,-29.5179744054498,9.55999999999989));
#439680=CARTESIAN_POINT('',(130.109696691217,-29.5179744054498,9.55999999999989));
#439681=CARTESIAN_POINT('',(119.491662531104,-27.8999403868976,9.55999999999989));
#439682=CARTESIAN_POINT('',(126.615269439122,-31.4617438409069,9.55999999999989));
#439683=CARTESIAN_POINT('',(119.491662531104,-25.5179743160428,9.55999999999989));
#439684=CARTESIAN_POINT('',(119.491662531104,-26.5179743383946,9.55999999999989));
#439685=CARTESIAN_POINT('',(155.491663097348,-25.5179743160428,9.55999999999989));
#439686=CARTESIAN_POINT('',(146.491662955787,-25.5179743160428,9.55999999999989));
#439687=CARTESIAN_POINT('',(155.491663097348,-27.8999403868976,9.55999999999989));
#439688=CARTESIAN_POINT('',(155.491663097348,-27.7089573738219,9.55999999999989));
#439689=CARTESIAN_POINT('',(146.750022170777,-32.270760850183,9.55999999999989));
#439690=CARTESIAN_POINT('Origin',(155.491663097348,-25.5179743160428,9.55999999999989));
#439691=CARTESIAN_POINT('',(119.491662531104,-25.5179743160428,10.5599999999999));
#439692=CARTESIAN_POINT('',(119.491662531104,-25.5179743160428,9.55999999999989));
#439693=CARTESIAN_POINT('',(155.491663097348,-25.5179743160428,10.5599999999999));
#439694=CARTESIAN_POINT('',(146.491662955787,-25.5179743160428,10.5599999999999));
#439695=CARTESIAN_POINT('',(155.491663097348,-25.5179743160428,9.55999999999989));
#439696=CARTESIAN_POINT('Origin',(119.491662531104,-25.5179743160428,9.55999999999989));
#439697=CARTESIAN_POINT('',(119.491662531104,-27.8999403868976,10.5599999999999));
#439698=CARTESIAN_POINT('',(119.491662531104,-27.8999403868976,9.55999999999989));
#439699=CARTESIAN_POINT('',(119.491662531104,-21.9455986455634,10.5599999999999));
#439700=CARTESIAN_POINT('Origin',(119.491662531104,-27.8999403868976,9.55999999999989));
#439701=CARTESIAN_POINT('',(122.727730568208,-29.5179744054498,10.5599999999999));
#439702=CARTESIAN_POINT('',(122.727730568208,-29.5179744054498,9.55999999999989));
#439703=CARTESIAN_POINT('',(124.78631916199,-30.5472687023406,10.5599999999999));
#439704=CARTESIAN_POINT('Origin',(118.491662531104,-24.5179743160428,9.55999999999989));
#439705=CARTESIAN_POINT('',(156.491663097348,-24.5179743160428,9.55999999999989));
#439706=CARTESIAN_POINT('',(118.491662531104,-24.5179743160428,9.55999999999989));
#439707=CARTESIAN_POINT('Origin',(156.491663097348,-24.5179743160428,9.55999999999989));
#439708=CARTESIAN_POINT('',(156.491663097348,-28.5179743756475,9.55999999999989));
#439709=CARTESIAN_POINT('Origin',(156.491663097348,-28.5179743756475,9.55999999999989));
#439710=CARTESIAN_POINT('',(152.491663037743,-30.5179744054498,9.55999999999989));
#439711=CARTESIAN_POINT('Origin',(137.491662814226,-12.5179743607463,9.55999999999989));
#439712=CARTESIAN_POINT('',(152.491663037743,-15.5179744054498,9.55999999999989));
#439713=CARTESIAN_POINT('',(122.491662590708,-15.5179744054498,9.55999999999989));
#439714=CARTESIAN_POINT('',(144.991662925984,-15.5179744054498,9.55999999999989));
#439715=CARTESIAN_POINT('',(156.491663097348,-13.5179743756475,9.55999999999989));
#439716=CARTESIAN_POINT('',(149.091662987079,-17.2179744307818,9.55999999999989));
#439717=CARTESIAN_POINT('',(156.491663097348,-9.51797431604283,9.55999999999989));
#439718=CARTESIAN_POINT('',(156.491663097348,-11.0179743383946,9.55999999999989));
#439719=CARTESIAN_POINT('',(118.491662531104,-9.51797431604283,9.55999999999989));
#439720=CARTESIAN_POINT('',(127.991662672665,-9.51797431604283,9.55999999999989));
#439721=CARTESIAN_POINT('',(118.491662531104,-13.5179743756475,9.55999999999989));
#439722=CARTESIAN_POINT('',(118.491662531104,-13.0179743681969,9.55999999999989));
#439723=CARTESIAN_POINT('',(127.891662671174,-18.2179744456829,9.55999999999989));
#439724=CARTESIAN_POINT('',(122.727730568208,-14.5179744054498,9.55999999999989));
#439725=CARTESIAN_POINT('',(152.255595060243,-14.5179744054498,9.55999999999989));
#439726=CARTESIAN_POINT('',(130.109696691217,-14.5179744054498,9.55999999999989));
#439727=CARTESIAN_POINT('',(119.491662531104,-12.8999403868976,9.55999999999989));
#439728=CARTESIAN_POINT('',(126.615269439122,-16.4617438409069,9.55999999999989));
#439729=CARTESIAN_POINT('',(119.491662531104,-10.5179743160428,9.55999999999989));
#439730=CARTESIAN_POINT('',(119.491662531104,-11.5179743383946,9.55999999999989));
#439731=CARTESIAN_POINT('',(155.491663097348,-10.5179743160428,9.55999999999989));
#439732=CARTESIAN_POINT('',(146.491662955787,-10.5179743160428,9.55999999999989));
#439733=CARTESIAN_POINT('',(155.491663097348,-12.8999403868976,9.55999999999989));
#439734=CARTESIAN_POINT('',(155.491663097348,-12.7089573738219,9.55999999999989));
#439735=CARTESIAN_POINT('',(146.750022170777,-17.270760850183,9.55999999999989));
#439736=CARTESIAN_POINT('Origin',(155.491663097348,-10.5179743160428,9.55999999999989));
#439737=CARTESIAN_POINT('',(119.491662531104,-10.5179743160428,10.5599999999999));
#439738=CARTESIAN_POINT('',(119.491662531104,-10.5179743160428,9.55999999999989));
#439739=CARTESIAN_POINT('',(155.491663097348,-10.5179743160428,10.5599999999999));
#439740=CARTESIAN_POINT('',(146.491662955787,-10.5179743160428,10.5599999999999));
#439741=CARTESIAN_POINT('',(155.491663097348,-10.5179743160428,9.55999999999989));
#439742=CARTESIAN_POINT('Origin',(119.491662531104,-10.5179743160428,9.55999999999989));
#439743=CARTESIAN_POINT('',(119.491662531104,-12.8999403868976,10.5599999999999));
#439744=CARTESIAN_POINT('',(119.491662531104,-12.8999403868976,9.55999999999989));
#439745=CARTESIAN_POINT('',(119.491662531104,-14.4455986455634,10.5599999999999));
#439746=CARTESIAN_POINT('Origin',(119.491662531104,-12.8999403868976,9.55999999999989));
#439747=CARTESIAN_POINT('',(122.727730568208,-14.5179744054498,10.5599999999999));
#439748=CARTESIAN_POINT('',(122.727730568208,-14.5179744054498,9.55999999999989));
#439749=CARTESIAN_POINT('',(127.78631916199,-17.0472687023406,10.5599999999999));
#439750=CARTESIAN_POINT('Origin',(118.491662531104,-9.51797431604283,9.55999999999989));
#439751=CARTESIAN_POINT('',(156.491663097348,-9.51797431604283,9.55999999999989));
#439752=CARTESIAN_POINT('',(118.491662531104,-9.51797431604283,9.55999999999989));
#439753=CARTESIAN_POINT('Origin',(156.491663097348,-9.51797431604283,9.55999999999989));
#439754=CARTESIAN_POINT('',(156.491663097348,-13.5179743756475,9.55999999999989));
#439755=CARTESIAN_POINT('Origin',(156.491663097348,-13.5179743756475,9.55999999999989));
#439756=CARTESIAN_POINT('',(152.491663037743,-15.5179744054498,9.55999999999989));
#439757=CARTESIAN_POINT('Origin',(137.491662814226,-18.373222975084,10.5599999999999));
#439758=CARTESIAN_POINT('',(119.491662531104,-6.91726343927496,10.5599999999999));
#439759=CARTESIAN_POINT('',(119.491662531104,-9.14524320717946,10.5599999999999));
#439760=CARTESIAN_POINT('',(128.491662672665,-6.91726343927496,10.5599999999999));
#439761=CARTESIAN_POINT('',(135.555950659377,-1.01797437564748,10.5599999999999));
#439762=CARTESIAN_POINT('Origin',(134.805950659377,-1.01797437564748,10.5599999999999));
#439763=CARTESIAN_POINT('',(128.398807802235,-1.01797437564748,10.5599999999999));
#439764=CARTESIAN_POINT('Origin',(127.648807802235,-1.01797437564748,10.5599999999999));
#439765=CARTESIAN_POINT('',(133.170236373663,-5.91797437564748,10.5599999999999));
#439766=CARTESIAN_POINT('Origin',(132.420236373663,-5.91797437564748,10.5599999999999));
#439767=CARTESIAN_POINT('',(145.098807802235,-3.46797437564748,10.5599999999999));
#439768=CARTESIAN_POINT('Origin',(144.348807802235,-3.46797437564748,10.5599999999999));
#439769=CARTESIAN_POINT('',(147.484522087949,-3.46797437564748,10.5599999999999));
#439770=CARTESIAN_POINT('Origin',(146.734522087949,-3.46797437564748,10.5599999999999));
#439771=CARTESIAN_POINT('',(140.327379230806,-5.91797437564748,10.5599999999999));
#439772=CARTESIAN_POINT('Origin',(139.577379230806,-5.91797437564748,10.5599999999999));
#439773=CARTESIAN_POINT('',(135.555950659377,-3.46797437564748,10.5599999999999));
#439774=CARTESIAN_POINT('Origin',(134.805950659377,-3.46797437564748,10.5599999999999));
#439775=CARTESIAN_POINT('',(128.398807802235,-5.91797437564748,10.5599999999999));
#439776=CARTESIAN_POINT('Origin',(127.648807802235,-5.91797437564748,10.5599999999999));
#439777=CARTESIAN_POINT('',(121.241664945092,-5.91797437564748,10.5599999999999));
#439778=CARTESIAN_POINT('Origin',(120.491664945092,-5.91797437564748,10.5599999999999));
#439779=CARTESIAN_POINT('',(142.71309351652,-1.01797437564748,10.5599999999999));
#439780=CARTESIAN_POINT('Origin',(141.96309351652,-1.01797437564748,10.5599999999999));
#439781=CARTESIAN_POINT('',(123.627379230806,-1.01797437564748,10.5599999999999));
#439782=CARTESIAN_POINT('Origin',(122.877379230806,-1.01797437564748,10.5599999999999));
#439783=CARTESIAN_POINT('',(140.327379230806,-1.01797437564748,10.5599999999999));
#439784=CARTESIAN_POINT('Origin',(139.577379230806,-1.01797437564748,10.5599999999999));
#439785=CARTESIAN_POINT('',(147.484522087949,-1.01797437564748,10.5599999999999));
#439786=CARTESIAN_POINT('Origin',(146.734522087949,-1.01797437564748,10.5599999999999));
#439787=CARTESIAN_POINT('',(130.784522087949,-1.01797437564748,10.5599999999999));
#439788=CARTESIAN_POINT('Origin',(130.034522087949,-1.01797437564748,10.5599999999999));
#439789=CARTESIAN_POINT('',(149.870236373663,-1.01797437564748,10.5599999999999));
#439790=CARTESIAN_POINT('Origin',(149.120236373663,-1.01797437564748,10.5599999999999));
#439791=CARTESIAN_POINT('',(137.941664945092,-3.46797437564748,10.5599999999999));
#439792=CARTESIAN_POINT('Origin',(137.191664945092,-3.46797437564748,10.5599999999999));
#439793=CARTESIAN_POINT('',(152.255950659377,-5.91797437564748,10.5599999999999));
#439794=CARTESIAN_POINT('Origin',(151.505950659377,-5.91797437564748,10.5599999999999));
#439795=CARTESIAN_POINT('',(128.398807802235,-3.46797437564748,10.5599999999999));
#439796=CARTESIAN_POINT('Origin',(127.648807802235,-3.46797437564748,10.5599999999999));
#439797=CARTESIAN_POINT('',(149.870236373663,-3.46797437564748,10.5599999999999));
#439798=CARTESIAN_POINT('Origin',(149.120236373663,-3.46797437564748,10.5599999999999));
#439799=CARTESIAN_POINT('',(154.641664945092,-5.91797437564748,10.5599999999999));
#439800=CARTESIAN_POINT('Origin',(153.891664945092,-5.91797437564748,10.5599999999999));
#439801=CARTESIAN_POINT('',(149.870236373663,-5.91797437564748,10.5599999999999));
#439802=CARTESIAN_POINT('Origin',(149.120236373663,-5.91797437564748,10.5599999999999));
#439803=CARTESIAN_POINT('',(123.627379230806,-5.91797437564748,10.5599999999999));
#439804=CARTESIAN_POINT('Origin',(122.877379230806,-5.91797437564748,10.5599999999999));
#439805=CARTESIAN_POINT('',(142.71309351652,-5.91797437564748,10.5599999999999));
#439806=CARTESIAN_POINT('Origin',(141.96309351652,-5.91797437564748,10.5599999999999));
#439807=CARTESIAN_POINT('',(152.255950659377,-3.46797437564748,10.5599999999999));
#439808=CARTESIAN_POINT('Origin',(151.505950659377,-3.46797437564748,10.5599999999999));
#439809=CARTESIAN_POINT('',(154.641664945092,-3.46797437564748,10.5599999999999));
#439810=CARTESIAN_POINT('Origin',(153.891664945092,-3.46797437564748,10.5599999999999));
#439811=CARTESIAN_POINT('',(147.484522087949,-5.91797437564748,10.5599999999999));
#439812=CARTESIAN_POINT('Origin',(146.734522087949,-5.91797437564748,10.5599999999999));
#439813=CARTESIAN_POINT('',(121.241664945092,-3.46797437564748,10.5599999999999));
#439814=CARTESIAN_POINT('Origin',(120.491664945092,-3.46797437564748,10.5599999999999));
#439815=CARTESIAN_POINT('',(133.170236373663,-3.46797437564748,10.5599999999999));
#439816=CARTESIAN_POINT('Origin',(132.420236373663,-3.46797437564748,10.5599999999999));
#439817=CARTESIAN_POINT('',(145.098807802235,-1.01797437564748,10.5599999999999));
#439818=CARTESIAN_POINT('Origin',(144.348807802235,-1.01797437564748,10.5599999999999));
#439819=CARTESIAN_POINT('',(121.241664945092,-1.01797437564748,10.5599999999999));
#439820=CARTESIAN_POINT('Origin',(120.491664945092,-1.01797437564748,10.5599999999999));
#439821=CARTESIAN_POINT('',(126.01309351652,-3.46797437564748,10.5599999999999));
#439822=CARTESIAN_POINT('Origin',(125.26309351652,-3.46797437564748,10.5599999999999));
#439823=CARTESIAN_POINT('',(152.255950659377,-1.01797437564748,10.5599999999999));
#439824=CARTESIAN_POINT('Origin',(151.505950659377,-1.01797437564748,10.5599999999999));
#439825=CARTESIAN_POINT('',(126.01309351652,-1.01797437564748,10.5599999999999));
#439826=CARTESIAN_POINT('Origin',(125.26309351652,-1.01797437564748,10.5599999999999));
#439827=CARTESIAN_POINT('',(123.627379230806,-3.46797437564748,10.5599999999999));
#439828=CARTESIAN_POINT('Origin',(122.877379230806,-3.46797437564748,10.5599999999999));
#439829=CARTESIAN_POINT('',(137.941664945092,-1.01797437564748,10.5599999999999));
#439830=CARTESIAN_POINT('Origin',(137.191664945092,-1.01797437564748,10.5599999999999));
#439831=CARTESIAN_POINT('',(130.784522087949,-3.46797437564748,10.5599999999999));
#439832=CARTESIAN_POINT('Origin',(130.034522087949,-3.46797437564748,10.5599999999999));
#439833=CARTESIAN_POINT('',(133.170236373663,-1.01797437564748,10.5599999999999));
#439834=CARTESIAN_POINT('Origin',(132.420236373663,-1.01797437564748,10.5599999999999));
#439835=CARTESIAN_POINT('',(154.641664945092,-1.01797437564748,10.5599999999999));
#439836=CARTESIAN_POINT('Origin',(153.891664945092,-1.01797437564748,10.5599999999999));
#439837=CARTESIAN_POINT('',(135.555950659377,-5.91797437564748,10.5599999999999));
#439838=CARTESIAN_POINT('Origin',(134.805950659377,-5.91797437564748,10.5599999999999));
#439839=CARTESIAN_POINT('',(140.327379230806,-3.46797437564748,10.5599999999999));
#439840=CARTESIAN_POINT('Origin',(139.577379230806,-3.46797437564748,10.5599999999999));
#439841=CARTESIAN_POINT('',(145.098807802235,-5.91797437564748,10.5599999999999));
#439842=CARTESIAN_POINT('Origin',(144.348807802235,-5.91797437564748,10.5599999999999));
#439843=CARTESIAN_POINT('',(126.01309351652,-5.91797437564748,10.5599999999999));
#439844=CARTESIAN_POINT('Origin',(125.26309351652,-5.91797437564748,10.5599999999999));
#439845=CARTESIAN_POINT('',(137.941664945092,-5.91797437564748,10.5599999999999));
#439846=CARTESIAN_POINT('Origin',(137.191664945092,-5.91797437564748,10.5599999999999));
#439847=CARTESIAN_POINT('',(130.784522087949,-5.91797437564748,10.5599999999999));
#439848=CARTESIAN_POINT('Origin',(130.034522087949,-5.91797437564748,10.5599999999999));
#439849=CARTESIAN_POINT('',(142.71309351652,-3.46797437564748,10.5599999999999));
#439850=CARTESIAN_POINT('Origin',(141.96309351652,-3.46797437564748,10.5599999999999));
#439851=CARTESIAN_POINT('Origin',(137.491662814226,-18.373222975084,10.5599999999999));
#439852=CARTESIAN_POINT('',(155.491663097348,-20.3999403868976,10.5599999999999));
#439853=CARTESIAN_POINT('',(147.078972447909,-24.6062857116167,10.5599999999999));
#439854=CARTESIAN_POINT('',(155.491663097348,-18.0179743160428,10.5599999999999));
#439855=CARTESIAN_POINT('',(155.491663097348,-19.3865816809908,10.5599999999999));
#439856=CARTESIAN_POINT('',(146.491662955787,-18.0179743160428,10.5599999999999));
#439857=CARTESIAN_POINT('',(139.315584767121,-20.9830162181662,10.5599999999999));
#439858=CARTESIAN_POINT('Origin',(138.565584767121,-20.9830162181662,10.5599999999999));
#439859=CARTESIAN_POINT('',(150.738661690198,-19.0483049458251,10.5599999999999));
#439860=CARTESIAN_POINT('Origin',(149.988661690198,-19.0483049458251,10.5599999999999));
#439861=CARTESIAN_POINT('',(130.338661690198,-19.0483049458251,10.5599999999999));
#439862=CARTESIAN_POINT('Origin',(129.588661690198,-19.0483049458251,10.5599999999999));
#439863=CARTESIAN_POINT('',(155.271995023531,-19.0483049458251,10.5599999999999));
#439864=CARTESIAN_POINT('Origin',(154.521995023531,-19.0483049458251,10.5599999999999));
#439865=CARTESIAN_POINT('',(123.538661690198,-20.9830162181662,10.5599999999999));
#439866=CARTESIAN_POINT('Origin',(122.788661690198,-20.9830162181662,10.5599999999999));
#439867=CARTESIAN_POINT('',(137.061738613275,-20.9830162181662,10.5599999999999));
#439868=CARTESIAN_POINT('Origin',(136.311738613275,-20.9830162181662,10.5599999999999));
#439869=CARTESIAN_POINT('',(143.938661690198,-19.0483049458251,10.5599999999999));
#439870=CARTESIAN_POINT('Origin',(143.188661690198,-19.0483049458251,10.5599999999999));
#439871=CARTESIAN_POINT('',(128.071995023531,-19.0483049458251,10.5599999999999));
#439872=CARTESIAN_POINT('Origin',(127.321995023531,-19.0483049458251,10.5599999999999));
#439873=CARTESIAN_POINT('',(121.271995023531,-19.0483049458251,10.5599999999999));
#439874=CARTESIAN_POINT('Origin',(120.521995023531,-19.0483049458251,10.5599999999999));
#439875=CARTESIAN_POINT('',(123.538661690198,-19.0483049458251,10.5599999999999));
#439876=CARTESIAN_POINT('Origin',(122.788661690198,-19.0483049458251,10.5599999999999));
#439877=CARTESIAN_POINT('',(148.330969382505,-20.9830162181662,10.5599999999999));
#439878=CARTESIAN_POINT('Origin',(147.580969382505,-20.9830162181662,10.5599999999999));
#439879=CARTESIAN_POINT('',(150.584815536352,-20.9830162181662,10.5599999999999));
#439880=CARTESIAN_POINT('Origin',(149.834815536352,-20.9830162181662,10.5599999999999));
#439881=CARTESIAN_POINT('',(132.605328356864,-19.0483049458251,10.5599999999999));
#439882=CARTESIAN_POINT('Origin',(131.855328356864,-19.0483049458251,10.5599999999999));
#439883=CARTESIAN_POINT('',(134.807892459428,-20.9830162181662,10.5599999999999));
#439884=CARTESIAN_POINT('Origin',(134.057892459428,-20.9830162181662,10.5599999999999));
#439885=CARTESIAN_POINT('',(146.205328356864,-19.0483049458251,10.5599999999999));
#439886=CARTESIAN_POINT('Origin',(145.455328356864,-19.0483049458251,10.5599999999999));
#439887=CARTESIAN_POINT('',(130.300200151736,-20.9830162181662,10.5599999999999));
#439888=CARTESIAN_POINT('Origin',(129.550200151736,-20.9830162181662,10.5599999999999));
#439889=CARTESIAN_POINT('',(152.838661690198,-20.9830162181662,10.5599999999999));
#439890=CARTESIAN_POINT('Origin',(152.088661690198,-20.9830162181662,10.5599999999999));
#439891=CARTESIAN_POINT('',(141.569430920967,-20.9830162181662,10.5599999999999));
#439892=CARTESIAN_POINT('Origin',(140.819430920967,-20.9830162181662,10.5599999999999));
#439893=CARTESIAN_POINT('',(148.471995023531,-19.0483049458251,10.5599999999999));
#439894=CARTESIAN_POINT('Origin',(147.721995023531,-19.0483049458251,10.5599999999999));
#439895=CARTESIAN_POINT('',(132.554046305582,-20.9830162181662,10.5599999999999));
#439896=CARTESIAN_POINT('Origin',(131.804046305582,-20.9830162181662,10.5599999999999));
#439897=CARTESIAN_POINT('',(146.077123228659,-20.9830162181662,10.5599999999999));
#439898=CARTESIAN_POINT('Origin',(145.327123228659,-20.9830162181662,10.5599999999999));
#439899=CARTESIAN_POINT('',(128.04635399789,-20.9830162181662,10.5599999999999));
#439900=CARTESIAN_POINT('Origin',(127.29635399789,-20.9830162181662,10.5599999999999));
#439901=CARTESIAN_POINT('',(153.005328356864,-19.0483049458251,10.5599999999999));
#439902=CARTESIAN_POINT('Origin',(152.255328356864,-19.0483049458251,10.5599999999999));
#439903=CARTESIAN_POINT('',(139.405328356864,-19.0483049458251,10.5599999999999));
#439904=CARTESIAN_POINT('Origin',(138.655328356864,-19.0483049458251,10.5599999999999));
#439905=CARTESIAN_POINT('',(141.671995023531,-19.0483049458251,10.5599999999999));
#439906=CARTESIAN_POINT('Origin',(140.921995023531,-19.0483049458251,10.5599999999999));
#439907=CARTESIAN_POINT('',(134.871995023531,-19.0483049458251,10.5599999999999));
#439908=CARTESIAN_POINT('Origin',(134.121995023531,-19.0483049458251,10.5599999999999));
#439909=CARTESIAN_POINT('',(125.805328356864,-19.0483049458251,10.5599999999999));
#439910=CARTESIAN_POINT('Origin',(125.055328356864,-19.0483049458251,10.5599999999999));
#439911=CARTESIAN_POINT('',(143.823277074813,-20.9830162181662,10.5599999999999));
#439912=CARTESIAN_POINT('Origin',(143.073277074813,-20.9830162181662,10.5599999999999));
#439913=CARTESIAN_POINT('',(137.138661690198,-19.0483049458251,10.5599999999999));
#439914=CARTESIAN_POINT('Origin',(136.388661690198,-19.0483049458251,10.5599999999999));
#439915=CARTESIAN_POINT('',(125.792507844044,-20.9830162181662,10.5599999999999));
#439916=CARTESIAN_POINT('Origin',(125.042507844044,-20.9830162181662,10.5599999999999));
#439917=CARTESIAN_POINT('Origin',(137.491662814226,-18.373222975084,10.5599999999999));
#439918=CARTESIAN_POINT('',(155.491663097348,-35.3999403868976,10.5599999999999));
#439919=CARTESIAN_POINT('',(150.078972447909,-38.1062857116167,10.5599999999999));
#439920=CARTESIAN_POINT('',(155.491663097348,-33.0179743160428,10.5599999999999));
#439921=CARTESIAN_POINT('',(155.491663097348,-26.8865816809908,10.5599999999999));
#439922=CARTESIAN_POINT('',(146.491662955787,-33.0179743160428,10.5599999999999));
#439923=CARTESIAN_POINT('',(155.271995023531,-34.0483049458251,10.5599999999999));
#439924=CARTESIAN_POINT('Origin',(154.521995023531,-34.0483049458251,10.5599999999999));
#439925=CARTESIAN_POINT('',(130.300200151736,-35.9830162181662,10.5599999999999));
#439926=CARTESIAN_POINT('Origin',(129.550200151736,-35.9830162181662,10.5599999999999));
#439927=CARTESIAN_POINT('',(148.330969382505,-35.9830162181662,10.5599999999999));
#439928=CARTESIAN_POINT('Origin',(147.580969382505,-35.9830162181662,10.5599999999999));
#439929=CARTESIAN_POINT('',(143.823277074813,-35.9830162181662,10.5599999999999));
#439930=CARTESIAN_POINT('Origin',(143.073277074813,-35.9830162181662,10.5599999999999));
#439931=CARTESIAN_POINT('',(123.538661690198,-34.0483049458251,10.5599999999999));
#439932=CARTESIAN_POINT('Origin',(122.788661690198,-34.0483049458251,10.5599999999999));
#439933=CARTESIAN_POINT('',(141.671995023531,-34.0483049458251,10.5599999999999));
#439934=CARTESIAN_POINT('Origin',(140.921995023531,-34.0483049458251,10.5599999999999));
#439935=CARTESIAN_POINT('',(150.584815536352,-35.9830162181662,10.5599999999999));
#439936=CARTESIAN_POINT('Origin',(149.834815536352,-35.9830162181662,10.5599999999999));
#439937=CARTESIAN_POINT('',(125.792507844044,-35.9830162181662,10.5599999999999));
#439938=CARTESIAN_POINT('Origin',(125.042507844044,-35.9830162181662,10.5599999999999));
#439939=CARTESIAN_POINT('',(121.271995023531,-34.0483049458251,10.5599999999999));
#439940=CARTESIAN_POINT('Origin',(120.521995023531,-34.0483049458251,10.5599999999999));
#439941=CARTESIAN_POINT('',(132.605328356864,-34.0483049458251,10.5599999999999));
#439942=CARTESIAN_POINT('Origin',(131.855328356864,-34.0483049458251,10.5599999999999));
#439943=CARTESIAN_POINT('',(152.838661690198,-35.9830162181662,10.5599999999999));
#439944=CARTESIAN_POINT('Origin',(152.088661690198,-35.9830162181662,10.5599999999999));
#439945=CARTESIAN_POINT('',(137.061738613275,-35.9830162181662,10.5599999999999));
#439946=CARTESIAN_POINT('Origin',(136.311738613275,-35.9830162181662,10.5599999999999));
#439947=CARTESIAN_POINT('',(137.138661690198,-34.0483049458251,10.5599999999999));
#439948=CARTESIAN_POINT('Origin',(136.388661690198,-34.0483049458251,10.5599999999999));
#439949=CARTESIAN_POINT('',(125.805328356864,-34.0483049458251,10.5599999999999));
#439950=CARTESIAN_POINT('Origin',(125.055328356864,-34.0483049458251,10.5599999999999));
#439951=CARTESIAN_POINT('',(130.338661690198,-34.0483049458251,10.5599999999999));
#439952=CARTESIAN_POINT('Origin',(129.588661690198,-34.0483049458251,10.5599999999999));
#439953=CARTESIAN_POINT('',(123.538661690198,-35.9830162181662,10.5599999999999));
#439954=CARTESIAN_POINT('Origin',(122.788661690198,-35.9830162181662,10.5599999999999));
#439955=CARTESIAN_POINT('',(146.205328356864,-34.0483049458251,10.5599999999999));
#439956=CARTESIAN_POINT('Origin',(145.455328356864,-34.0483049458251,10.5599999999999));
#439957=CARTESIAN_POINT('',(143.938661690198,-34.0483049458251,10.5599999999999));
#439958=CARTESIAN_POINT('Origin',(143.188661690198,-34.0483049458251,10.5599999999999));
#439959=CARTESIAN_POINT('',(141.569430920967,-35.9830162181662,10.5599999999999));
#439960=CARTESIAN_POINT('Origin',(140.819430920967,-35.9830162181662,10.5599999999999));
#439961=CARTESIAN_POINT('',(134.807892459428,-35.9830162181662,10.5599999999999));
#439962=CARTESIAN_POINT('Origin',(134.057892459428,-35.9830162181662,10.5599999999999));
#439963=CARTESIAN_POINT('',(148.471995023531,-34.0483049458251,10.5599999999999));
#439964=CARTESIAN_POINT('Origin',(147.721995023531,-34.0483049458251,10.5599999999999));
#439965=CARTESIAN_POINT('',(132.554046305582,-35.9830162181662,10.5599999999999));
#439966=CARTESIAN_POINT('Origin',(131.804046305582,-35.9830162181662,10.5599999999999));
#439967=CARTESIAN_POINT('',(128.04635399789,-35.9830162181662,10.5599999999999));
#439968=CARTESIAN_POINT('Origin',(127.29635399789,-35.9830162181662,10.5599999999999));
#439969=CARTESIAN_POINT('',(146.077123228659,-35.9830162181662,10.5599999999999));
#439970=CARTESIAN_POINT('Origin',(145.327123228659,-35.9830162181662,10.5599999999999));
#439971=CARTESIAN_POINT('',(139.315584767121,-35.9830162181662,10.5599999999999));
#439972=CARTESIAN_POINT('Origin',(138.565584767121,-35.9830162181662,10.5599999999999));
#439973=CARTESIAN_POINT('',(128.071995023531,-34.0483049458251,10.5599999999999));
#439974=CARTESIAN_POINT('Origin',(127.321995023531,-34.0483049458251,10.5599999999999));
#439975=CARTESIAN_POINT('',(139.405328356864,-34.0483049458251,10.5599999999999));
#439976=CARTESIAN_POINT('Origin',(138.655328356864,-34.0483049458251,10.5599999999999));
#439977=CARTESIAN_POINT('',(150.738661690198,-34.0483049458251,10.5599999999999));
#439978=CARTESIAN_POINT('Origin',(149.988661690198,-34.0483049458251,10.5599999999999));
#439979=CARTESIAN_POINT('',(153.005328356864,-34.0483049458251,10.5599999999999));
#439980=CARTESIAN_POINT('Origin',(152.255328356864,-34.0483049458251,10.5599999999999));
#439981=CARTESIAN_POINT('',(134.871995023531,-34.0483049458251,10.5599999999999));
#439982=CARTESIAN_POINT('Origin',(134.121995023531,-34.0483049458251,10.5599999999999));
#439983=CARTESIAN_POINT('Origin',(137.491662814226,-18.373222975084,10.5599999999999));
#439984=CARTESIAN_POINT('',(152.255595060243,-29.5179744054498,10.5599999999999));
#439985=CARTESIAN_POINT('',(130.109696691217,-29.5179744054498,10.5599999999999));
#439986=CARTESIAN_POINT('',(155.491663097348,-27.8999403868976,10.5599999999999));
#439987=CARTESIAN_POINT('',(148.578972447909,-31.3562857116167,10.5599999999999));
#439988=CARTESIAN_POINT('',(155.491663097348,-23.1365816809908,10.5599999999999));
#439989=CARTESIAN_POINT('',(150.584815536352,-28.4830162181662,10.5599999999999));
#439990=CARTESIAN_POINT('Origin',(149.834815536352,-28.4830162181662,10.5599999999999));
#439991=CARTESIAN_POINT('',(128.04635399789,-28.4830162181662,10.5599999999999));
#439992=CARTESIAN_POINT('Origin',(127.29635399789,-28.4830162181662,10.5599999999999));
#439993=CARTESIAN_POINT('',(123.538661690198,-28.4830162181662,10.5599999999999));
#439994=CARTESIAN_POINT('Origin',(122.788661690198,-28.4830162181662,10.5599999999999));
#439995=CARTESIAN_POINT('',(132.554046305582,-28.4830162181662,10.5599999999999));
#439996=CARTESIAN_POINT('Origin',(131.804046305582,-28.4830162181662,10.5599999999999));
#439997=CARTESIAN_POINT('',(137.138661690198,-26.5483049458251,10.5599999999999));
#439998=CARTESIAN_POINT('Origin',(136.388661690198,-26.5483049458251,10.5599999999999));
#439999=CARTESIAN_POINT('',(139.405328356864,-26.5483049458251,10.5599999999999));
#440000=CARTESIAN_POINT('Origin',(138.655328356864,-26.5483049458251,10.5599999999999));
#440001=CARTESIAN_POINT('',(121.271995023531,-26.5483049458251,10.5599999999999));
#440002=CARTESIAN_POINT('Origin',(120.521995023531,-26.5483049458251,10.5599999999999));
#440003=CARTESIAN_POINT('',(139.315584767121,-28.4830162181662,10.5599999999999));
#440004=CARTESIAN_POINT('Origin',(138.565584767121,-28.4830162181662,10.5599999999999));
#440005=CARTESIAN_POINT('',(155.271995023531,-26.5483049458251,10.5599999999999));
#440006=CARTESIAN_POINT('Origin',(154.521995023531,-26.5483049458251,10.5599999999999));
#440007=CARTESIAN_POINT('',(134.871995023531,-26.5483049458251,10.5599999999999));
#440008=CARTESIAN_POINT('Origin',(134.121995023531,-26.5483049458251,10.5599999999999));
#440009=CARTESIAN_POINT('',(146.077123228659,-28.4830162181662,10.5599999999999));
#440010=CARTESIAN_POINT('Origin',(145.327123228659,-28.4830162181662,10.5599999999999));
#440011=CARTESIAN_POINT('',(130.300200151736,-28.4830162181662,10.5599999999999));
#440012=CARTESIAN_POINT('Origin',(129.550200151736,-28.4830162181662,10.5599999999999));
#440013=CARTESIAN_POINT('',(146.205328356864,-26.5483049458251,10.5599999999999));
#440014=CARTESIAN_POINT('Origin',(145.455328356864,-26.5483049458251,10.5599999999999));
#440015=CARTESIAN_POINT('',(150.738661690198,-26.5483049458251,10.5599999999999));
#440016=CARTESIAN_POINT('Origin',(149.988661690198,-26.5483049458251,10.5599999999999));
#440017=CARTESIAN_POINT('',(141.569430920967,-28.4830162181662,10.5599999999999));
#440018=CARTESIAN_POINT('Origin',(140.819430920967,-28.4830162181662,10.5599999999999));
#440019=CARTESIAN_POINT('',(130.338661690198,-26.5483049458251,10.5599999999999));
#440020=CARTESIAN_POINT('Origin',(129.588661690198,-26.5483049458251,10.5599999999999));
#440021=CARTESIAN_POINT('',(152.838661690198,-28.4830162181662,10.5599999999999));
#440022=CARTESIAN_POINT('Origin',(152.088661690198,-28.4830162181662,10.5599999999999));
#440023=CARTESIAN_POINT('',(143.823277074813,-28.4830162181662,10.5599999999999));
#440024=CARTESIAN_POINT('Origin',(143.073277074813,-28.4830162181662,10.5599999999999));
#440025=CARTESIAN_POINT('',(153.005328356864,-26.5483049458251,10.5599999999999));
#440026=CARTESIAN_POINT('Origin',(152.255328356864,-26.5483049458251,10.5599999999999));
#440027=CARTESIAN_POINT('',(148.330969382505,-28.4830162181662,10.5599999999999));
#440028=CARTESIAN_POINT('Origin',(147.580969382505,-28.4830162181662,10.5599999999999));
#440029=CARTESIAN_POINT('',(143.938661690198,-26.5483049458251,10.5599999999999));
#440030=CARTESIAN_POINT('Origin',(143.188661690198,-26.5483049458251,10.5599999999999));
#440031=CARTESIAN_POINT('',(134.807892459428,-28.4830162181662,10.5599999999999));
#440032=CARTESIAN_POINT('Origin',(134.057892459428,-28.4830162181662,10.5599999999999));
#440033=CARTESIAN_POINT('',(148.471995023531,-26.5483049458251,10.5599999999999));
#440034=CARTESIAN_POINT('Origin',(147.721995023531,-26.5483049458251,10.5599999999999));
#440035=CARTESIAN_POINT('',(123.538661690198,-26.5483049458251,10.5599999999999));
#440036=CARTESIAN_POINT('Origin',(122.788661690198,-26.5483049458251,10.5599999999999));
#440037=CARTESIAN_POINT('',(125.805328356864,-26.5483049458251,10.5599999999999));
#440038=CARTESIAN_POINT('Origin',(125.055328356864,-26.5483049458251,10.5599999999999));
#440039=CARTESIAN_POINT('',(132.605328356864,-26.5483049458251,10.5599999999999));
#440040=CARTESIAN_POINT('Origin',(131.855328356864,-26.5483049458251,10.5599999999999));
#440041=CARTESIAN_POINT('',(128.071995023531,-26.5483049458251,10.5599999999999));
#440042=CARTESIAN_POINT('Origin',(127.321995023531,-26.5483049458251,10.5599999999999));
#440043=CARTESIAN_POINT('',(137.061738613275,-28.4830162181662,10.5599999999999));
#440044=CARTESIAN_POINT('Origin',(136.311738613275,-28.4830162181662,10.5599999999999));
#440045=CARTESIAN_POINT('',(141.671995023531,-26.5483049458251,10.5599999999999));
#440046=CARTESIAN_POINT('Origin',(140.921995023531,-26.5483049458251,10.5599999999999));
#440047=CARTESIAN_POINT('',(125.792507844044,-28.4830162181662,10.5599999999999));
#440048=CARTESIAN_POINT('Origin',(125.042507844044,-28.4830162181662,10.5599999999999));
#440049=CARTESIAN_POINT('Origin',(137.491662814226,-18.373222975084,10.5599999999999));
#440050=CARTESIAN_POINT('',(152.255595060243,-14.5179744054498,10.5599999999999));
#440051=CARTESIAN_POINT('',(130.109696691217,-14.5179744054498,10.5599999999999));
#440052=CARTESIAN_POINT('',(155.491663097348,-12.8999403868976,10.5599999999999));
#440053=CARTESIAN_POINT('',(145.578972447909,-17.8562857116167,10.5599999999999));
#440054=CARTESIAN_POINT('',(155.491663097348,-15.6365816809908,10.5599999999999));
#440055=CARTESIAN_POINT('',(153.005328356864,-11.5483049458251,10.5599999999999));
#440056=CARTESIAN_POINT('Origin',(152.255328356864,-11.5483049458251,10.5599999999999));
#440057=CARTESIAN_POINT('',(125.805328356864,-11.5483049458251,10.5599999999999));
#440058=CARTESIAN_POINT('Origin',(125.055328356864,-11.5483049458251,10.5599999999999));
#440059=CARTESIAN_POINT('',(155.271995023531,-11.5483049458251,10.5599999999999));
#440060=CARTESIAN_POINT('Origin',(154.521995023531,-11.5483049458251,10.5599999999999));
#440061=CARTESIAN_POINT('',(143.823277074813,-13.4830162181662,10.5599999999999));
#440062=CARTESIAN_POINT('Origin',(143.073277074813,-13.4830162181662,10.5599999999999));
#440063=CARTESIAN_POINT('',(143.938661690198,-11.5483049458251,10.5599999999999));
#440064=CARTESIAN_POINT('Origin',(143.188661690198,-11.5483049458251,10.5599999999999));
#440065=CARTESIAN_POINT('',(123.538661690198,-11.5483049458251,10.5599999999999));
#440066=CARTESIAN_POINT('Origin',(122.788661690198,-11.5483049458251,10.5599999999999));
#440067=CARTESIAN_POINT('',(141.569430920967,-13.4830162181662,10.5599999999999));
#440068=CARTESIAN_POINT('Origin',(140.819430920967,-13.4830162181662,10.5599999999999));
#440069=CARTESIAN_POINT('',(123.538661690198,-13.4830162181662,10.5599999999999));
#440070=CARTESIAN_POINT('Origin',(122.788661690198,-13.4830162181662,10.5599999999999));
#440071=CARTESIAN_POINT('',(137.061738613275,-13.4830162181662,10.5599999999999));
#440072=CARTESIAN_POINT('Origin',(136.311738613275,-13.4830162181662,10.5599999999999));
#440073=CARTESIAN_POINT('',(139.315584767121,-13.4830162181662,10.5599999999999));
#440074=CARTESIAN_POINT('Origin',(138.565584767121,-13.4830162181662,10.5599999999999));
#440075=CARTESIAN_POINT('',(146.077123228659,-13.4830162181662,10.5599999999999));
#440076=CARTESIAN_POINT('Origin',(145.327123228659,-13.4830162181662,10.5599999999999));
#440077=CARTESIAN_POINT('',(121.271995023531,-11.5483049458251,10.5599999999999));
#440078=CARTESIAN_POINT('Origin',(120.521995023531,-11.5483049458251,10.5599999999999));
#440079=CARTESIAN_POINT('',(132.554046305582,-13.4830162181662,10.5599999999999));
#440080=CARTESIAN_POINT('Origin',(131.804046305582,-13.4830162181662,10.5599999999999));
#440081=CARTESIAN_POINT('',(139.405328356864,-11.5483049458251,10.5599999999999));
#440082=CARTESIAN_POINT('Origin',(138.655328356864,-11.5483049458251,10.5599999999999));
#440083=CARTESIAN_POINT('',(125.792507844044,-13.4830162181662,10.5599999999999));
#440084=CARTESIAN_POINT('Origin',(125.042507844044,-13.4830162181662,10.5599999999999));
#440085=CARTESIAN_POINT('',(134.807892459428,-13.4830162181662,10.5599999999999));
#440086=CARTESIAN_POINT('Origin',(134.057892459428,-13.4830162181662,10.5599999999999));
#440087=CARTESIAN_POINT('',(134.871995023531,-11.5483049458251,10.5599999999999));
#440088=CARTESIAN_POINT('Origin',(134.121995023531,-11.5483049458251,10.5599999999999));
#440089=CARTESIAN_POINT('',(128.071995023531,-11.5483049458251,10.5599999999999));
#440090=CARTESIAN_POINT('Origin',(127.321995023531,-11.5483049458251,10.5599999999999));
#440091=CARTESIAN_POINT('',(148.471995023531,-11.5483049458251,10.5599999999999));
#440092=CARTESIAN_POINT('Origin',(147.721995023531,-11.5483049458251,10.5599999999999));
#440093=CARTESIAN_POINT('',(130.300200151736,-13.4830162181662,10.5599999999999));
#440094=CARTESIAN_POINT('Origin',(129.550200151736,-13.4830162181662,10.5599999999999));
#440095=CARTESIAN_POINT('',(141.671995023531,-11.5483049458251,10.5599999999999));
#440096=CARTESIAN_POINT('Origin',(140.921995023531,-11.5483049458251,10.5599999999999));
#440097=CARTESIAN_POINT('',(132.605328356864,-11.5483049458251,10.5599999999999));
#440098=CARTESIAN_POINT('Origin',(131.855328356864,-11.5483049458251,10.5599999999999));
#440099=CARTESIAN_POINT('',(130.338661690198,-11.5483049458251,10.5599999999999));
#440100=CARTESIAN_POINT('Origin',(129.588661690198,-11.5483049458251,10.5599999999999));
#440101=CARTESIAN_POINT('',(148.330969382505,-13.4830162181662,10.5599999999999));
#440102=CARTESIAN_POINT('Origin',(147.580969382505,-13.4830162181662,10.5599999999999));
#440103=CARTESIAN_POINT('',(146.205328356864,-11.5483049458251,10.5599999999999));
#440104=CARTESIAN_POINT('Origin',(145.455328356864,-11.5483049458251,10.5599999999999));
#440105=CARTESIAN_POINT('',(150.584815536352,-13.4830162181662,10.5599999999999));
#440106=CARTESIAN_POINT('Origin',(149.834815536352,-13.4830162181662,10.5599999999999));
#440107=CARTESIAN_POINT('',(152.838661690198,-13.4830162181662,10.5599999999999));
#440108=CARTESIAN_POINT('Origin',(152.088661690198,-13.4830162181662,10.5599999999999));
#440109=CARTESIAN_POINT('',(137.138661690198,-11.5483049458251,10.5599999999999));
#440110=CARTESIAN_POINT('Origin',(136.388661690198,-11.5483049458251,10.5599999999999));
#440111=CARTESIAN_POINT('',(150.738661690198,-11.5483049458251,10.5599999999999));
#440112=CARTESIAN_POINT('Origin',(149.988661690198,-11.5483049458251,10.5599999999999));
#440113=CARTESIAN_POINT('',(128.04635399789,-13.4830162181662,10.5599999999999));
#440114=CARTESIAN_POINT('Origin',(127.29635399789,-13.4830162181662,10.5599999999999));
#440115=CARTESIAN_POINT('Origin',(151.5,-74.5031510075713,6.55999999999989));
#440116=CARTESIAN_POINT('',(150.,-74.5031510075713,7.55999999999989));
#440117=CARTESIAN_POINT('',(150.,-74.5031510075713,6.55999999999989));
#440118=CARTESIAN_POINT('Origin',(151.5,-74.5031510075713,7.55999999999989));
#440119=CARTESIAN_POINT('Origin',(156.5,-69.5,7.55999999999989));
#440120=CARTESIAN_POINT('',(156.5,-69.5,7.55999999999989));
#440121=CARTESIAN_POINT('Origin',(155.491663097348,-12.8999403868976,9.55999999999989));
#440122=CARTESIAN_POINT('',(155.491663097348,-12.8999403868976,9.55999999999989));
#440123=CARTESIAN_POINT('Origin',(152.255595060243,-14.5179744054498,9.55999999999989));
#440124=CARTESIAN_POINT('',(152.255595060243,-14.5179744054498,9.55999999999989));
#440125=CARTESIAN_POINT('Origin',(122.727730568208,-14.5179744054498,9.55999999999989));
#440126=CARTESIAN_POINT('Origin',(118.491662531104,-13.5179743756475,9.55999999999989));
#440127=CARTESIAN_POINT('',(118.491662531104,-13.5179743756475,9.55999999999989));
#440128=CARTESIAN_POINT('Origin',(122.491662590708,-15.5179744054498,9.55999999999989));
#440129=CARTESIAN_POINT('',(122.491662590708,-15.5179744054498,9.55999999999989));
#440130=CARTESIAN_POINT('Origin',(152.491663037743,-15.5179744054498,9.55999999999989));
#440131=CARTESIAN_POINT('Origin',(155.491663097348,-18.0179743160428,9.55999999999989));
#440132=CARTESIAN_POINT('',(155.491663097348,-18.0179743160428,9.55999999999989));
#440133=CARTESIAN_POINT('Origin',(155.491663097348,-20.3999403868976,9.55999999999989));
#440134=CARTESIAN_POINT('',(155.491663097348,-20.3999403868976,9.55999999999989));
#440135=CARTESIAN_POINT('Origin',(152.255595060243,-22.0179744054498,9.55999999999989));
#440136=CARTESIAN_POINT('Origin',(118.491662531104,-21.0179743756475,9.55999999999989));
#440137=CARTESIAN_POINT('',(118.491662531104,-21.0179743756475,9.55999999999989));
#440138=CARTESIAN_POINT('Origin',(122.491662590708,-23.0179744054498,9.55999999999989));
#440139=CARTESIAN_POINT('',(122.491662590708,-23.0179744054498,9.55999999999989));
#440140=CARTESIAN_POINT('Origin',(152.491663037743,-23.0179744054498,9.55999999999989));
#440141=CARTESIAN_POINT('Origin',(119.491662531104,-6.91726343927496,9.55999999999989));
#440142=CARTESIAN_POINT('',(119.491662531104,-6.91726343927496,9.55999999999989));
#440143=CARTESIAN_POINT('Origin',(119.491662531104,0.0827365607250383,9.55999999999989));
#440144=CARTESIAN_POINT('Origin',(118.491662531104,1.08273656072504,9.55999999999989));
#440145=CARTESIAN_POINT('',(118.491662531104,1.08273656072504,9.55999999999989));
#440146=CARTESIAN_POINT('Origin',(118.491662531104,-7.91726343927496,9.55999999999989));
#440147=CARTESIAN_POINT('Origin',(155.491663097348,-27.8999403868976,9.55999999999989));
#440148=CARTESIAN_POINT('',(155.491663097348,-27.8999403868976,9.55999999999989));
#440149=CARTESIAN_POINT('Origin',(152.255595060243,-29.5179744054498,9.55999999999989));
#440150=CARTESIAN_POINT('',(152.255595060243,-29.5179744054498,9.55999999999989));
#440151=CARTESIAN_POINT('Origin',(122.727730568208,-29.5179744054498,9.55999999999989));
#440152=CARTESIAN_POINT('Origin',(118.491662531104,-28.5179743756475,9.55999999999989));
#440153=CARTESIAN_POINT('',(118.491662531104,-28.5179743756475,9.55999999999989));
#440154=CARTESIAN_POINT('Origin',(122.491662590708,-30.5179744054498,9.55999999999989));
#440155=CARTESIAN_POINT('',(122.491662590708,-30.5179744054498,9.55999999999989));
#440156=CARTESIAN_POINT('Origin',(152.491663037743,-30.5179744054498,9.55999999999989));
#440157=CARTESIAN_POINT('Origin',(155.491663097348,-33.0179743160428,9.55999999999989));
#440158=CARTESIAN_POINT('',(155.491663097348,-33.0179743160428,9.55999999999989));
#440159=CARTESIAN_POINT('Origin',(155.491663097348,-35.3999403868976,9.55999999999989));
#440160=CARTESIAN_POINT('',(155.491663097348,-35.3999403868976,9.55999999999989));
#440161=CARTESIAN_POINT('Origin',(152.255595060243,-37.0179744054498,9.55999999999989));
#440162=CARTESIAN_POINT('Origin',(118.491662531104,-36.0179743756475,9.55999999999989));
#440163=CARTESIAN_POINT('',(118.491662531104,-36.0179743756475,9.55999999999989));
#440164=CARTESIAN_POINT('Origin',(122.491662590708,-38.0179744054498,9.55999999999989));
#440165=CARTESIAN_POINT('',(122.491662590708,-38.0179744054498,9.55999999999989));
#440166=CARTESIAN_POINT('Origin',(152.491663037743,-38.0179744054498,9.55999999999989));
#440167=CARTESIAN_POINT('Origin',(134.805950659377,-1.01797437564748,9.55999999999989));
#440168=CARTESIAN_POINT('',(135.555950659377,-1.01797437564748,7.55999999999989));
#440169=CARTESIAN_POINT('Origin',(134.805950659377,-1.01797437564748,7.55999999999989));
#440170=CARTESIAN_POINT('',(135.555950659377,-1.01797437564748,9.55999999999989));
#440171=CARTESIAN_POINT('Origin',(127.648807802235,-1.01797437564748,9.55999999999989));
#440172=CARTESIAN_POINT('',(128.398807802235,-1.01797437564748,7.55999999999989));
#440173=CARTESIAN_POINT('Origin',(127.648807802235,-1.01797437564748,7.55999999999989));
#440174=CARTESIAN_POINT('',(128.398807802235,-1.01797437564748,9.55999999999989));
#440175=CARTESIAN_POINT('Origin',(149.834815536352,-28.4830162181662,9.55999999999989));
#440176=CARTESIAN_POINT('',(150.584815536352,-28.4830162181662,7.55999999999989));
#440177=CARTESIAN_POINT('Origin',(149.834815536352,-28.4830162181662,7.55999999999989));
#440178=CARTESIAN_POINT('',(150.584815536352,-28.4830162181662,9.55999999999989));
#440179=CARTESIAN_POINT('Origin',(132.420236373663,-5.91797437564748,9.55999999999989));
#440180=CARTESIAN_POINT('',(133.170236373663,-5.91797437564748,7.55999999999989));
#440181=CARTESIAN_POINT('Origin',(132.420236373663,-5.91797437564748,7.55999999999989));
#440182=CARTESIAN_POINT('',(133.170236373663,-5.91797437564748,9.55999999999989));
#440183=CARTESIAN_POINT('Origin',(144.348807802235,-3.46797437564748,9.55999999999989));
#440184=CARTESIAN_POINT('',(145.098807802235,-3.46797437564748,7.55999999999989));
#440185=CARTESIAN_POINT('Origin',(144.348807802235,-3.46797437564748,7.55999999999989));
#440186=CARTESIAN_POINT('',(145.098807802235,-3.46797437564748,9.55999999999989));
#440187=CARTESIAN_POINT('Origin',(146.734522087949,-3.46797437564748,9.55999999999989));
#440188=CARTESIAN_POINT('',(147.484522087949,-3.46797437564748,7.55999999999989));
#440189=CARTESIAN_POINT('Origin',(146.734522087949,-3.46797437564748,7.55999999999989));
#440190=CARTESIAN_POINT('',(147.484522087949,-3.46797437564748,9.55999999999989));
#440191=CARTESIAN_POINT('Origin',(139.577379230806,-5.91797437564748,9.55999999999989));
#440192=CARTESIAN_POINT('',(140.327379230806,-5.91797437564748,7.55999999999989));
#440193=CARTESIAN_POINT('Origin',(139.577379230806,-5.91797437564748,7.55999999999989));
#440194=CARTESIAN_POINT('',(140.327379230806,-5.91797437564748,9.55999999999989));
#440195=CARTESIAN_POINT('Origin',(134.805950659377,-3.46797437564748,9.55999999999989));
#440196=CARTESIAN_POINT('',(135.555950659377,-3.46797437564748,7.55999999999989));
#440197=CARTESIAN_POINT('Origin',(134.805950659377,-3.46797437564748,7.55999999999989));
#440198=CARTESIAN_POINT('',(135.555950659377,-3.46797437564748,9.55999999999989));
#440199=CARTESIAN_POINT('Origin',(127.648807802235,-5.91797437564748,9.55999999999989));
#440200=CARTESIAN_POINT('',(128.398807802235,-5.91797437564748,7.55999999999989));
#440201=CARTESIAN_POINT('Origin',(127.648807802235,-5.91797437564748,7.55999999999989));
#440202=CARTESIAN_POINT('',(128.398807802235,-5.91797437564748,9.55999999999989));
#440203=CARTESIAN_POINT('Origin',(120.491664945092,-5.91797437564748,9.55999999999989));
#440204=CARTESIAN_POINT('',(121.241664945092,-5.91797437564748,7.55999999999989));
#440205=CARTESIAN_POINT('Origin',(120.491664945092,-5.91797437564748,7.55999999999989));
#440206=CARTESIAN_POINT('',(121.241664945092,-5.91797437564748,9.55999999999989));
#440207=CARTESIAN_POINT('Origin',(127.29635399789,-28.4830162181662,9.55999999999989));
#440208=CARTESIAN_POINT('',(128.04635399789,-28.4830162181662,7.55999999999989));
#440209=CARTESIAN_POINT('Origin',(127.29635399789,-28.4830162181662,7.55999999999989));
#440210=CARTESIAN_POINT('',(128.04635399789,-28.4830162181662,9.55999999999989));
#440211=CARTESIAN_POINT('Origin',(122.788661690198,-28.4830162181662,9.55999999999989));
#440212=CARTESIAN_POINT('',(123.538661690198,-28.4830162181662,7.55999999999989));
#440213=CARTESIAN_POINT('Origin',(122.788661690198,-28.4830162181662,7.55999999999989));
#440214=CARTESIAN_POINT('',(123.538661690198,-28.4830162181662,9.55999999999989));
#440215=CARTESIAN_POINT('Origin',(131.804046305582,-28.4830162181662,9.55999999999989));
#440216=CARTESIAN_POINT('',(132.554046305582,-28.4830162181662,7.55999999999989));
#440217=CARTESIAN_POINT('Origin',(131.804046305582,-28.4830162181662,7.55999999999989));
#440218=CARTESIAN_POINT('',(132.554046305582,-28.4830162181662,9.55999999999989));
#440219=CARTESIAN_POINT('Origin',(138.565584767121,-20.9830162181662,9.55999999999989));
#440220=CARTESIAN_POINT('',(139.315584767121,-20.9830162181662,7.55999999999989));
#440221=CARTESIAN_POINT('Origin',(138.565584767121,-20.9830162181662,7.55999999999989));
#440222=CARTESIAN_POINT('',(139.315584767121,-20.9830162181662,9.55999999999989));
#440223=CARTESIAN_POINT('Origin',(141.96309351652,-1.01797437564748,9.55999999999989));
#440224=CARTESIAN_POINT('',(142.71309351652,-1.01797437564748,7.55999999999989));
#440225=CARTESIAN_POINT('Origin',(141.96309351652,-1.01797437564748,7.55999999999989));
#440226=CARTESIAN_POINT('',(142.71309351652,-1.01797437564748,9.55999999999989));
#440227=CARTESIAN_POINT('Origin',(152.255328356864,-11.5483049458251,9.55999999999989));
#440228=CARTESIAN_POINT('',(153.005328356864,-11.5483049458251,7.55999999999989));
#440229=CARTESIAN_POINT('Origin',(152.255328356864,-11.5483049458251,7.55999999999989));
#440230=CARTESIAN_POINT('',(153.005328356864,-11.5483049458251,9.55999999999989));
#440231=CARTESIAN_POINT('Origin',(125.055328356864,-11.5483049458251,9.55999999999989));
#440232=CARTESIAN_POINT('',(125.805328356864,-11.5483049458251,7.55999999999989));
#440233=CARTESIAN_POINT('Origin',(125.055328356864,-11.5483049458251,7.55999999999989));
#440234=CARTESIAN_POINT('',(125.805328356864,-11.5483049458251,9.55999999999989));
#440235=CARTESIAN_POINT('Origin',(149.988661690198,-19.0483049458251,9.55999999999989));
#440236=CARTESIAN_POINT('',(150.738661690198,-19.0483049458251,7.55999999999989));
#440237=CARTESIAN_POINT('Origin',(149.988661690198,-19.0483049458251,7.55999999999989));
#440238=CARTESIAN_POINT('',(150.738661690198,-19.0483049458251,9.55999999999989));
#440239=CARTESIAN_POINT('Origin',(154.521995023531,-11.5483049458251,9.55999999999989));
#440240=CARTESIAN_POINT('',(155.271995023531,-11.5483049458251,7.55999999999989));
#440241=CARTESIAN_POINT('Origin',(154.521995023531,-11.5483049458251,7.55999999999989));
#440242=CARTESIAN_POINT('',(155.271995023531,-11.5483049458251,9.55999999999989));
#440243=CARTESIAN_POINT('Origin',(136.388661690198,-26.5483049458251,9.55999999999989));
#440244=CARTESIAN_POINT('',(137.138661690198,-26.5483049458251,7.55999999999989));
#440245=CARTESIAN_POINT('Origin',(136.388661690198,-26.5483049458251,7.55999999999989));
#440246=CARTESIAN_POINT('',(137.138661690198,-26.5483049458251,9.55999999999989));
#440247=CARTESIAN_POINT('Origin',(122.877379230806,-1.01797437564748,9.55999999999989));
#440248=CARTESIAN_POINT('',(123.627379230806,-1.01797437564748,7.55999999999989));
#440249=CARTESIAN_POINT('Origin',(122.877379230806,-1.01797437564748,7.55999999999989));
#440250=CARTESIAN_POINT('',(123.627379230806,-1.01797437564748,9.55999999999989));
#440251=CARTESIAN_POINT('Origin',(154.521995023531,-34.0483049458251,9.55999999999989));
#440252=CARTESIAN_POINT('',(155.271995023531,-34.0483049458251,7.55999999999989));
#440253=CARTESIAN_POINT('Origin',(154.521995023531,-34.0483049458251,7.55999999999989));
#440254=CARTESIAN_POINT('',(155.271995023531,-34.0483049458251,9.55999999999989));
#440255=CARTESIAN_POINT('Origin',(143.073277074813,-13.4830162181662,9.55999999999989));
#440256=CARTESIAN_POINT('',(143.823277074813,-13.4830162181662,7.55999999999989));
#440257=CARTESIAN_POINT('Origin',(143.073277074813,-13.4830162181662,7.55999999999989));
#440258=CARTESIAN_POINT('',(143.823277074813,-13.4830162181662,9.55999999999989));
#440259=CARTESIAN_POINT('Origin',(143.188661690198,-11.5483049458251,9.55999999999989));
#440260=CARTESIAN_POINT('',(143.938661690198,-11.5483049458251,7.55999999999989));
#440261=CARTESIAN_POINT('Origin',(143.188661690198,-11.5483049458251,7.55999999999989));
#440262=CARTESIAN_POINT('',(143.938661690198,-11.5483049458251,9.55999999999989));
#440263=CARTESIAN_POINT('Origin',(138.655328356864,-26.5483049458251,9.55999999999989));
#440264=CARTESIAN_POINT('',(139.405328356864,-26.5483049458251,7.55999999999989));
#440265=CARTESIAN_POINT('Origin',(138.655328356864,-26.5483049458251,7.55999999999989));
#440266=CARTESIAN_POINT('',(139.405328356864,-26.5483049458251,9.55999999999989));
#440267=CARTESIAN_POINT('Origin',(120.521995023531,-26.5483049458251,9.55999999999989));
#440268=CARTESIAN_POINT('',(121.271995023531,-26.5483049458251,7.55999999999989));
#440269=CARTESIAN_POINT('Origin',(120.521995023531,-26.5483049458251,7.55999999999989));
#440270=CARTESIAN_POINT('',(121.271995023531,-26.5483049458251,9.55999999999989));
#440271=CARTESIAN_POINT('Origin',(122.788661690198,-11.5483049458251,9.55999999999989));
#440272=CARTESIAN_POINT('',(123.538661690198,-11.5483049458251,7.55999999999989));
#440273=CARTESIAN_POINT('Origin',(122.788661690198,-11.5483049458251,7.55999999999989));
#440274=CARTESIAN_POINT('',(123.538661690198,-11.5483049458251,9.55999999999989));
#440275=CARTESIAN_POINT('Origin',(129.550200151736,-35.9830162181662,9.55999999999989));
#440276=CARTESIAN_POINT('',(130.300200151736,-35.9830162181662,7.55999999999989));
#440277=CARTESIAN_POINT('Origin',(129.550200151736,-35.9830162181662,7.55999999999989));
#440278=CARTESIAN_POINT('',(130.300200151736,-35.9830162181662,9.55999999999989));
#440279=CARTESIAN_POINT('Origin',(138.565584767121,-28.4830162181662,9.55999999999989));
#440280=CARTESIAN_POINT('',(139.315584767121,-28.4830162181662,7.55999999999989));
#440281=CARTESIAN_POINT('Origin',(138.565584767121,-28.4830162181662,7.55999999999989));
#440282=CARTESIAN_POINT('',(139.315584767121,-28.4830162181662,9.55999999999989));
#440283=CARTESIAN_POINT('Origin',(139.577379230806,-1.01797437564748,9.55999999999989));
#440284=CARTESIAN_POINT('',(140.327379230806,-1.01797437564748,7.55999999999989));
#440285=CARTESIAN_POINT('Origin',(139.577379230806,-1.01797437564748,7.55999999999989));
#440286=CARTESIAN_POINT('',(140.327379230806,-1.01797437564748,9.55999999999989));
#440287=CARTESIAN_POINT('Origin',(129.588661690198,-19.0483049458251,9.55999999999989));
#440288=CARTESIAN_POINT('',(130.338661690198,-19.0483049458251,7.55999999999989));
#440289=CARTESIAN_POINT('Origin',(129.588661690198,-19.0483049458251,7.55999999999989));
#440290=CARTESIAN_POINT('',(130.338661690198,-19.0483049458251,9.55999999999989));
#440291=CARTESIAN_POINT('Origin',(147.580969382505,-35.9830162181662,9.55999999999989));
#440292=CARTESIAN_POINT('',(148.330969382505,-35.9830162181662,7.55999999999989));
#440293=CARTESIAN_POINT('Origin',(147.580969382505,-35.9830162181662,7.55999999999989));
#440294=CARTESIAN_POINT('',(148.330969382505,-35.9830162181662,9.55999999999989));
#440295=CARTESIAN_POINT('Origin',(146.734522087949,-1.01797437564748,9.55999999999989));
#440296=CARTESIAN_POINT('',(147.484522087949,-1.01797437564748,7.55999999999989));
#440297=CARTESIAN_POINT('Origin',(146.734522087949,-1.01797437564748,7.55999999999989));
#440298=CARTESIAN_POINT('',(147.484522087949,-1.01797437564748,9.55999999999989));
#440299=CARTESIAN_POINT('Origin',(143.073277074813,-35.9830162181662,9.55999999999989));
#440300=CARTESIAN_POINT('',(143.823277074813,-35.9830162181662,7.55999999999989));
#440301=CARTESIAN_POINT('Origin',(143.073277074813,-35.9830162181662,7.55999999999989));
#440302=CARTESIAN_POINT('',(143.823277074813,-35.9830162181662,9.55999999999989));
#440303=CARTESIAN_POINT('Origin',(122.788661690198,-34.0483049458251,9.55999999999989));
#440304=CARTESIAN_POINT('',(123.538661690198,-34.0483049458251,7.55999999999989));
#440305=CARTESIAN_POINT('Origin',(122.788661690198,-34.0483049458251,7.55999999999989));
#440306=CARTESIAN_POINT('',(123.538661690198,-34.0483049458251,9.55999999999989));
#440307=CARTESIAN_POINT('Origin',(140.921995023531,-34.0483049458251,9.55999999999989));
#440308=CARTESIAN_POINT('',(141.671995023531,-34.0483049458251,7.55999999999989));
#440309=CARTESIAN_POINT('Origin',(140.921995023531,-34.0483049458251,7.55999999999989));
#440310=CARTESIAN_POINT('',(141.671995023531,-34.0483049458251,9.55999999999989));
#440311=CARTESIAN_POINT('Origin',(154.521995023531,-19.0483049458251,9.55999999999989));
#440312=CARTESIAN_POINT('',(155.271995023531,-19.0483049458251,7.55999999999989));
#440313=CARTESIAN_POINT('Origin',(154.521995023531,-19.0483049458251,7.55999999999989));
#440314=CARTESIAN_POINT('',(155.271995023531,-19.0483049458251,9.55999999999989));
#440315=CARTESIAN_POINT('Origin',(122.788661690198,-20.9830162181662,9.55999999999989));
#440316=CARTESIAN_POINT('',(123.538661690198,-20.9830162181662,7.55999999999989));
#440317=CARTESIAN_POINT('Origin',(122.788661690198,-20.9830162181662,7.55999999999989));
#440318=CARTESIAN_POINT('',(123.538661690198,-20.9830162181662,9.55999999999989));
#440319=CARTESIAN_POINT('Origin',(136.311738613275,-20.9830162181662,9.55999999999989));
#440320=CARTESIAN_POINT('',(137.061738613275,-20.9830162181662,7.55999999999989));
#440321=CARTESIAN_POINT('Origin',(136.311738613275,-20.9830162181662,7.55999999999989));
#440322=CARTESIAN_POINT('',(137.061738613275,-20.9830162181662,9.55999999999989));
#440323=CARTESIAN_POINT('Origin',(154.521995023531,-26.5483049458251,9.55999999999989));
#440324=CARTESIAN_POINT('',(155.271995023531,-26.5483049458251,7.55999999999989));
#440325=CARTESIAN_POINT('Origin',(154.521995023531,-26.5483049458251,7.55999999999989));
#440326=CARTESIAN_POINT('',(155.271995023531,-26.5483049458251,9.55999999999989));
#440327=CARTESIAN_POINT('Origin',(134.121995023531,-26.5483049458251,9.55999999999989));
#440328=CARTESIAN_POINT('',(134.871995023531,-26.5483049458251,7.55999999999989));
#440329=CARTESIAN_POINT('Origin',(134.121995023531,-26.5483049458251,7.55999999999989));
#440330=CARTESIAN_POINT('',(134.871995023531,-26.5483049458251,9.55999999999989));
#440331=CARTESIAN_POINT('Origin',(145.327123228659,-28.4830162181662,9.55999999999989));
#440332=CARTESIAN_POINT('',(146.077123228659,-28.4830162181662,7.55999999999989));
#440333=CARTESIAN_POINT('Origin',(145.327123228659,-28.4830162181662,7.55999999999989));
#440334=CARTESIAN_POINT('',(146.077123228659,-28.4830162181662,9.55999999999989));
#440335=CARTESIAN_POINT('Origin',(140.819430920967,-13.4830162181662,9.55999999999989));
#440336=CARTESIAN_POINT('',(141.569430920967,-13.4830162181662,7.55999999999989));
#440337=CARTESIAN_POINT('Origin',(140.819430920967,-13.4830162181662,7.55999999999989));
#440338=CARTESIAN_POINT('',(141.569430920967,-13.4830162181662,9.55999999999989));
#440339=CARTESIAN_POINT('Origin',(143.188661690198,-19.0483049458251,9.55999999999989));
#440340=CARTESIAN_POINT('',(143.938661690198,-19.0483049458251,7.55999999999989));
#440341=CARTESIAN_POINT('Origin',(143.188661690198,-19.0483049458251,7.55999999999989));
#440342=CARTESIAN_POINT('',(143.938661690198,-19.0483049458251,9.55999999999989));
#440343=CARTESIAN_POINT('Origin',(129.550200151736,-28.4830162181662,9.55999999999989));
#440344=CARTESIAN_POINT('',(130.300200151736,-28.4830162181662,7.55999999999989));
#440345=CARTESIAN_POINT('Origin',(129.550200151736,-28.4830162181662,7.55999999999989));
#440346=CARTESIAN_POINT('',(130.300200151736,-28.4830162181662,9.55999999999989));
#440347=CARTESIAN_POINT('Origin',(122.788661690198,-13.4830162181662,9.55999999999989));
#440348=CARTESIAN_POINT('',(123.538661690198,-13.4830162181662,7.55999999999989));
#440349=CARTESIAN_POINT('Origin',(122.788661690198,-13.4830162181662,7.55999999999989));
#440350=CARTESIAN_POINT('',(123.538661690198,-13.4830162181662,9.55999999999989));
#440351=CARTESIAN_POINT('Origin',(127.321995023531,-19.0483049458251,9.55999999999989));
#440352=CARTESIAN_POINT('',(128.071995023531,-19.0483049458251,7.55999999999989));
#440353=CARTESIAN_POINT('Origin',(127.321995023531,-19.0483049458251,7.55999999999989));
#440354=CARTESIAN_POINT('',(128.071995023531,-19.0483049458251,9.55999999999989));
#440355=CARTESIAN_POINT('Origin',(120.521995023531,-19.0483049458251,9.55999999999989));
#440356=CARTESIAN_POINT('',(121.271995023531,-19.0483049458251,7.55999999999989));
#440357=CARTESIAN_POINT('Origin',(120.521995023531,-19.0483049458251,7.55999999999989));
#440358=CARTESIAN_POINT('',(121.271995023531,-19.0483049458251,9.55999999999989));
#440359=CARTESIAN_POINT('Origin',(136.311738613275,-13.4830162181662,9.55999999999989));
#440360=CARTESIAN_POINT('',(137.061738613275,-13.4830162181662,7.55999999999989));
#440361=CARTESIAN_POINT('Origin',(136.311738613275,-13.4830162181662,7.55999999999989));
#440362=CARTESIAN_POINT('',(137.061738613275,-13.4830162181662,9.55999999999989));
#440363=CARTESIAN_POINT('Origin',(122.788661690198,-19.0483049458251,9.55999999999989));
#440364=CARTESIAN_POINT('',(123.538661690198,-19.0483049458251,7.55999999999989));
#440365=CARTESIAN_POINT('Origin',(122.788661690198,-19.0483049458251,7.55999999999989));
#440366=CARTESIAN_POINT('',(123.538661690198,-19.0483049458251,9.55999999999989));
#440367=CARTESIAN_POINT('Origin',(130.034522087949,-1.01797437564748,9.55999999999989));
#440368=CARTESIAN_POINT('',(130.784522087949,-1.01797437564748,7.55999999999989));
#440369=CARTESIAN_POINT('Origin',(130.034522087949,-1.01797437564748,7.55999999999989));
#440370=CARTESIAN_POINT('',(130.784522087949,-1.01797437564748,9.55999999999989));
#440371=CARTESIAN_POINT('Origin',(147.580969382505,-20.9830162181662,9.55999999999989));
#440372=CARTESIAN_POINT('',(148.330969382505,-20.9830162181662,7.55999999999989));
#440373=CARTESIAN_POINT('Origin',(147.580969382505,-20.9830162181662,7.55999999999989));
#440374=CARTESIAN_POINT('',(148.330969382505,-20.9830162181662,9.55999999999989));
#440375=CARTESIAN_POINT('Origin',(145.455328356864,-26.5483049458251,9.55999999999989));
#440376=CARTESIAN_POINT('',(146.205328356864,-26.5483049458251,7.55999999999989));
#440377=CARTESIAN_POINT('Origin',(145.455328356864,-26.5483049458251,7.55999999999989));
#440378=CARTESIAN_POINT('',(146.205328356864,-26.5483049458251,9.55999999999989));
#440379=CARTESIAN_POINT('Origin',(149.988661690198,-26.5483049458251,9.55999999999989));
#440380=CARTESIAN_POINT('',(150.738661690198,-26.5483049458251,7.55999999999989));
#440381=CARTESIAN_POINT('Origin',(149.988661690198,-26.5483049458251,7.55999999999989));
#440382=CARTESIAN_POINT('',(150.738661690198,-26.5483049458251,9.55999999999989));
#440383=CARTESIAN_POINT('Origin',(149.834815536352,-20.9830162181662,9.55999999999989));
#440384=CARTESIAN_POINT('',(150.584815536352,-20.9830162181662,7.55999999999989));
#440385=CARTESIAN_POINT('Origin',(149.834815536352,-20.9830162181662,7.55999999999989));
#440386=CARTESIAN_POINT('',(150.584815536352,-20.9830162181662,9.55999999999989));
#440387=CARTESIAN_POINT('Origin',(149.834815536352,-35.9830162181662,9.55999999999989));
#440388=CARTESIAN_POINT('',(150.584815536352,-35.9830162181662,7.55999999999989));
#440389=CARTESIAN_POINT('Origin',(149.834815536352,-35.9830162181662,7.55999999999989));
#440390=CARTESIAN_POINT('',(150.584815536352,-35.9830162181662,9.55999999999989));
#440391=CARTESIAN_POINT('Origin',(125.042507844044,-35.9830162181662,9.55999999999989));
#440392=CARTESIAN_POINT('',(125.792507844044,-35.9830162181662,7.55999999999989));
#440393=CARTESIAN_POINT('Origin',(125.042507844044,-35.9830162181662,7.55999999999989));
#440394=CARTESIAN_POINT('',(125.792507844044,-35.9830162181662,9.55999999999989));
#440395=CARTESIAN_POINT('Origin',(149.120236373663,-1.01797437564748,9.55999999999989));
#440396=CARTESIAN_POINT('',(149.870236373663,-1.01797437564748,7.55999999999989));
#440397=CARTESIAN_POINT('Origin',(149.120236373663,-1.01797437564748,7.55999999999989));
#440398=CARTESIAN_POINT('',(149.870236373663,-1.01797437564748,9.55999999999989));
#440399=CARTESIAN_POINT('Origin',(138.565584767121,-13.4830162181662,9.55999999999989));
#440400=CARTESIAN_POINT('',(139.315584767121,-13.4830162181662,7.55999999999989));
#440401=CARTESIAN_POINT('Origin',(138.565584767121,-13.4830162181662,7.55999999999989));
#440402=CARTESIAN_POINT('',(139.315584767121,-13.4830162181662,9.55999999999989));
#440403=CARTESIAN_POINT('Origin',(131.855328356864,-19.0483049458251,9.55999999999989));
#440404=CARTESIAN_POINT('',(132.605328356864,-19.0483049458251,7.55999999999989));
#440405=CARTESIAN_POINT('Origin',(131.855328356864,-19.0483049458251,7.55999999999989));
#440406=CARTESIAN_POINT('',(132.605328356864,-19.0483049458251,9.55999999999989));
#440407=CARTESIAN_POINT('Origin',(134.057892459428,-20.9830162181662,9.55999999999989));
#440408=CARTESIAN_POINT('',(134.807892459428,-20.9830162181662,7.55999999999989));
#440409=CARTESIAN_POINT('Origin',(134.057892459428,-20.9830162181662,7.55999999999989));
#440410=CARTESIAN_POINT('',(134.807892459428,-20.9830162181662,9.55999999999989));
#440411=CARTESIAN_POINT('Origin',(120.521995023531,-34.0483049458251,9.55999999999989));
#440412=CARTESIAN_POINT('',(121.271995023531,-34.0483049458251,7.55999999999989));
#440413=CARTESIAN_POINT('Origin',(120.521995023531,-34.0483049458251,7.55999999999989));
#440414=CARTESIAN_POINT('',(121.271995023531,-34.0483049458251,9.55999999999989));
#440415=CARTESIAN_POINT('Origin',(131.855328356864,-34.0483049458251,9.55999999999989));
#440416=CARTESIAN_POINT('',(132.605328356864,-34.0483049458251,7.55999999999989));
#440417=CARTESIAN_POINT('Origin',(131.855328356864,-34.0483049458251,7.55999999999989));
#440418=CARTESIAN_POINT('',(132.605328356864,-34.0483049458251,9.55999999999989));
#440419=CARTESIAN_POINT('Origin',(145.327123228659,-13.4830162181662,9.55999999999989));
#440420=CARTESIAN_POINT('',(146.077123228659,-13.4830162181662,7.55999999999989));
#440421=CARTESIAN_POINT('Origin',(145.327123228659,-13.4830162181662,7.55999999999989));
#440422=CARTESIAN_POINT('',(146.077123228659,-13.4830162181662,9.55999999999989));
#440423=CARTESIAN_POINT('Origin',(152.088661690198,-35.9830162181662,9.55999999999989));
#440424=CARTESIAN_POINT('',(152.838661690198,-35.9830162181662,7.55999999999989));
#440425=CARTESIAN_POINT('Origin',(152.088661690198,-35.9830162181662,7.55999999999989));
#440426=CARTESIAN_POINT('',(152.838661690198,-35.9830162181662,9.55999999999989));
#440427=CARTESIAN_POINT('Origin',(120.521995023531,-11.5483049458251,9.55999999999989));
#440428=CARTESIAN_POINT('',(121.271995023531,-11.5483049458251,7.55999999999989));
#440429=CARTESIAN_POINT('Origin',(120.521995023531,-11.5483049458251,7.55999999999989));
#440430=CARTESIAN_POINT('',(121.271995023531,-11.5483049458251,9.55999999999989));
#440431=CARTESIAN_POINT('Origin',(136.311738613275,-35.9830162181662,9.55999999999989));
#440432=CARTESIAN_POINT('',(137.061738613275,-35.9830162181662,7.55999999999989));
#440433=CARTESIAN_POINT('Origin',(136.311738613275,-35.9830162181662,7.55999999999989));
#440434=CARTESIAN_POINT('',(137.061738613275,-35.9830162181662,9.55999999999989));
#440435=CARTESIAN_POINT('Origin',(140.819430920967,-28.4830162181662,9.55999999999989));
#440436=CARTESIAN_POINT('',(141.569430920967,-28.4830162181662,7.55999999999989));
#440437=CARTESIAN_POINT('Origin',(140.819430920967,-28.4830162181662,7.55999999999989));
#440438=CARTESIAN_POINT('',(141.569430920967,-28.4830162181662,9.55999999999989));
#440439=CARTESIAN_POINT('Origin',(131.804046305582,-13.4830162181662,9.55999999999989));
#440440=CARTESIAN_POINT('',(132.554046305582,-13.4830162181662,7.55999999999989));
#440441=CARTESIAN_POINT('Origin',(131.804046305582,-13.4830162181662,7.55999999999989));
#440442=CARTESIAN_POINT('',(132.554046305582,-13.4830162181662,9.55999999999989));
#440443=CARTESIAN_POINT('Origin',(136.388661690198,-34.0483049458251,9.55999999999989));
#440444=CARTESIAN_POINT('',(137.138661690198,-34.0483049458251,7.55999999999989));
#440445=CARTESIAN_POINT('Origin',(136.388661690198,-34.0483049458251,7.55999999999989));
#440446=CARTESIAN_POINT('',(137.138661690198,-34.0483049458251,9.55999999999989));
#440447=CARTESIAN_POINT('Origin',(145.455328356864,-19.0483049458251,9.55999999999989));
#440448=CARTESIAN_POINT('',(146.205328356864,-19.0483049458251,7.55999999999989));
#440449=CARTESIAN_POINT('Origin',(145.455328356864,-19.0483049458251,7.55999999999989));
#440450=CARTESIAN_POINT('',(146.205328356864,-19.0483049458251,9.55999999999989));
#440451=CARTESIAN_POINT('Origin',(129.550200151736,-20.9830162181662,9.55999999999989));
#440452=CARTESIAN_POINT('',(130.300200151736,-20.9830162181662,7.55999999999989));
#440453=CARTESIAN_POINT('Origin',(129.550200151736,-20.9830162181662,7.55999999999989));
#440454=CARTESIAN_POINT('',(130.300200151736,-20.9830162181662,9.55999999999989));
#440455=CARTESIAN_POINT('Origin',(125.055328356864,-34.0483049458251,9.55999999999989));
#440456=CARTESIAN_POINT('',(125.805328356864,-34.0483049458251,7.55999999999989));
#440457=CARTESIAN_POINT('Origin',(125.055328356864,-34.0483049458251,7.55999999999989));
#440458=CARTESIAN_POINT('',(125.805328356864,-34.0483049458251,9.55999999999989));
#440459=CARTESIAN_POINT('Origin',(138.655328356864,-11.5483049458251,9.55999999999989));
#440460=CARTESIAN_POINT('',(139.405328356864,-11.5483049458251,7.55999999999989));
#440461=CARTESIAN_POINT('Origin',(138.655328356864,-11.5483049458251,7.55999999999989));
#440462=CARTESIAN_POINT('',(139.405328356864,-11.5483049458251,9.55999999999989));
#440463=CARTESIAN_POINT('Origin',(125.042507844044,-13.4830162181662,9.55999999999989));
#440464=CARTESIAN_POINT('',(125.792507844044,-13.4830162181662,7.55999999999989));
#440465=CARTESIAN_POINT('Origin',(125.042507844044,-13.4830162181662,7.55999999999989));
#440466=CARTESIAN_POINT('',(125.792507844044,-13.4830162181662,9.55999999999989));
#440467=CARTESIAN_POINT('Origin',(129.588661690198,-34.0483049458251,9.55999999999989));
#440468=CARTESIAN_POINT('',(130.338661690198,-34.0483049458251,7.55999999999989));
#440469=CARTESIAN_POINT('Origin',(129.588661690198,-34.0483049458251,7.55999999999989));
#440470=CARTESIAN_POINT('',(130.338661690198,-34.0483049458251,9.55999999999989));
#440471=CARTESIAN_POINT('Origin',(137.191664945092,-3.46797437564748,9.55999999999989));
#440472=CARTESIAN_POINT('',(137.941664945092,-3.46797437564748,7.55999999999989));
#440473=CARTESIAN_POINT('Origin',(137.191664945092,-3.46797437564748,7.55999999999989));
#440474=CARTESIAN_POINT('',(137.941664945092,-3.46797437564748,9.55999999999989));
#440475=CARTESIAN_POINT('Origin',(151.505950659377,-5.91797437564748,9.55999999999989));
#440476=CARTESIAN_POINT('',(152.255950659377,-5.91797437564748,7.55999999999989));
#440477=CARTESIAN_POINT('Origin',(151.505950659377,-5.91797437564748,7.55999999999989));
#440478=CARTESIAN_POINT('',(152.255950659377,-5.91797437564748,9.55999999999989));
#440479=CARTESIAN_POINT('Origin',(127.648807802235,-3.46797437564748,9.55999999999989));
#440480=CARTESIAN_POINT('',(128.398807802235,-3.46797437564748,7.55999999999989));
#440481=CARTESIAN_POINT('Origin',(127.648807802235,-3.46797437564748,7.55999999999989));
#440482=CARTESIAN_POINT('',(128.398807802235,-3.46797437564748,9.55999999999989));
#440483=CARTESIAN_POINT('Origin',(129.588661690198,-26.5483049458251,9.55999999999989));
#440484=CARTESIAN_POINT('',(130.338661690198,-26.5483049458251,7.55999999999989));
#440485=CARTESIAN_POINT('Origin',(129.588661690198,-26.5483049458251,7.55999999999989));
#440486=CARTESIAN_POINT('',(130.338661690198,-26.5483049458251,9.55999999999989));
#440487=CARTESIAN_POINT('Origin',(149.120236373663,-3.46797437564748,9.55999999999989));
#440488=CARTESIAN_POINT('',(149.870236373663,-3.46797437564748,7.55999999999989));
#440489=CARTESIAN_POINT('Origin',(149.120236373663,-3.46797437564748,7.55999999999989));
#440490=CARTESIAN_POINT('',(149.870236373663,-3.46797437564748,9.55999999999989));
#440491=CARTESIAN_POINT('Origin',(153.891664945092,-5.91797437564748,9.55999999999989));
#440492=CARTESIAN_POINT('',(154.641664945092,-5.91797437564748,7.55999999999989));
#440493=CARTESIAN_POINT('Origin',(153.891664945092,-5.91797437564748,7.55999999999989));
#440494=CARTESIAN_POINT('',(154.641664945092,-5.91797437564748,9.55999999999989));
#440495=CARTESIAN_POINT('Origin',(122.788661690198,-35.9830162181662,9.55999999999989));
#440496=CARTESIAN_POINT('',(123.538661690198,-35.9830162181662,7.55999999999989));
#440497=CARTESIAN_POINT('Origin',(122.788661690198,-35.9830162181662,7.55999999999989));
#440498=CARTESIAN_POINT('',(123.538661690198,-35.9830162181662,9.55999999999989));
#440499=CARTESIAN_POINT('Origin',(149.120236373663,-5.91797437564748,9.55999999999989));
#440500=CARTESIAN_POINT('',(149.870236373663,-5.91797437564748,7.55999999999989));
#440501=CARTESIAN_POINT('Origin',(149.120236373663,-5.91797437564748,7.55999999999989));
#440502=CARTESIAN_POINT('',(149.870236373663,-5.91797437564748,9.55999999999989));
#440503=CARTESIAN_POINT('Origin',(145.455328356864,-34.0483049458251,9.55999999999989));
#440504=CARTESIAN_POINT('',(146.205328356864,-34.0483049458251,7.55999999999989));
#440505=CARTESIAN_POINT('Origin',(145.455328356864,-34.0483049458251,7.55999999999989));
#440506=CARTESIAN_POINT('',(146.205328356864,-34.0483049458251,9.55999999999989));
#440507=CARTESIAN_POINT('Origin',(152.088661690198,-20.9830162181662,9.55999999999989));
#440508=CARTESIAN_POINT('',(152.838661690198,-20.9830162181662,7.55999999999989));
#440509=CARTESIAN_POINT('Origin',(152.088661690198,-20.9830162181662,7.55999999999989));
#440510=CARTESIAN_POINT('',(152.838661690198,-20.9830162181662,9.55999999999989));
#440511=CARTESIAN_POINT('Origin',(122.877379230806,-5.91797437564748,9.55999999999989));
#440512=CARTESIAN_POINT('',(123.627379230806,-5.91797437564748,7.55999999999989));
#440513=CARTESIAN_POINT('Origin',(122.877379230806,-5.91797437564748,7.55999999999989));
#440514=CARTESIAN_POINT('',(123.627379230806,-5.91797437564748,9.55999999999989));
#440515=CARTESIAN_POINT('Origin',(141.96309351652,-5.91797437564748,9.55999999999989));
#440516=CARTESIAN_POINT('',(142.71309351652,-5.91797437564748,7.55999999999989));
#440517=CARTESIAN_POINT('Origin',(141.96309351652,-5.91797437564748,7.55999999999989));
#440518=CARTESIAN_POINT('',(142.71309351652,-5.91797437564748,9.55999999999989));
#440519=CARTESIAN_POINT('Origin',(151.505950659377,-3.46797437564748,9.55999999999989));
#440520=CARTESIAN_POINT('',(152.255950659377,-3.46797437564748,7.55999999999989));
#440521=CARTESIAN_POINT('Origin',(151.505950659377,-3.46797437564748,7.55999999999989));
#440522=CARTESIAN_POINT('',(152.255950659377,-3.46797437564748,9.55999999999989));
#440523=CARTESIAN_POINT('Origin',(153.891664945092,-3.46797437564748,9.55999999999989));
#440524=CARTESIAN_POINT('',(154.641664945092,-3.46797437564748,7.55999999999989));
#440525=CARTESIAN_POINT('Origin',(153.891664945092,-3.46797437564748,7.55999999999989));
#440526=CARTESIAN_POINT('',(154.641664945092,-3.46797437564748,9.55999999999989));
#440527=CARTESIAN_POINT('Origin',(146.734522087949,-5.91797437564748,9.55999999999989));
#440528=CARTESIAN_POINT('',(147.484522087949,-5.91797437564748,7.55999999999989));
#440529=CARTESIAN_POINT('Origin',(146.734522087949,-5.91797437564748,7.55999999999989));
#440530=CARTESIAN_POINT('',(147.484522087949,-5.91797437564748,9.55999999999989));
#440531=CARTESIAN_POINT('Origin',(120.491664945092,-3.46797437564748,9.55999999999989));
#440532=CARTESIAN_POINT('',(121.241664945092,-3.46797437564748,7.55999999999989));
#440533=CARTESIAN_POINT('Origin',(120.491664945092,-3.46797437564748,7.55999999999989));
#440534=CARTESIAN_POINT('',(121.241664945092,-3.46797437564748,9.55999999999989));
#440535=CARTESIAN_POINT('Origin',(152.088661690198,-28.4830162181662,9.55999999999989));
#440536=CARTESIAN_POINT('',(152.838661690198,-28.4830162181662,7.55999999999989));
#440537=CARTESIAN_POINT('Origin',(152.088661690198,-28.4830162181662,7.55999999999989));
#440538=CARTESIAN_POINT('',(152.838661690198,-28.4830162181662,9.55999999999989));
#440539=CARTESIAN_POINT('Origin',(140.819430920967,-20.9830162181662,9.55999999999989));
#440540=CARTESIAN_POINT('',(141.569430920967,-20.9830162181662,7.55999999999989));
#440541=CARTESIAN_POINT('Origin',(140.819430920967,-20.9830162181662,7.55999999999989));
#440542=CARTESIAN_POINT('',(141.569430920967,-20.9830162181662,9.55999999999989));
#440543=CARTESIAN_POINT('Origin',(134.057892459428,-13.4830162181662,9.55999999999989));
#440544=CARTESIAN_POINT('',(134.807892459428,-13.4830162181662,7.55999999999989));
#440545=CARTESIAN_POINT('Origin',(134.057892459428,-13.4830162181662,7.55999999999989));
#440546=CARTESIAN_POINT('',(134.807892459428,-13.4830162181662,9.55999999999989));
#440547=CARTESIAN_POINT('Origin',(143.073277074813,-28.4830162181662,9.55999999999989));
#440548=CARTESIAN_POINT('',(143.823277074813,-28.4830162181662,7.55999999999989));
#440549=CARTESIAN_POINT('Origin',(143.073277074813,-28.4830162181662,7.55999999999989));
#440550=CARTESIAN_POINT('',(143.823277074813,-28.4830162181662,9.55999999999989));
#440551=CARTESIAN_POINT('Origin',(143.188661690198,-34.0483049458251,9.55999999999989));
#440552=CARTESIAN_POINT('',(143.938661690198,-34.0483049458251,7.55999999999989));
#440553=CARTESIAN_POINT('Origin',(143.188661690198,-34.0483049458251,7.55999999999989));
#440554=CARTESIAN_POINT('',(143.938661690198,-34.0483049458251,9.55999999999989));
#440555=CARTESIAN_POINT('Origin',(152.255328356864,-26.5483049458251,9.55999999999989));
#440556=CARTESIAN_POINT('',(153.005328356864,-26.5483049458251,7.55999999999989));
#440557=CARTESIAN_POINT('Origin',(152.255328356864,-26.5483049458251,7.55999999999989));
#440558=CARTESIAN_POINT('',(153.005328356864,-26.5483049458251,9.55999999999989));
#440559=CARTESIAN_POINT('Origin',(147.721995023531,-19.0483049458251,9.55999999999989));
#440560=CARTESIAN_POINT('',(148.471995023531,-19.0483049458251,7.55999999999989));
#440561=CARTESIAN_POINT('Origin',(147.721995023531,-19.0483049458251,7.55999999999989));
#440562=CARTESIAN_POINT('',(148.471995023531,-19.0483049458251,9.55999999999989));
#440563=CARTESIAN_POINT('Origin',(140.819430920967,-35.9830162181662,9.55999999999989));
#440564=CARTESIAN_POINT('',(141.569430920967,-35.9830162181662,7.55999999999989));
#440565=CARTESIAN_POINT('Origin',(140.819430920967,-35.9830162181662,7.55999999999989));
#440566=CARTESIAN_POINT('',(141.569430920967,-35.9830162181662,9.55999999999989));
#440567=CARTESIAN_POINT('Origin',(147.580969382505,-28.4830162181662,9.55999999999989));
#440568=CARTESIAN_POINT('',(148.330969382505,-28.4830162181662,7.55999999999989));
#440569=CARTESIAN_POINT('Origin',(147.580969382505,-28.4830162181662,7.55999999999989));
#440570=CARTESIAN_POINT('',(148.330969382505,-28.4830162181662,9.55999999999989));
#440571=CARTESIAN_POINT('Origin',(134.057892459428,-35.9830162181662,9.55999999999989));
#440572=CARTESIAN_POINT('',(134.807892459428,-35.9830162181662,7.55999999999989));
#440573=CARTESIAN_POINT('Origin',(134.057892459428,-35.9830162181662,7.55999999999989));
#440574=CARTESIAN_POINT('',(134.807892459428,-35.9830162181662,9.55999999999989));
#440575=CARTESIAN_POINT('Origin',(131.804046305582,-20.9830162181662,9.55999999999989));
#440576=CARTESIAN_POINT('',(132.554046305582,-20.9830162181662,7.55999999999989));
#440577=CARTESIAN_POINT('Origin',(131.804046305582,-20.9830162181662,7.55999999999989));
#440578=CARTESIAN_POINT('',(132.554046305582,-20.9830162181662,9.55999999999989));
#440579=CARTESIAN_POINT('Origin',(145.327123228659,-20.9830162181662,9.55999999999989));
#440580=CARTESIAN_POINT('',(146.077123228659,-20.9830162181662,7.55999999999989));
#440581=CARTESIAN_POINT('Origin',(145.327123228659,-20.9830162181662,7.55999999999989));
#440582=CARTESIAN_POINT('',(146.077123228659,-20.9830162181662,9.55999999999989));
#440583=CARTESIAN_POINT('Origin',(147.721995023531,-34.0483049458251,9.55999999999989));
#440584=CARTESIAN_POINT('',(148.471995023531,-34.0483049458251,7.55999999999989));
#440585=CARTESIAN_POINT('Origin',(147.721995023531,-34.0483049458251,7.55999999999989));
#440586=CARTESIAN_POINT('',(148.471995023531,-34.0483049458251,9.55999999999989));
#440587=CARTESIAN_POINT('Origin',(132.420236373663,-3.46797437564748,9.55999999999989));
#440588=CARTESIAN_POINT('',(133.170236373663,-3.46797437564748,7.55999999999989));
#440589=CARTESIAN_POINT('Origin',(132.420236373663,-3.46797437564748,7.55999999999989));
#440590=CARTESIAN_POINT('',(133.170236373663,-3.46797437564748,9.55999999999989));
#440591=CARTESIAN_POINT('Origin',(127.29635399789,-20.9830162181662,9.55999999999989));
#440592=CARTESIAN_POINT('',(128.04635399789,-20.9830162181662,7.55999999999989));
#440593=CARTESIAN_POINT('Origin',(127.29635399789,-20.9830162181662,7.55999999999989));
#440594=CARTESIAN_POINT('',(128.04635399789,-20.9830162181662,9.55999999999989));
#440595=CARTESIAN_POINT('Origin',(134.121995023531,-11.5483049458251,9.55999999999989));
#440596=CARTESIAN_POINT('',(134.871995023531,-11.5483049458251,7.55999999999989));
#440597=CARTESIAN_POINT('Origin',(134.121995023531,-11.5483049458251,7.55999999999989));
#440598=CARTESIAN_POINT('',(134.871995023531,-11.5483049458251,9.55999999999989));
#440599=CARTESIAN_POINT('Origin',(144.348807802235,-1.01797437564748,9.55999999999989));
#440600=CARTESIAN_POINT('',(145.098807802235,-1.01797437564748,7.55999999999989));
#440601=CARTESIAN_POINT('Origin',(144.348807802235,-1.01797437564748,7.55999999999989));
#440602=CARTESIAN_POINT('',(145.098807802235,-1.01797437564748,9.55999999999989));
#440603=CARTESIAN_POINT('Origin',(120.491664945092,-1.01797437564748,9.55999999999989));
#440604=CARTESIAN_POINT('',(121.241664945092,-1.01797437564748,7.55999999999989));
#440605=CARTESIAN_POINT('Origin',(120.491664945092,-1.01797437564748,7.55999999999989));
#440606=CARTESIAN_POINT('',(121.241664945092,-1.01797437564748,9.55999999999989));
#440607=CARTESIAN_POINT('Origin',(152.255328356864,-19.0483049458251,9.55999999999989));
#440608=CARTESIAN_POINT('',(153.005328356864,-19.0483049458251,7.55999999999989));
#440609=CARTESIAN_POINT('Origin',(152.255328356864,-19.0483049458251,7.55999999999989));
#440610=CARTESIAN_POINT('',(153.005328356864,-19.0483049458251,9.55999999999989));
#440611=CARTESIAN_POINT('Origin',(138.655328356864,-19.0483049458251,9.55999999999989));
#440612=CARTESIAN_POINT('',(139.405328356864,-19.0483049458251,7.55999999999989));
#440613=CARTESIAN_POINT('Origin',(138.655328356864,-19.0483049458251,7.55999999999989));
#440614=CARTESIAN_POINT('',(139.405328356864,-19.0483049458251,9.55999999999989));
#440615=CARTESIAN_POINT('Origin',(131.804046305582,-35.9830162181662,9.55999999999989));
#440616=CARTESIAN_POINT('',(132.554046305582,-35.9830162181662,7.55999999999989));
#440617=CARTESIAN_POINT('Origin',(131.804046305582,-35.9830162181662,7.55999999999989));
#440618=CARTESIAN_POINT('',(132.554046305582,-35.9830162181662,9.55999999999989));
#440619=CARTESIAN_POINT('Origin',(127.29635399789,-35.9830162181662,9.55999999999989));
#440620=CARTESIAN_POINT('',(128.04635399789,-35.9830162181662,7.55999999999989));
#440621=CARTESIAN_POINT('Origin',(127.29635399789,-35.9830162181662,7.55999999999989));
#440622=CARTESIAN_POINT('',(128.04635399789,-35.9830162181662,9.55999999999989));
#440623=CARTESIAN_POINT('Origin',(145.327123228659,-35.9830162181662,9.55999999999989));
#440624=CARTESIAN_POINT('',(146.077123228659,-35.9830162181662,7.55999999999989));
#440625=CARTESIAN_POINT('Origin',(145.327123228659,-35.9830162181662,7.55999999999989));
#440626=CARTESIAN_POINT('',(146.077123228659,-35.9830162181662,9.55999999999989));
#440627=CARTESIAN_POINT('Origin',(127.321995023531,-11.5483049458251,9.55999999999989));
#440628=CARTESIAN_POINT('',(128.071995023531,-11.5483049458251,7.55999999999989));
#440629=CARTESIAN_POINT('Origin',(127.321995023531,-11.5483049458251,7.55999999999989));
#440630=CARTESIAN_POINT('',(128.071995023531,-11.5483049458251,9.55999999999989));
#440631=CARTESIAN_POINT('Origin',(140.921995023531,-19.0483049458251,9.55999999999989));
#440632=CARTESIAN_POINT('',(141.671995023531,-19.0483049458251,7.55999999999989));
#440633=CARTESIAN_POINT('Origin',(140.921995023531,-19.0483049458251,7.55999999999989));
#440634=CARTESIAN_POINT('',(141.671995023531,-19.0483049458251,9.55999999999989));
#440635=CARTESIAN_POINT('Origin',(143.188661690198,-26.5483049458251,9.55999999999989));
#440636=CARTESIAN_POINT('',(143.938661690198,-26.5483049458251,7.55999999999989));
#440637=CARTESIAN_POINT('Origin',(143.188661690198,-26.5483049458251,7.55999999999989));
#440638=CARTESIAN_POINT('',(143.938661690198,-26.5483049458251,9.55999999999989));
#440639=CARTESIAN_POINT('Origin',(147.721995023531,-11.5483049458251,9.55999999999989));
#440640=CARTESIAN_POINT('',(148.471995023531,-11.5483049458251,7.55999999999989));
#440641=CARTESIAN_POINT('Origin',(147.721995023531,-11.5483049458251,7.55999999999989));
#440642=CARTESIAN_POINT('',(148.471995023531,-11.5483049458251,9.55999999999989));
#440643=CARTESIAN_POINT('Origin',(129.550200151736,-13.4830162181662,9.55999999999989));
#440644=CARTESIAN_POINT('',(130.300200151736,-13.4830162181662,7.55999999999989));
#440645=CARTESIAN_POINT('Origin',(129.550200151736,-13.4830162181662,7.55999999999989));
#440646=CARTESIAN_POINT('',(130.300200151736,-13.4830162181662,9.55999999999989));
#440647=CARTESIAN_POINT('Origin',(140.921995023531,-11.5483049458251,9.55999999999989));
#440648=CARTESIAN_POINT('',(141.671995023531,-11.5483049458251,7.55999999999989));
#440649=CARTESIAN_POINT('Origin',(140.921995023531,-11.5483049458251,7.55999999999989));
#440650=CARTESIAN_POINT('',(141.671995023531,-11.5483049458251,9.55999999999989));
#440651=CARTESIAN_POINT('Origin',(134.057892459428,-28.4830162181662,9.55999999999989));
#440652=CARTESIAN_POINT('',(134.807892459428,-28.4830162181662,7.55999999999989));
#440653=CARTESIAN_POINT('Origin',(134.057892459428,-28.4830162181662,7.55999999999989));
#440654=CARTESIAN_POINT('',(134.807892459428,-28.4830162181662,9.55999999999989));
#440655=CARTESIAN_POINT('Origin',(131.855328356864,-11.5483049458251,9.55999999999989));
#440656=CARTESIAN_POINT('',(132.605328356864,-11.5483049458251,7.55999999999989));
#440657=CARTESIAN_POINT('Origin',(131.855328356864,-11.5483049458251,7.55999999999989));
#440658=CARTESIAN_POINT('',(132.605328356864,-11.5483049458251,9.55999999999989));
#440659=CARTESIAN_POINT('Origin',(129.588661690198,-11.5483049458251,9.55999999999989));
#440660=CARTESIAN_POINT('',(130.338661690198,-11.5483049458251,7.55999999999989));
#440661=CARTESIAN_POINT('Origin',(129.588661690198,-11.5483049458251,7.55999999999989));
#440662=CARTESIAN_POINT('',(130.338661690198,-11.5483049458251,9.55999999999989));
#440663=CARTESIAN_POINT('Origin',(134.121995023531,-19.0483049458251,9.55999999999989));
#440664=CARTESIAN_POINT('',(134.871995023531,-19.0483049458251,7.55999999999989));
#440665=CARTESIAN_POINT('Origin',(134.121995023531,-19.0483049458251,7.55999999999989));
#440666=CARTESIAN_POINT('',(134.871995023531,-19.0483049458251,9.55999999999989));
#440667=CARTESIAN_POINT('Origin',(147.580969382505,-13.4830162181662,9.55999999999989));
#440668=CARTESIAN_POINT('',(148.330969382505,-13.4830162181662,7.55999999999989));
#440669=CARTESIAN_POINT('Origin',(147.580969382505,-13.4830162181662,7.55999999999989));
#440670=CARTESIAN_POINT('',(148.330969382505,-13.4830162181662,9.55999999999989));
#440671=CARTESIAN_POINT('Origin',(125.055328356864,-19.0483049458251,9.55999999999989));
#440672=CARTESIAN_POINT('',(125.805328356864,-19.0483049458251,7.55999999999989));
#440673=CARTESIAN_POINT('Origin',(125.055328356864,-19.0483049458251,7.55999999999989));
#440674=CARTESIAN_POINT('',(125.805328356864,-19.0483049458251,9.55999999999989));
#440675=CARTESIAN_POINT('Origin',(125.26309351652,-3.46797437564748,9.55999999999989));
#440676=CARTESIAN_POINT('',(126.01309351652,-3.46797437564748,7.55999999999989));
#440677=CARTESIAN_POINT('Origin',(125.26309351652,-3.46797437564748,7.55999999999989));
#440678=CARTESIAN_POINT('',(126.01309351652,-3.46797437564748,9.55999999999989));
#440679=CARTESIAN_POINT('Origin',(151.505950659377,-1.01797437564748,9.55999999999989));
#440680=CARTESIAN_POINT('',(152.255950659377,-1.01797437564748,7.55999999999989));
#440681=CARTESIAN_POINT('Origin',(151.505950659377,-1.01797437564748,7.55999999999989));
#440682=CARTESIAN_POINT('',(152.255950659377,-1.01797437564748,9.55999999999989));
#440683=CARTESIAN_POINT('Origin',(125.26309351652,-1.01797437564748,9.55999999999989));
#440684=CARTESIAN_POINT('',(126.01309351652,-1.01797437564748,7.55999999999989));
#440685=CARTESIAN_POINT('Origin',(125.26309351652,-1.01797437564748,7.55999999999989));
#440686=CARTESIAN_POINT('',(126.01309351652,-1.01797437564748,9.55999999999989));
#440687=CARTESIAN_POINT('Origin',(122.877379230806,-3.46797437564748,9.55999999999989));
#440688=CARTESIAN_POINT('',(123.627379230806,-3.46797437564748,7.55999999999989));
#440689=CARTESIAN_POINT('Origin',(122.877379230806,-3.46797437564748,7.55999999999989));
#440690=CARTESIAN_POINT('',(123.627379230806,-3.46797437564748,9.55999999999989));
#440691=CARTESIAN_POINT('Origin',(145.455328356864,-11.5483049458251,9.55999999999989));
#440692=CARTESIAN_POINT('',(146.205328356864,-11.5483049458251,7.55999999999989));
#440693=CARTESIAN_POINT('Origin',(145.455328356864,-11.5483049458251,7.55999999999989));
#440694=CARTESIAN_POINT('',(146.205328356864,-11.5483049458251,9.55999999999989));
#440695=CARTESIAN_POINT('Origin',(149.834815536352,-13.4830162181662,9.55999999999989));
#440696=CARTESIAN_POINT('',(150.584815536352,-13.4830162181662,7.55999999999989));
#440697=CARTESIAN_POINT('Origin',(149.834815536352,-13.4830162181662,7.55999999999989));
#440698=CARTESIAN_POINT('',(150.584815536352,-13.4830162181662,9.55999999999989));
#440699=CARTESIAN_POINT('Origin',(147.721995023531,-26.5483049458251,9.55999999999989));
#440700=CARTESIAN_POINT('',(148.471995023531,-26.5483049458251,7.55999999999989));
#440701=CARTESIAN_POINT('Origin',(147.721995023531,-26.5483049458251,7.55999999999989));
#440702=CARTESIAN_POINT('',(148.471995023531,-26.5483049458251,9.55999999999989));
#440703=CARTESIAN_POINT('Origin',(122.788661690198,-26.5483049458251,9.55999999999989));
#440704=CARTESIAN_POINT('',(123.538661690198,-26.5483049458251,7.55999999999989));
#440705=CARTESIAN_POINT('Origin',(122.788661690198,-26.5483049458251,7.55999999999989));
#440706=CARTESIAN_POINT('',(123.538661690198,-26.5483049458251,9.55999999999989));
#440707=CARTESIAN_POINT('Origin',(137.191664945092,-1.01797437564748,9.55999999999989));
#440708=CARTESIAN_POINT('',(137.941664945092,-1.01797437564748,7.55999999999989));
#440709=CARTESIAN_POINT('Origin',(137.191664945092,-1.01797437564748,7.55999999999989));
#440710=CARTESIAN_POINT('',(137.941664945092,-1.01797437564748,9.55999999999989));
#440711=CARTESIAN_POINT('Origin',(125.055328356864,-26.5483049458251,9.55999999999989));
#440712=CARTESIAN_POINT('',(125.805328356864,-26.5483049458251,7.55999999999989));
#440713=CARTESIAN_POINT('Origin',(125.055328356864,-26.5483049458251,7.55999999999989));
#440714=CARTESIAN_POINT('',(125.805328356864,-26.5483049458251,9.55999999999989));
#440715=CARTESIAN_POINT('Origin',(143.073277074813,-20.9830162181662,9.55999999999989));
#440716=CARTESIAN_POINT('',(143.823277074813,-20.9830162181662,7.55999999999989));
#440717=CARTESIAN_POINT('Origin',(143.073277074813,-20.9830162181662,7.55999999999989));
#440718=CARTESIAN_POINT('',(143.823277074813,-20.9830162181662,9.55999999999989));
#440719=CARTESIAN_POINT('Origin',(131.855328356864,-26.5483049458251,9.55999999999989));
#440720=CARTESIAN_POINT('',(132.605328356864,-26.5483049458251,7.55999999999989));
#440721=CARTESIAN_POINT('Origin',(131.855328356864,-26.5483049458251,7.55999999999989));
#440722=CARTESIAN_POINT('',(132.605328356864,-26.5483049458251,9.55999999999989));
#440723=CARTESIAN_POINT('Origin',(152.088661690198,-13.4830162181662,9.55999999999989));
#440724=CARTESIAN_POINT('',(152.838661690198,-13.4830162181662,7.55999999999989));
#440725=CARTESIAN_POINT('Origin',(152.088661690198,-13.4830162181662,7.55999999999989));
#440726=CARTESIAN_POINT('',(152.838661690198,-13.4830162181662,9.55999999999989));
#440727=CARTESIAN_POINT('Origin',(130.034522087949,-3.46797437564748,9.55999999999989));
#440728=CARTESIAN_POINT('',(130.784522087949,-3.46797437564748,7.55999999999989));
#440729=CARTESIAN_POINT('Origin',(130.034522087949,-3.46797437564748,7.55999999999989));
#440730=CARTESIAN_POINT('',(130.784522087949,-3.46797437564748,9.55999999999989));
#440731=CARTESIAN_POINT('Origin',(138.565584767121,-35.9830162181662,9.55999999999989));
#440732=CARTESIAN_POINT('',(139.315584767121,-35.9830162181662,7.55999999999989));
#440733=CARTESIAN_POINT('Origin',(138.565584767121,-35.9830162181662,7.55999999999989));
#440734=CARTESIAN_POINT('',(139.315584767121,-35.9830162181662,9.55999999999989));
#440735=CARTESIAN_POINT('Origin',(127.321995023531,-34.0483049458251,9.55999999999989));
#440736=CARTESIAN_POINT('',(128.071995023531,-34.0483049458251,7.55999999999989));
#440737=CARTESIAN_POINT('Origin',(127.321995023531,-34.0483049458251,7.55999999999989));
#440738=CARTESIAN_POINT('',(128.071995023531,-34.0483049458251,9.55999999999989));
#440739=CARTESIAN_POINT('Origin',(136.388661690198,-11.5483049458251,9.55999999999989));
#440740=CARTESIAN_POINT('',(137.138661690198,-11.5483049458251,7.55999999999989));
#440741=CARTESIAN_POINT('Origin',(136.388661690198,-11.5483049458251,7.55999999999989));
#440742=CARTESIAN_POINT('',(137.138661690198,-11.5483049458251,9.55999999999989));
#440743=CARTESIAN_POINT('Origin',(149.988661690198,-11.5483049458251,9.55999999999989));
#440744=CARTESIAN_POINT('',(150.738661690198,-11.5483049458251,7.55999999999989));
#440745=CARTESIAN_POINT('Origin',(149.988661690198,-11.5483049458251,7.55999999999989));
#440746=CARTESIAN_POINT('',(150.738661690198,-11.5483049458251,9.55999999999989));
#440747=CARTESIAN_POINT('Origin',(138.655328356864,-34.0483049458251,9.55999999999989));
#440748=CARTESIAN_POINT('',(139.405328356864,-34.0483049458251,7.55999999999989));
#440749=CARTESIAN_POINT('Origin',(138.655328356864,-34.0483049458251,7.55999999999989));
#440750=CARTESIAN_POINT('',(139.405328356864,-34.0483049458251,9.55999999999989));
#440751=CARTESIAN_POINT('Origin',(132.420236373663,-1.01797437564748,9.55999999999989));
#440752=CARTESIAN_POINT('',(133.170236373663,-1.01797437564748,7.55999999999989));
#440753=CARTESIAN_POINT('Origin',(132.420236373663,-1.01797437564748,7.55999999999989));
#440754=CARTESIAN_POINT('',(133.170236373663,-1.01797437564748,9.55999999999989));
#440755=CARTESIAN_POINT('Origin',(127.321995023531,-26.5483049458251,9.55999999999989));
#440756=CARTESIAN_POINT('',(128.071995023531,-26.5483049458251,7.55999999999989));
#440757=CARTESIAN_POINT('Origin',(127.321995023531,-26.5483049458251,7.55999999999989));
#440758=CARTESIAN_POINT('',(128.071995023531,-26.5483049458251,9.55999999999989));
#440759=CARTESIAN_POINT('Origin',(136.311738613275,-28.4830162181662,9.55999999999989));
#440760=CARTESIAN_POINT('',(137.061738613275,-28.4830162181662,7.55999999999989));
#440761=CARTESIAN_POINT('Origin',(136.311738613275,-28.4830162181662,7.55999999999989));
#440762=CARTESIAN_POINT('',(137.061738613275,-28.4830162181662,9.55999999999989));
#440763=CARTESIAN_POINT('Origin',(153.891664945092,-1.01797437564748,9.55999999999989));
#440764=CARTESIAN_POINT('',(154.641664945092,-1.01797437564748,7.55999999999989));
#440765=CARTESIAN_POINT('Origin',(153.891664945092,-1.01797437564748,7.55999999999989));
#440766=CARTESIAN_POINT('',(154.641664945092,-1.01797437564748,9.55999999999989));
#440767=CARTESIAN_POINT('Origin',(127.29635399789,-13.4830162181662,9.55999999999989));
#440768=CARTESIAN_POINT('',(128.04635399789,-13.4830162181662,7.55999999999989));
#440769=CARTESIAN_POINT('Origin',(127.29635399789,-13.4830162181662,7.55999999999989));
#440770=CARTESIAN_POINT('',(128.04635399789,-13.4830162181662,9.55999999999989));
#440771=CARTESIAN_POINT('Origin',(140.921995023531,-26.5483049458251,9.55999999999989));
#440772=CARTESIAN_POINT('',(141.671995023531,-26.5483049458251,7.55999999999989));
#440773=CARTESIAN_POINT('Origin',(140.921995023531,-26.5483049458251,7.55999999999989));
#440774=CARTESIAN_POINT('',(141.671995023531,-26.5483049458251,9.55999999999989));
#440775=CARTESIAN_POINT('Origin',(149.988661690198,-34.0483049458251,9.55999999999989));
#440776=CARTESIAN_POINT('',(150.738661690198,-34.0483049458251,7.55999999999989));
#440777=CARTESIAN_POINT('Origin',(149.988661690198,-34.0483049458251,7.55999999999989));
#440778=CARTESIAN_POINT('',(150.738661690198,-34.0483049458251,9.55999999999989));
#440779=CARTESIAN_POINT('Origin',(136.388661690198,-19.0483049458251,9.55999999999989));
#440780=CARTESIAN_POINT('',(137.138661690198,-19.0483049458251,7.55999999999989));
#440781=CARTESIAN_POINT('Origin',(136.388661690198,-19.0483049458251,7.55999999999989));
#440782=CARTESIAN_POINT('',(137.138661690198,-19.0483049458251,9.55999999999989));
#440783=CARTESIAN_POINT('Origin',(125.042507844044,-20.9830162181662,9.55999999999989));
#440784=CARTESIAN_POINT('',(125.792507844044,-20.9830162181662,7.55999999999989));
#440785=CARTESIAN_POINT('Origin',(125.042507844044,-20.9830162181662,7.55999999999989));
#440786=CARTESIAN_POINT('',(125.792507844044,-20.9830162181662,9.55999999999989));
#440787=CARTESIAN_POINT('Origin',(134.805950659377,-5.91797437564748,9.55999999999989));
#440788=CARTESIAN_POINT('',(135.555950659377,-5.91797437564748,7.55999999999989));
#440789=CARTESIAN_POINT('Origin',(134.805950659377,-5.91797437564748,7.55999999999989));
#440790=CARTESIAN_POINT('',(135.555950659377,-5.91797437564748,9.55999999999989));
#440791=CARTESIAN_POINT('Origin',(139.577379230806,-3.46797437564748,9.55999999999989));
#440792=CARTESIAN_POINT('',(140.327379230806,-3.46797437564748,7.55999999999989));
#440793=CARTESIAN_POINT('Origin',(139.577379230806,-3.46797437564748,7.55999999999989));
#440794=CARTESIAN_POINT('',(140.327379230806,-3.46797437564748,9.55999999999989));
#440795=CARTESIAN_POINT('Origin',(144.348807802235,-5.91797437564748,9.55999999999989));
#440796=CARTESIAN_POINT('',(145.098807802235,-5.91797437564748,7.55999999999989));
#440797=CARTESIAN_POINT('Origin',(144.348807802235,-5.91797437564748,7.55999999999989));
#440798=CARTESIAN_POINT('',(145.098807802235,-5.91797437564748,9.55999999999989));
#440799=CARTESIAN_POINT('Origin',(125.26309351652,-5.91797437564748,9.55999999999989));
#440800=CARTESIAN_POINT('',(126.01309351652,-5.91797437564748,7.55999999999989));
#440801=CARTESIAN_POINT('Origin',(125.26309351652,-5.91797437564748,7.55999999999989));
#440802=CARTESIAN_POINT('',(126.01309351652,-5.91797437564748,9.55999999999989));
#440803=CARTESIAN_POINT('Origin',(137.191664945092,-5.91797437564748,9.55999999999989));
#440804=CARTESIAN_POINT('',(137.941664945092,-5.91797437564748,7.55999999999989));
#440805=CARTESIAN_POINT('Origin',(137.191664945092,-5.91797437564748,7.55999999999989));
#440806=CARTESIAN_POINT('',(137.941664945092,-5.91797437564748,9.55999999999989));
#440807=CARTESIAN_POINT('Origin',(130.034522087949,-5.91797437564748,9.55999999999989));
#440808=CARTESIAN_POINT('',(130.784522087949,-5.91797437564748,7.55999999999989));
#440809=CARTESIAN_POINT('Origin',(130.034522087949,-5.91797437564748,7.55999999999989));
#440810=CARTESIAN_POINT('',(130.784522087949,-5.91797437564748,9.55999999999989));
#440811=CARTESIAN_POINT('Origin',(141.96309351652,-3.46797437564748,9.55999999999989));
#440812=CARTESIAN_POINT('',(142.71309351652,-3.46797437564748,7.55999999999989));
#440813=CARTESIAN_POINT('Origin',(141.96309351652,-3.46797437564748,7.55999999999989));
#440814=CARTESIAN_POINT('',(142.71309351652,-3.46797437564748,9.55999999999989));
#440815=CARTESIAN_POINT('Origin',(125.042507844044,-28.4830162181662,9.55999999999989));
#440816=CARTESIAN_POINT('',(125.792507844044,-28.4830162181662,7.55999999999989));
#440817=CARTESIAN_POINT('Origin',(125.042507844044,-28.4830162181662,7.55999999999989));
#440818=CARTESIAN_POINT('',(125.792507844044,-28.4830162181662,9.55999999999989));
#440819=CARTESIAN_POINT('Origin',(152.255328356864,-34.0483049458251,9.55999999999989));
#440820=CARTESIAN_POINT('',(153.005328356864,-34.0483049458251,7.55999999999989));
#440821=CARTESIAN_POINT('Origin',(152.255328356864,-34.0483049458251,7.55999999999989));
#440822=CARTESIAN_POINT('',(153.005328356864,-34.0483049458251,9.55999999999989));
#440823=CARTESIAN_POINT('Origin',(134.121995023531,-34.0483049458251,9.55999999999989));
#440824=CARTESIAN_POINT('',(134.871995023531,-34.0483049458251,7.55999999999989));
#440825=CARTESIAN_POINT('Origin',(134.121995023531,-34.0483049458251,7.55999999999989));
#440826=CARTESIAN_POINT('',(134.871995023531,-34.0483049458251,9.55999999999989));
#440827=CARTESIAN_POINT('Origin',(123.75,-46.4208587362959,7.55999999999989));
#440828=CARTESIAN_POINT('',(123.75,-46.4208587362959,7.55999999999989));
#440829=CARTESIAN_POINT('',(151.25,-46.4208587362959,7.55999999999989));
#440830=CARTESIAN_POINT('',(151.25,-46.4208587362959,7.55999999999989));
#440831=CARTESIAN_POINT('',(151.25,-46.4208587362959,7.55999999999989));
#440832=CARTESIAN_POINT('',(123.75,-46.4208587362959,7.55999999999989));
#440833=CARTESIAN_POINT('Origin',(123.75,-61.9208587362959,7.55999999999989));
#440834=CARTESIAN_POINT('',(123.75,-61.9208587362959,7.55999999999989));
#440835=CARTESIAN_POINT('',(123.75,-46.4208587362959,7.55999999999989));
#440836=CARTESIAN_POINT('',(123.75,-61.9208587362959,7.55999999999989));
#440837=CARTESIAN_POINT('Origin',(151.25,-61.9208587362959,7.55999999999989));
#440838=CARTESIAN_POINT('',(151.25,-61.9208587362959,7.55999999999989));
#440839=CARTESIAN_POINT('',(123.75,-61.9208587362959,7.55999999999989));
#440840=CARTESIAN_POINT('',(151.25,-61.9208587362959,7.55999999999989));
#440841=CARTESIAN_POINT('Origin',(151.25,-46.4208587362959,7.55999999999989));
#440842=CARTESIAN_POINT('',(151.25,-61.9208587362959,7.55999999999989));
#440843=CARTESIAN_POINT('Origin',(130.25,-81.25,7.55999999999989));
#440844=CARTESIAN_POINT('',(144.75,-81.25,7.55999999999989));
#440845=CARTESIAN_POINT('',(144.75,-81.25,7.55999999999989));
#440846=CARTESIAN_POINT('Origin',(130.25,-81.25,7.55999999999989));
#440847=CARTESIAN_POINT('Origin',(137.5,-47.5,7.55999999999989));
#441017=UNCERTAINTY_MEASURE_WITH_UNIT(LENGTH_MEASURE(0.01),#441217,
'DISTANCE_ACCURACY_VALUE',
'Maximum model space distance between geometric entities at asserted c
onnectivities');
#441117=(
GEOMETRIC_REPRESENTATION_CONTEXT(3)
GLOBAL_UNCERTAINTY_ASSIGNED_CONTEXT((#441017))
GLOBAL_UNIT_ASSIGNED_CONTEXT((#441217,#441219,#441220))
REPRESENTATION_CONTEXT('','3D')
);
#441217=(
LENGTH_UNIT()
NAMED_UNIT(*)
SI_UNIT(.MILLI.,.METRE.)
);
#441219=(
NAMED_UNIT(*)
PLANE_ANGLE_UNIT()
SI_UNIT($,.RADIAN.)
);
#441220=(
NAMED_UNIT(*)
SI_UNIT($,.STERADIAN.)
SOLID_ANGLE_UNIT()
);
#442475=APPLICATION_CONTEXT('automotive design');
#442476=APPLICATION_PROTOCOL_DEFINITION('international standard','automotive_design',2000,#442475);
#442477=PRODUCT_CONTEXT('',#442475,'mechanical');
#442478=PRODUCT('Case Lid','Case Lid','',(#442477));
#442479=PRODUCT_DEFINITION_FORMATION('','',#442478);
#442480=PRODUCT_DEFINITION_CONTEXT('part definition',#442475,'design');
#442481=PRODUCT_DEFINITION('design','',#442479,#442480);
#442482=PRODUCT_DEFINITION_SHAPE('','',#442481);
#442483=ADVANCED_BREP_SHAPE_REPRESENTATION('',(#7424),#441117);
#442484=SHAPE_DEFINITION_REPRESENTATION(#442482,#442483);
#442485=PRODUCT_RELATED_PRODUCT_CATEGORY('part',$,(#442478));
ENDSEC;
END-ISO-10303-21;
